-- phpMyAdmin SQL Dump
-- version 4.9.2
-- https://www.phpmyadmin.net/
--
-- Host: 127.0.0.1:3306
-- Generation Time: Aug 03, 2020 at 04:12 AM
-- Server version: 10.4.10-MariaDB
-- PHP Version: 7.0.33

SET SQL_MODE = "NO_AUTO_VALUE_ON_ZERO";
SET AUTOCOMMIT = 0;
START TRANSACTION;
SET time_zone = "+00:00";


/*!40101 SET @OLD_CHARACTER_SET_CLIENT=@@CHARACTER_SET_CLIENT */;
/*!40101 SET @OLD_CHARACTER_SET_RESULTS=@@CHARACTER_SET_RESULTS */;
/*!40101 SET @OLD_COLLATION_CONNECTION=@@COLLATION_CONNECTION */;
/*!40101 SET NAMES utf8mb4 */;

--
-- Database: `aljoysgroup`
--

-- --------------------------------------------------------

--
-- Table structure for table `all_no_generater`
--

DROP TABLE IF EXISTS `all_no_generater`;
CREATE TABLE IF NOT EXISTS `all_no_generater` (
  `all_no_generater_id` int(11) NOT NULL AUTO_INCREMENT,
  `name` varchar(250) NOT NULL,
  `field` varchar(250) NOT NULL,
  `prefix` varchar(250) NOT NULL,
  `sufix` varchar(250) NOT NULL,
  `sequence_no` int(11) NOT NULL,
  `financial_status` tinyint(1) NOT NULL,
  `financial_beginning` tinyint(1) NOT NULL,
  `financial_before_s_no` tinyint(1) NOT NULL,
  `financial_after_s_no` tinyint(1) NOT NULL,
  `financial_end` tinyint(1) NOT NULL,
  `created_by` varchar(50) NOT NULL,
  `created_date` datetime NOT NULL,
  `updated_by` varchar(50) NOT NULL,
  `updated_date` datetime NOT NULL,
  `del_status` tinyint(4) NOT NULL DEFAULT 0,
  PRIMARY KEY (`all_no_generater_id`)
) ENGINE=MyISAM AUTO_INCREMENT=7 DEFAULT CHARSET=latin1;

--
-- Dumping data for table `all_no_generater`
--

INSERT INTO `all_no_generater` (`all_no_generater_id`, `name`, `field`, `prefix`, `sufix`, `sequence_no`, `financial_status`, `financial_beginning`, `financial_before_s_no`, `financial_after_s_no`, `financial_end`, `created_by`, `created_date`, `updated_by`, `updated_date`, `del_status`) VALUES
(1, 'Welder Ref No', 'welder_ref_no', 'DIM-', '', 347, 1, 0, 1, 0, 0, '2147484849', '0000-00-00 00:00:00', '565406348', '2017-02-11 13:14:42', 0),
(2, 'Batch Ref No', 'batch_ref_no', 'JR-', '', 353, 1, 0, 1, 0, 0, '2147484849', '0000-00-00 00:00:00', '565406348', '2016-11-11 14:37:09', 0),
(3, 'Invoice', 'in_no', '', '', 216, 0, 0, 0, 0, 0, '2147484849', '2016-03-28 22:14:36', '565406348', '2017-02-04 10:30:20', 0),
(4, 'delivery challan', 'dc_no', '', '', 3001, 0, 0, 0, 0, 0, '2147484849', '2016-03-28 22:14:36', '565406348', '2017-01-31 16:12:35', 0),
(5, 'Inspection', 'insp_no', '', '', 8803, 0, 0, 0, 0, 0, '2147484849', '2016-03-28 22:14:36', '565406348', '2016-09-06 14:38:26', 0),
(6, 'complents', 'cm_no', 'SUN/16-17/', '10016', 5, 0, 0, 0, 0, 0, '2147484849', '2016-10-27 04:15:17', '2147484849', '2016-10-27 04:15:17', 0);

-- --------------------------------------------------------

--
-- Table structure for table `ci_sessions`
--

DROP TABLE IF EXISTS `ci_sessions`;
CREATE TABLE IF NOT EXISTS `ci_sessions` (
  `id` varchar(40) NOT NULL,
  `ip_address` varchar(45) NOT NULL,
  `timestamp` int(10) UNSIGNED NOT NULL DEFAULT 0,
  `data` blob NOT NULL,
  PRIMARY KEY (`id`),
  KEY `ci_sessions_timestamp` (`timestamp`)
) ENGINE=MyISAM DEFAULT CHARSET=utf8;

--
-- Dumping data for table `ci_sessions`
--

INSERT INTO `ci_sessions` (`id`, `ip_address`, `timestamp`, `data`) VALUES
('6ca58c351e9a698d36acd4c365f49f720a377ca4', '::1', 1593239221, 0x5f5f63695f6c6173745f726567656e65726174657c693a313539333233393232313b63757272656e745f6c616e67756167657c733a373a22656e676c697368223b6964656e746974797c733a31343a226a7261647340696e666f2e636f6d223b656d61696c7c733a31343a226a7261647340696e666f2e636f6d223b757365725f69647c733a323a223131223b6f6c645f6c6173745f6c6f67696e7c733a31303a2231353933303931363234223b73745f73746f726549447c733a313a2230223b63757272656e745f62617463685f69647c4e3b),
('235ed8ff9a4e1bd15050768e0e30299f87b56253', '::1', 1593237960, 0x5f5f63695f6c6173745f726567656e65726174657c693a313539333233373936303b63757272656e745f6c616e67756167657c733a373a22656e676c697368223b6964656e746974797c733a31343a226a7261647340696e666f2e636f6d223b656d61696c7c733a31343a226a7261647340696e666f2e636f6d223b757365725f69647c733a323a223131223b6f6c645f6c6173745f6c6f67696e7c733a31303a2231353933303931363234223b73745f73746f726549447c733a313a2230223b63757272656e745f62617463685f69647c4e3b),
('87ebb02c2ba33e8dc74342708c98d8dd97ac7b2b', '::1', 1593091983, 0x5f5f63695f6c6173745f726567656e65726174657c693a313539333039313934343b63757272656e745f6c616e67756167657c733a373a22656e676c697368223b6964656e746974797c733a31343a226a7261647340696e666f2e636f6d223b656d61696c7c733a31343a226a7261647340696e666f2e636f6d223b757365725f69647c733a323a223131223b6f6c645f6c6173745f6c6f67696e7c733a31303a2231353933303739333735223b73745f73746f726549447c733a313a2230223b63757272656e745f62617463685f69647c4e3b),
('39c360ed29ee28f09cf82a5e9f69be29b673babf', '::1', 1593091944, 0x5f5f63695f6c6173745f726567656e65726174657c693a313539333039313934343b63757272656e745f6c616e67756167657c733a373a22656e676c697368223b6964656e746974797c733a31343a226a7261647340696e666f2e636f6d223b656d61696c7c733a31343a226a7261647340696e666f2e636f6d223b757365725f69647c733a323a223131223b6f6c645f6c6173745f6c6f67696e7c733a31303a2231353933303739333735223b73745f73746f726549447c733a313a2230223b63757272656e745f62617463685f69647c4e3b),
('d2f33c44fb66d4deb2a401ddcf52b831315801ec', '::1', 1593082432, 0x5f5f63695f6c6173745f726567656e65726174657c693a313539333038323239373b63757272656e745f6c616e67756167657c733a373a22656e676c697368223b6964656e746974797c733a31343a226a7261647340696e666f2e636f6d223b656d61696c7c733a31343a226a7261647340696e666f2e636f6d223b757365725f69647c733a323a223131223b6f6c645f6c6173745f6c6f67696e7c733a31303a2231353933303539353536223b73745f73746f726549447c733a313a2230223b63757272656e745f62617463685f69647c733a313a2231223b),
('a1b4709a4d02497824d5c6648aaceb228f7a0c05', '::1', 1593082297, 0x5f5f63695f6c6173745f726567656e65726174657c693a313539333038323239373b63757272656e745f6c616e67756167657c733a373a22656e676c697368223b6964656e746974797c733a31343a226a7261647340696e666f2e636f6d223b656d61696c7c733a31343a226a7261647340696e666f2e636f6d223b757365725f69647c733a323a223131223b6f6c645f6c6173745f6c6f67696e7c733a31303a2231353933303539353536223b73745f73746f726549447c733a313a2230223b63757272656e745f62617463685f69647c733a313a2231223b),
('7e75cabed680bf8d14dca8a252f291e2f664777b', '::1', 1593081951, 0x5f5f63695f6c6173745f726567656e65726174657c693a313539333038313935313b63757272656e745f6c616e67756167657c733a373a22656e676c697368223b6964656e746974797c733a31343a226a7261647340696e666f2e636f6d223b656d61696c7c733a31343a226a7261647340696e666f2e636f6d223b757365725f69647c733a323a223131223b6f6c645f6c6173745f6c6f67696e7c733a31303a2231353933303539353536223b73745f73746f726549447c733a313a2230223b63757272656e745f62617463685f69647c733a313a2231223b),
('95bdc286a78671d05e2be451dce66c5a46e6038c', '::1', 1593081631, 0x5f5f63695f6c6173745f726567656e65726174657c693a313539333038313633313b63757272656e745f6c616e67756167657c733a373a22656e676c697368223b6964656e746974797c733a31343a226a7261647340696e666f2e636f6d223b656d61696c7c733a31343a226a7261647340696e666f2e636f6d223b757365725f69647c733a323a223131223b6f6c645f6c6173745f6c6f67696e7c733a31303a2231353933303539353536223b73745f73746f726549447c733a313a2230223b63757272656e745f62617463685f69647c733a313a2231223b),
('4f13e5fc280b008bcadf388a5ade21858816ad89', '::1', 1593081326, 0x5f5f63695f6c6173745f726567656e65726174657c693a313539333038313332363b63757272656e745f6c616e67756167657c733a373a22656e676c697368223b6964656e746974797c733a31343a226a7261647340696e666f2e636f6d223b656d61696c7c733a31343a226a7261647340696e666f2e636f6d223b757365725f69647c733a323a223131223b6f6c645f6c6173745f6c6f67696e7c733a31303a2231353933303539353536223b73745f73746f726549447c733a313a2230223b63757272656e745f62617463685f69647c733a313a2231223b),
('7b12d1d8c1794d5a44a4db1a7a0851ff01dc0611', '::1', 1593081019, 0x5f5f63695f6c6173745f726567656e65726174657c693a313539333038313031393b63757272656e745f6c616e67756167657c733a373a22656e676c697368223b6964656e746974797c733a31343a226a7261647340696e666f2e636f6d223b656d61696c7c733a31343a226a7261647340696e666f2e636f6d223b757365725f69647c733a323a223131223b6f6c645f6c6173745f6c6f67696e7c733a31303a2231353933303539353536223b73745f73746f726549447c733a313a2230223b63757272656e745f62617463685f69647c4e3b),
('2e468ad16ec0dc5ce1e0fe95b85efe13addb4ab3', '::1', 1593080675, 0x5f5f63695f6c6173745f726567656e65726174657c693a313539333038303637353b63757272656e745f6c616e67756167657c733a373a22656e676c697368223b6964656e746974797c733a31343a226a7261647340696e666f2e636f6d223b656d61696c7c733a31343a226a7261647340696e666f2e636f6d223b757365725f69647c733a323a223131223b6f6c645f6c6173745f6c6f67696e7c733a31303a2231353933303539353536223b73745f73746f726549447c733a313a2230223b63757272656e745f62617463685f69647c4e3b),
('918bd6273c95a2b3eef240495540f93cd0bcdef7', '::1', 1593080219, 0x5f5f63695f6c6173745f726567656e65726174657c693a313539333038303231393b63757272656e745f6c616e67756167657c733a373a22656e676c697368223b6964656e746974797c733a31343a226a7261647340696e666f2e636f6d223b656d61696c7c733a31343a226a7261647340696e666f2e636f6d223b757365725f69647c733a323a223131223b6f6c645f6c6173745f6c6f67696e7c733a31303a2231353933303539353536223b73745f73746f726549447c733a313a2230223b63757272656e745f62617463685f69647c4e3b),
('07c20f683cad75f6a5b539a883fd46931f4a6bbc', '::1', 1593079729, 0x5f5f63695f6c6173745f726567656e65726174657c693a313539333037393732393b63757272656e745f6c616e67756167657c733a373a22656e676c697368223b6964656e746974797c733a31343a226a7261647340696e666f2e636f6d223b656d61696c7c733a31343a226a7261647340696e666f2e636f6d223b757365725f69647c733a323a223131223b6f6c645f6c6173745f6c6f67696e7c733a31303a2231353933303539353536223b73745f73746f726549447c733a313a2230223b63757272656e745f62617463685f69647c4e3b),
('823b5c532a86e2dc679fff654af60426dc10c166', '::1', 1593066696, 0x5f5f63695f6c6173745f726567656e65726174657c693a313539333036363638373b63757272656e745f6c616e67756167657c733a373a22656e676c697368223b6964656e746974797c733a31343a226a7261647340696e666f2e636f6d223b656d61696c7c733a31343a226a7261647340696e666f2e636f6d223b757365725f69647c733a323a223131223b6f6c645f6c6173745f6c6f67696e7c733a31303a2231353932393232323332223b73745f73746f726549447c733a313a2230223b63757272656e745f62617463685f69647c733a313a2231223b),
('e5091565982480833063f25192804dec85dbe65e', '::1', 1593066687, 0x5f5f63695f6c6173745f726567656e65726174657c693a313539333036363638373b63757272656e745f6c616e67756167657c733a373a22656e676c697368223b6964656e746974797c733a31343a226a7261647340696e666f2e636f6d223b656d61696c7c733a31343a226a7261647340696e666f2e636f6d223b757365725f69647c733a323a223131223b6f6c645f6c6173745f6c6f67696e7c733a31303a2231353932393232323332223b73745f73746f726549447c733a313a2230223b63757272656e745f62617463685f69647c733a313a2231223b),
('8b255ca7f27dea0594bb31b86dc6aa8f4a2ac9d0', '::1', 1593066380, 0x5f5f63695f6c6173745f726567656e65726174657c693a313539333036363338303b63757272656e745f6c616e67756167657c733a373a22656e676c697368223b6964656e746974797c733a31343a226a7261647340696e666f2e636f6d223b656d61696c7c733a31343a226a7261647340696e666f2e636f6d223b757365725f69647c733a323a223131223b6f6c645f6c6173745f6c6f67696e7c733a31303a2231353932393232323332223b73745f73746f726549447c733a313a2230223b63757272656e745f62617463685f69647c733a313a2231223b),
('6d5b3b3f592c262aae2eab4d1aa305cb4e37d7a9', '::1', 1593065537, 0x5f5f63695f6c6173745f726567656e65726174657c693a313539333036353533373b63757272656e745f6c616e67756167657c733a373a22656e676c697368223b6964656e746974797c733a31343a226a7261647340696e666f2e636f6d223b656d61696c7c733a31343a226a7261647340696e666f2e636f6d223b757365725f69647c733a323a223131223b6f6c645f6c6173745f6c6f67696e7c733a31303a2231353932393232323332223b73745f73746f726549447c733a313a2230223b63757272656e745f62617463685f69647c733a313a2231223b),
('d5f9d24fc4943b9aa16a17a7138018f381c7d330', '::1', 1593065188, 0x5f5f63695f6c6173745f726567656e65726174657c693a313539333036353138383b63757272656e745f6c616e67756167657c733a373a22656e676c697368223b6964656e746974797c733a31343a226a7261647340696e666f2e636f6d223b656d61696c7c733a31343a226a7261647340696e666f2e636f6d223b757365725f69647c733a323a223131223b6f6c645f6c6173745f6c6f67696e7c733a31303a2231353932393232323332223b73745f73746f726549447c733a313a2230223b63757272656e745f62617463685f69647c733a313a2231223b),
('621cc0dbd3dc11a92d7a9a4eecd4f78a2c4b3d37', '::1', 1593064876, 0x5f5f63695f6c6173745f726567656e65726174657c693a313539333036343837363b63757272656e745f6c616e67756167657c733a373a22656e676c697368223b6964656e746974797c733a31343a226a7261647340696e666f2e636f6d223b656d61696c7c733a31343a226a7261647340696e666f2e636f6d223b757365725f69647c733a323a223131223b6f6c645f6c6173745f6c6f67696e7c733a31303a2231353932393232323332223b73745f73746f726549447c733a313a2230223b63757272656e745f62617463685f69647c4e3b),
('90fa6fef8177deb7c0a019c090b4da4560b9dcd2', '::1', 1593064570, 0x5f5f63695f6c6173745f726567656e65726174657c693a313539333036343537303b63757272656e745f6c616e67756167657c733a373a22656e676c697368223b6964656e746974797c733a31343a226a7261647340696e666f2e636f6d223b656d61696c7c733a31343a226a7261647340696e666f2e636f6d223b757365725f69647c733a323a223131223b6f6c645f6c6173745f6c6f67696e7c733a31303a2231353932393232323332223b73745f73746f726549447c733a313a2230223b63757272656e745f62617463685f69647c4e3b),
('286e9392b62a600ef419393267a2f520c4343dc3', '::1', 1593064087, 0x5f5f63695f6c6173745f726567656e65726174657c693a313539333036343038373b63757272656e745f6c616e67756167657c733a373a22656e676c697368223b6964656e746974797c733a31343a226a7261647340696e666f2e636f6d223b656d61696c7c733a31343a226a7261647340696e666f2e636f6d223b757365725f69647c733a323a223131223b6f6c645f6c6173745f6c6f67696e7c733a31303a2231353932393232323332223b73745f73746f726549447c733a313a2230223b63757272656e745f62617463685f69647c4e3b),
('8c2fadf05622ab3cc8d43a1eda98c98024ea7579', '::1', 1593060610, 0x5f5f63695f6c6173745f726567656e65726174657c693a313539333036303631303b63757272656e745f6c616e67756167657c733a373a22656e676c697368223b6964656e746974797c733a31343a226a7261647340696e666f2e636f6d223b656d61696c7c733a31343a226a7261647340696e666f2e636f6d223b757365725f69647c733a323a223131223b6f6c645f6c6173745f6c6f67696e7c733a31303a2231353932393232323332223b73745f73746f726549447c733a313a2230223b63757272656e745f62617463685f69647c4e3b),
('1d3630968869c7f1e29c758f3032f3610fe999ac', '::1', 1593060922, 0x5f5f63695f6c6173745f726567656e65726174657c693a313539333036303932323b63757272656e745f6c616e67756167657c733a373a22656e676c697368223b6964656e746974797c733a31343a226a7261647340696e666f2e636f6d223b656d61696c7c733a31343a226a7261647340696e666f2e636f6d223b757365725f69647c733a323a223131223b6f6c645f6c6173745f6c6f67696e7c733a31303a2231353932393232323332223b73745f73746f726549447c733a313a2230223b63757272656e745f62617463685f69647c4e3b),
('16e40177b5b6c2961eb6162036f3750005a36de8', '::1', 1592922893, 0x5f5f63695f6c6173745f726567656e65726174657c693a313539323932323839333b63757272656e745f6c616e67756167657c733a373a22656e676c697368223b6964656e746974797c733a31343a226a7261647340696e666f2e636f6d223b656d61696c7c733a31343a226a7261647340696e666f2e636f6d223b757365725f69647c733a323a223131223b6f6c645f6c6173745f6c6f67696e7c733a31303a2231353932373030343930223b73745f73746f726549447c733a313a2230223b63757272656e745f62617463685f69647c4e3b),
('f2f43934c9547c5b5d7f2109087fe86eacb2b7e0', '::1', 1593059856, 0x5f5f63695f6c6173745f726567656e65726174657c693a313539333035393835363b63757272656e745f6c616e67756167657c733a373a22656e676c697368223b6964656e746974797c733a31343a226a7261647340696e666f2e636f6d223b656d61696c7c733a31343a226a7261647340696e666f2e636f6d223b757365725f69647c733a323a223131223b6f6c645f6c6173745f6c6f67696e7c733a31303a2231353932393232323332223b73745f73746f726549447c733a313a2230223b63757272656e745f62617463685f69647c4e3b),
('dcef701221e309b9ebc84aef210a18b8f76008d3', '::1', 1592706093, 0x5f5f63695f6c6173745f726567656e65726174657c693a313539323730363039323b6d6573736167657c733a36323a223c64697620636c6173733d22616c65727420616c6572742d73756363657373223e4c6f67676564204f7574205375636365737366756c6c793c2f6469763e223b5f5f63695f766172737c613a313a7b733a373a226d657373616765223b733a333a226f6c64223b7d),
('3fb536a3cbe1aeda7992f02f5fe7a2da8fa40b9d', '::1', 1592922893, 0x5f5f63695f6c6173745f726567656e65726174657c693a313539323932323839333b63757272656e745f6c616e67756167657c733a373a22656e676c697368223b6964656e746974797c733a31343a226a7261647340696e666f2e636f6d223b656d61696c7c733a31343a226a7261647340696e666f2e636f6d223b757365725f69647c733a323a223131223b6f6c645f6c6173745f6c6f67696e7c733a31303a2231353932373030343930223b73745f73746f726549447c733a313a2230223b63757272656e745f62617463685f69647c4e3b),
('041adafd2c3eb32a1f68bccc288839ac94dfd9a5', '::1', 1592706065, 0x5f5f63695f6c6173745f726567656e65726174657c693a313539323730363036353b63757272656e745f6c616e67756167657c733a373a22656e676c697368223b6964656e746974797c733a31343a226a7261647340696e666f2e636f6d223b656d61696c7c733a31343a226a7261647340696e666f2e636f6d223b757365725f69647c733a323a223131223b6f6c645f6c6173745f6c6f67696e7c733a31303a2231353932373030343337223b73745f73746f726549447c733a313a2230223b63757272656e745f62617463685f69647c733a313a2231223b),
('615a9261eb1999422feac17b0be54696f31ac28e', '::1', 1592705542, 0x5f5f63695f6c6173745f726567656e65726174657c693a313539323730353534323b63757272656e745f6c616e67756167657c733a373a22656e676c697368223b6964656e746974797c733a31343a226a7261647340696e666f2e636f6d223b656d61696c7c733a31343a226a7261647340696e666f2e636f6d223b757365725f69647c733a323a223131223b6f6c645f6c6173745f6c6f67696e7c733a31303a2231353932373030343337223b73745f73746f726549447c733a313a2230223b63757272656e745f62617463685f69647c733a313a2231223b),
('0f83ce7476dc068ea5ec6a43c5c4f8c8f66ab5ac', '::1', 1592705007, 0x5f5f63695f6c6173745f726567656e65726174657c693a313539323730353030373b63757272656e745f6c616e67756167657c733a373a22656e676c697368223b6964656e746974797c733a31343a226a7261647340696e666f2e636f6d223b656d61696c7c733a31343a226a7261647340696e666f2e636f6d223b757365725f69647c733a323a223131223b6f6c645f6c6173745f6c6f67696e7c733a31303a2231353932373030343337223b73745f73746f726549447c733a313a2230223b63757272656e745f62617463685f69647c733a313a2231223b),
('34d932fbad1087afd27dae0ebd74d0d4f112ef8d', '::1', 1592704542, 0x5f5f63695f6c6173745f726567656e65726174657c693a313539323730343534323b63757272656e745f6c616e67756167657c733a373a22656e676c697368223b6964656e746974797c733a31343a226a7261647340696e666f2e636f6d223b656d61696c7c733a31343a226a7261647340696e666f2e636f6d223b757365725f69647c733a323a223131223b6f6c645f6c6173745f6c6f67696e7c733a31303a2231353932373030343337223b73745f73746f726549447c733a313a2230223b63757272656e745f62617463685f69647c733a313a2231223b),
('c708761de7295cd1699bf61b522ed6b242512b0b', '::1', 1592704227, 0x5f5f63695f6c6173745f726567656e65726174657c693a313539323730343232373b63757272656e745f6c616e67756167657c733a373a22656e676c697368223b6964656e746974797c733a31343a226a7261647340696e666f2e636f6d223b656d61696c7c733a31343a226a7261647340696e666f2e636f6d223b757365725f69647c733a323a223131223b6f6c645f6c6173745f6c6f67696e7c733a31303a2231353932373030343337223b73745f73746f726549447c733a313a2230223b63757272656e745f62617463685f69647c733a313a2231223b),
('79e4d1c72b03dab2270402b3b6be9416f7b7ed38', '::1', 1592703871, 0x5f5f63695f6c6173745f726567656e65726174657c693a313539323730333837313b63757272656e745f6c616e67756167657c733a373a22656e676c697368223b6964656e746974797c733a31343a226a7261647340696e666f2e636f6d223b656d61696c7c733a31343a226a7261647340696e666f2e636f6d223b757365725f69647c733a323a223131223b6f6c645f6c6173745f6c6f67696e7c733a31303a2231353932373030343337223b73745f73746f726549447c733a313a2230223b63757272656e745f62617463685f69647c733a313a2231223b),
('a742804955bb5737bdd017aae1a2d62ba0cb3b3c', '::1', 1592702757, 0x5f5f63695f6c6173745f726567656e65726174657c693a313539323730323735373b63757272656e745f6c616e67756167657c733a373a22656e676c697368223b6964656e746974797c733a31343a226a7261647340696e666f2e636f6d223b656d61696c7c733a31343a226a7261647340696e666f2e636f6d223b757365725f69647c733a323a223131223b6f6c645f6c6173745f6c6f67696e7c733a31303a2231353932373030343337223b73745f73746f726549447c733a313a2230223b63757272656e745f62617463685f69647c733a313a2231223b),
('2c1d03f13e530e373b2575ba8e70015f4206e6a9', '::1', 1592702379, 0x5f5f63695f6c6173745f726567656e65726174657c693a313539323730323337393b63757272656e745f6c616e67756167657c733a373a22656e676c697368223b6964656e746974797c733a31343a226a7261647340696e666f2e636f6d223b656d61696c7c733a31343a226a7261647340696e666f2e636f6d223b757365725f69647c733a323a223131223b6f6c645f6c6173745f6c6f67696e7c733a31303a2231353932373030343337223b73745f73746f726549447c733a313a2230223b63757272656e745f62617463685f69647c733a313a2231223b),
('8c71e4d07b0574560185936dac3a1a9288c09351', '::1', 1592701484, 0x5f5f63695f6c6173745f726567656e65726174657c693a313539323730313438343b63757272656e745f6c616e67756167657c733a373a22656e676c697368223b6964656e746974797c733a31343a226a7261647340696e666f2e636f6d223b656d61696c7c733a31343a226a7261647340696e666f2e636f6d223b757365725f69647c733a323a223131223b6f6c645f6c6173745f6c6f67696e7c733a31303a2231353932373030343337223b73745f73746f726549447c733a313a2230223b63757272656e745f62617463685f69647c733a313a2231223b),
('0f91150a91f30eda874c124a95ca9b85cb30d0f0', '::1', 1592539233, 0x5f5f63695f6c6173745f726567656e65726174657c693a313539323533393233333b),
('c1e4c8c788eb0a9dabf2019e44c897e1ce8dce26', '::1', 1592700823, 0x5f5f63695f6c6173745f726567656e65726174657c693a313539323730303832333b63757272656e745f6c616e67756167657c733a373a22656e676c697368223b6964656e746974797c733a31343a226a7261647340696e666f2e636f6d223b656d61696c7c733a31343a226a7261647340696e666f2e636f6d223b757365725f69647c733a323a223131223b6f6c645f6c6173745f6c6f67696e7c733a31303a2231353932373030343337223b73745f73746f726549447c733a313a2230223b63757272656e745f62617463685f69647c733a313a2231223b),
('96e5f00210d041d625bdfa34c36747e8f8661f50', '::1', 1592530591, 0x5f5f63695f6c6173745f726567656e65726174657c693a313539323533303236363b63757272656e745f6c616e67756167657c733a373a22656e676c697368223b6964656e746974797c733a31343a226a7261647340696e666f2e636f6d223b656d61696c7c733a31343a226a7261647340696e666f2e636f6d223b757365725f69647c733a323a223131223b6f6c645f6c6173745f6c6f67696e7c733a31303a2231353932343935373133223b73745f73746f726549447c733a313a2230223b63757272656e745f62617463685f69647c4e3b),
('923f72858948ec96438d4d3d0a241f35322a300d', '::1', 1592496247, 0x5f5f63695f6c6173745f726567656e65726174657c693a313539323439363234373b6d6573736167657c733a36323a223c64697620636c6173733d22616c65727420616c6572742d73756363657373223e4c6f67676564204f7574205375636365737366756c6c793c2f6469763e223b5f5f63695f766172737c613a313a7b733a373a226d657373616765223b733a333a226f6c64223b7d),
('f9ee1e168065748f3d22f96a9fde68a59b6e0664', '::1', 1592530266, 0x5f5f63695f6c6173745f726567656e65726174657c693a313539323533303236363b63757272656e745f6c616e67756167657c733a373a22656e676c697368223b6964656e746974797c733a31343a226a7261647340696e666f2e636f6d223b656d61696c7c733a31343a226a7261647340696e666f2e636f6d223b757365725f69647c733a323a223131223b6f6c645f6c6173745f6c6f67696e7c733a31303a2231353932343935373133223b73745f73746f726549447c733a313a2230223b63757272656e745f62617463685f69647c4e3b),
('250dce3ae43958469ac0be1783788ebb6014a42b', '::1', 1592495700, 0x5f5f63695f6c6173745f726567656e65726174657c693a313539323439353730303b63757272656e745f6c616e67756167657c733a373a22656e676c697368223b6964656e746974797c733a31343a226a7261647340696e666f2e636f6d223b656d61696c7c733a31343a226a7261647340696e666f2e636f6d223b757365725f69647c733a323a223131223b6f6c645f6c6173745f6c6f67696e7c733a31303a2231353932333636383131223b73745f73746f726549447c733a313a2230223b63757272656e745f62617463685f69647c733a313a2231223b),
('98b59edf8bc90694e385650482dde37bd65d9f6c', '::1', 1592496001, 0x5f5f63695f6c6173745f726567656e65726174657c693a313539323439363030313b63757272656e745f6c616e67756167657c733a373a22656e676c697368223b6964656e746974797c733a31343a226a7261647340696e666f2e636f6d223b656d61696c7c733a31343a226a7261647340696e666f2e636f6d223b757365725f69647c733a323a223131223b6f6c645f6c6173745f6c6f67696e7c733a31303a2231353932343930333030223b73745f73746f726549447c733a313a2230223b63757272656e745f62617463685f69647c733a313a2231223b),
('3b474996eac989d07a524887e99d334da0524344', '::1', 1592495348, 0x5f5f63695f6c6173745f726567656e65726174657c693a313539323439353334383b63757272656e745f6c616e67756167657c733a373a22656e676c697368223b6964656e746974797c733a31343a226a7261647340696e666f2e636f6d223b656d61696c7c733a31343a226a7261647340696e666f2e636f6d223b757365725f69647c733a323a223131223b6f6c645f6c6173745f6c6f67696e7c733a31303a2231353932333636383131223b73745f73746f726549447c733a313a2230223b63757272656e745f62617463685f69647c733a313a2231223b),
('574e8202eff066d9d565a96c955f732177e0c1ed', '::1', 1592494667, 0x5f5f63695f6c6173745f726567656e65726174657c693a313539323439343636373b63757272656e745f6c616e67756167657c733a373a22656e676c697368223b6964656e746974797c733a31343a226a7261647340696e666f2e636f6d223b656d61696c7c733a31343a226a7261647340696e666f2e636f6d223b757365725f69647c733a323a223131223b6f6c645f6c6173745f6c6f67696e7c733a31303a2231353932333636383131223b73745f73746f726549447c733a313a2230223b63757272656e745f62617463685f69647c733a313a2231223b),
('4694bf38b3747bfce61a8d8c4e99f25c30a4a829', '::1', 1592494236, 0x5f5f63695f6c6173745f726567656e65726174657c693a313539323439343233363b63757272656e745f6c616e67756167657c733a373a22656e676c697368223b6964656e746974797c733a31343a226a7261647340696e666f2e636f6d223b656d61696c7c733a31343a226a7261647340696e666f2e636f6d223b757365725f69647c733a323a223131223b6f6c645f6c6173745f6c6f67696e7c733a31303a2231353932333636383131223b73745f73746f726549447c733a313a2230223b63757272656e745f62617463685f69647c733a313a2231223b),
('c3c2ab203383518a61a494d7c1ae124a84480400', '::1', 1592493930, 0x5f5f63695f6c6173745f726567656e65726174657c693a313539323439333933303b63757272656e745f6c616e67756167657c733a373a22656e676c697368223b6964656e746974797c733a31343a226a7261647340696e666f2e636f6d223b656d61696c7c733a31343a226a7261647340696e666f2e636f6d223b757365725f69647c733a323a223131223b6f6c645f6c6173745f6c6f67696e7c733a31303a2231353932333636383131223b73745f73746f726549447c733a313a2230223b63757272656e745f62617463685f69647c733a313a2231223b),
('afcef1aec20a70ca7801daabd018a1c64572f24d', '::1', 1592489531, 0x5f5f63695f6c6173745f726567656e65726174657c693a313539323438393533313b),
('fbfc75cdf6c5b4d961b382db8b54efe123837f88', '::1', 1592490300, 0x5f5f63695f6c6173745f726567656e65726174657c693a313539323439303330303b),
('bedbd7572331a54383f1a6b9db5d464259d806c0', '::1', 1592492922, 0x5f5f63695f6c6173745f726567656e65726174657c693a313539323439323932323b63757272656e745f6c616e67756167657c733a373a22656e676c697368223b6964656e746974797c733a31343a226a7261647340696e666f2e636f6d223b656d61696c7c733a31343a226a7261647340696e666f2e636f6d223b757365725f69647c733a323a223131223b6f6c645f6c6173745f6c6f67696e7c733a31303a2231353932333636383131223b73745f73746f726549447c733a313a2230223b63757272656e745f62617463685f69647c733a313a2231223b),
('6538b9f11250c5d532facbb50096af57a561efd9', '::1', 1592493302, 0x5f5f63695f6c6173745f726567656e65726174657c693a313539323439333330323b63757272656e745f6c616e67756167657c733a373a22656e676c697368223b6964656e746974797c733a31343a226a7261647340696e666f2e636f6d223b656d61696c7c733a31343a226a7261647340696e666f2e636f6d223b757365725f69647c733a323a223131223b6f6c645f6c6173745f6c6f67696e7c733a31303a2231353932333636383131223b73745f73746f726549447c733a313a2230223b63757272656e745f62617463685f69647c733a313a2231223b),
('6bb63088498c56aba35c094d1d3f53c64bde0769', '::1', 1592489068, 0x5f5f63695f6c6173745f726567656e65726174657c693a313539323438393036383b),
('b01242f840a6ee857f014695f485f085b9245b74', '::1', 1592402642, 0x5f5f63695f6c6173745f726567656e65726174657c693a313539323430323336353b),
('5afad01fa7697a36945d605f77e52ac50acc976b', '::1', 1592401958, 0x5f5f63695f6c6173745f726567656e65726174657c693a313539323430313935383b),
('7c8a84e893ae247a8806c090262e8d69f5e0e04d', '::1', 1592402365, 0x5f5f63695f6c6173745f726567656e65726174657c693a313539323430323336353b),
('e8210a005ccf7b110602cdde9804b1ed3f66456f', '::1', 1592400996, 0x5f5f63695f6c6173745f726567656e65726174657c693a313539323430303939363b),
('3fc55e2ce1e32eeb56712fa3f0e3c6ddfe160250', '::1', 1592401419, 0x5f5f63695f6c6173745f726567656e65726174657c693a313539323430313431393b),
('31482fa67898a65d6fc15dce704b93bd420b26eb', '::1', 1592366847, 0x5f5f63695f6c6173745f726567656e65726174657c693a313539323336363834373b6d6573736167657c733a36323a223c64697620636c6173733d22616c65727420616c6572742d73756363657373223e4c6f67676564204f7574205375636365737366756c6c793c2f6469763e223b5f5f63695f766172737c613a313a7b733a373a226d657373616765223b733a333a226f6c64223b7d),
('4172864e4cd013fd94902164fe14320e4785414c', '::1', 1592400684, 0x5f5f63695f6c6173745f726567656e65726174657c693a313539323430303638343b),
('483911bb99e16deb1e64204163bb42aad1bab9bc', '::1', 1592366635, 0x5f5f63695f6c6173745f726567656e65726174657c693a313539323336363633353b),
('ed14fa474c32e83b1dffd20d5ea56e2d48f08098', '::1', 1592205390, 0x5f5f63695f6c6173745f726567656e65726174657c693a313539323230353339303b6d6573736167657c733a36323a223c64697620636c6173733d22616c65727420616c6572742d73756363657373223e4c6f67676564204f7574205375636365737366756c6c793c2f6469763e223b5f5f63695f766172737c613a313a7b733a373a226d657373616765223b733a333a226f6c64223b7d),
('7b8b4cf7f4eb407c39e574851d43405a78a9912c', '::1', 1592205390, 0x5f5f63695f6c6173745f726567656e65726174657c693a313539323230353339303b),
('59783b6d6d0b2b89b1e7936e2714970ac6343c9c', '::1', 1592227674, 0x5f5f63695f6c6173745f726567656e65726174657c693a313539323232373533323b),
('2b4ccc3b415cd7ccfcc3673cd5a4f1479106bc3f', '::1', 1592204556, 0x5f5f63695f6c6173745f726567656e65726174657c693a313539323230343535363b),
('f17f0b069a694dc2439132d72414eb31f4c2cbfa', '::1', 1592117266, 0x5f5f63695f6c6173745f726567656e65726174657c693a313539323131373035313b63757272656e745f6c616e67756167657c733a373a22656e676c697368223b6964656e746974797c733a31343a226a7261647340696e666f2e636f6d223b656d61696c7c733a31343a226a7261647340696e666f2e636f6d223b757365725f69647c733a323a223131223b6f6c645f6c6173745f6c6f67696e7c733a31303a2231353931373933353733223b73745f73746f726549447c733a313a2230223b63757272656e745f62617463685f69647c733a313a2231223b),
('2b27ce297114ffb3ccd4ef4763c82a0bf81cf2c4', '::1', 1592117051, 0x5f5f63695f6c6173745f726567656e65726174657c693a313539323131373035313b63757272656e745f6c616e67756167657c733a373a22656e676c697368223b6964656e746974797c733a31343a226a7261647340696e666f2e636f6d223b656d61696c7c733a31343a226a7261647340696e666f2e636f6d223b757365725f69647c733a323a223131223b6f6c645f6c6173745f6c6f67696e7c733a31303a2231353931373933353733223b73745f73746f726549447c733a313a2230223b63757272656e745f62617463685f69647c733a313a2231223b),
('7bc4b71c904d1c32dfff0fdc8f8b8bcff4c60a22', '::1', 1592116353, 0x5f5f63695f6c6173745f726567656e65726174657c693a313539323131363335333b63757272656e745f6c616e67756167657c733a373a22656e676c697368223b6964656e746974797c733a31343a226a7261647340696e666f2e636f6d223b656d61696c7c733a31343a226a7261647340696e666f2e636f6d223b757365725f69647c733a323a223131223b6f6c645f6c6173745f6c6f67696e7c733a31303a2231353931373933353733223b73745f73746f726549447c733a313a2230223b63757272656e745f62617463685f69647c733a313a2231223b),
('5b5eaea66e640c3afb01c00b1809c0bcdde9c38e', '::1', 1592116685, 0x5f5f63695f6c6173745f726567656e65726174657c693a313539323131363638353b63757272656e745f6c616e67756167657c733a373a22656e676c697368223b6964656e746974797c733a31343a226a7261647340696e666f2e636f6d223b656d61696c7c733a31343a226a7261647340696e666f2e636f6d223b757365725f69647c733a323a223131223b6f6c645f6c6173745f6c6f67696e7c733a31303a2231353931373933353733223b73745f73746f726549447c733a313a2230223b63757272656e745f62617463685f69647c733a313a2231223b),
('6ebe2fcf6735d8f2bf766fb43052eb3949e552da', '::1', 1592115875, 0x5f5f63695f6c6173745f726567656e65726174657c693a313539323131353837353b63757272656e745f6c616e67756167657c733a373a22656e676c697368223b6964656e746974797c733a31343a226a7261647340696e666f2e636f6d223b656d61696c7c733a31343a226a7261647340696e666f2e636f6d223b757365725f69647c733a323a223131223b6f6c645f6c6173745f6c6f67696e7c733a31303a2231353931373933353733223b73745f73746f726549447c733a313a2230223b63757272656e745f62617463685f69647c733a313a2231223b),
('1168e9299c4a40d749055eefa2992a7177952df1', '::1', 1592115465, 0x5f5f63695f6c6173745f726567656e65726174657c693a313539323131353436353b63757272656e745f6c616e67756167657c733a373a22656e676c697368223b6964656e746974797c733a31343a226a7261647340696e666f2e636f6d223b656d61696c7c733a31343a226a7261647340696e666f2e636f6d223b757365725f69647c733a323a223131223b6f6c645f6c6173745f6c6f67696e7c733a31303a2231353931373933353733223b73745f73746f726549447c733a313a2230223b63757272656e745f62617463685f69647c733a313a2231223b),
('bf31ccc54b501251dbadcbcdec2dda1ba8c2166d', '::1', 1592114889, 0x5f5f63695f6c6173745f726567656e65726174657c693a313539323131343838393b63757272656e745f6c616e67756167657c733a373a22656e676c697368223b6964656e746974797c733a31343a226a7261647340696e666f2e636f6d223b656d61696c7c733a31343a226a7261647340696e666f2e636f6d223b757365725f69647c733a323a223131223b6f6c645f6c6173745f6c6f67696e7c733a31303a2231353931373933353733223b73745f73746f726549447c733a313a2230223b63757272656e745f62617463685f69647c733a313a2231223b),
('916fd9702dd2918cecba9d1b32418f1d8c4d6cea', '::1', 1592114580, 0x5f5f63695f6c6173745f726567656e65726174657c693a313539323131343538303b63757272656e745f6c616e67756167657c733a373a22656e676c697368223b6964656e746974797c733a31343a226a7261647340696e666f2e636f6d223b656d61696c7c733a31343a226a7261647340696e666f2e636f6d223b757365725f69647c733a323a223131223b6f6c645f6c6173745f6c6f67696e7c733a31303a2231353931373933353733223b73745f73746f726549447c733a313a2230223b63757272656e745f62617463685f69647c733a313a2231223b),
('06f7d3fdf1d721e13cfb816a7a95389273a27ab6', '::1', 1591794362, 0x5f5f63695f6c6173745f726567656e65726174657c693a313539313739343333313b63757272656e745f6c616e67756167657c733a373a22656e676c697368223b6964656e746974797c733a31343a226a7261647340696e666f2e636f6d223b656d61696c7c733a31343a226a7261647340696e666f2e636f6d223b757365725f69647c733a323a223131223b6f6c645f6c6173745f6c6f67696e7c733a31303a2231353931373039353532223b73745f73746f726549447c733a313a2230223b63757272656e745f62617463685f69647c733a313a2231223b),
('bda7d569064ff2d7856b56a55a73e06b0ccfcdd6', '::1', 1591794331, 0x5f5f63695f6c6173745f726567656e65726174657c693a313539313739343333313b63757272656e745f6c616e67756167657c733a373a22656e676c697368223b6964656e746974797c733a31343a226a7261647340696e666f2e636f6d223b656d61696c7c733a31343a226a7261647340696e666f2e636f6d223b757365725f69647c733a323a223131223b6f6c645f6c6173745f6c6f67696e7c733a31303a2231353931373039353532223b73745f73746f726549447c733a313a2230223b63757272656e745f62617463685f69647c733a313a2231223b),
('dcb03cdacef1691c5d82ced79d965624f03b64b5', '::1', 1591793945, 0x5f5f63695f6c6173745f726567656e65726174657c693a313539313739333934353b63757272656e745f6c616e67756167657c733a373a22656e676c697368223b6964656e746974797c733a31343a226a7261647340696e666f2e636f6d223b656d61696c7c733a31343a226a7261647340696e666f2e636f6d223b757365725f69647c733a323a223131223b6f6c645f6c6173745f6c6f67696e7c733a31303a2231353931373039353532223b73745f73746f726549447c733a313a2230223b63757272656e745f62617463685f69647c733a313a2231223b),
('b3b59c6bcfc92b25cb99f7d33a857a5fe6b135f6', '::1', 1591715724, 0x5f5f63695f6c6173745f726567656e65726174657c693a313539313731353730363b63757272656e745f6c616e67756167657c733a373a22656e676c697368223b6964656e746974797c733a31343a226a7261647340696e666f2e636f6d223b656d61696c7c733a31343a226a7261647340696e666f2e636f6d223b757365725f69647c733a323a223131223b6f6c645f6c6173745f6c6f67696e7c733a31303a2231353931363334373632223b73745f73746f726549447c733a313a2230223b63757272656e745f62617463685f69647c733a313a2231223b),
('930414f665b96c1b18be77bbd30a3f5b8afe65e9', '::1', 1591715706, 0x5f5f63695f6c6173745f726567656e65726174657c693a313539313731353730363b63757272656e745f6c616e67756167657c733a373a22656e676c697368223b6964656e746974797c733a31343a226a7261647340696e666f2e636f6d223b656d61696c7c733a31343a226a7261647340696e666f2e636f6d223b757365725f69647c733a323a223131223b6f6c645f6c6173745f6c6f67696e7c733a31303a2231353931363334373632223b73745f73746f726549447c733a313a2230223b63757272656e745f62617463685f69647c733a313a2231223b),
('be68bd73e1ee7be1ad17669c56ac6098ee94f497', '::1', 1591713608, 0x5f5f63695f6c6173745f726567656e65726174657c693a313539313731333630383b63757272656e745f6c616e67756167657c733a373a22656e676c697368223b6964656e746974797c733a31343a226a7261647340696e666f2e636f6d223b656d61696c7c733a31343a226a7261647340696e666f2e636f6d223b757365725f69647c733a323a223131223b6f6c645f6c6173745f6c6f67696e7c733a31303a2231353931363334373632223b73745f73746f726549447c733a313a2230223b63757272656e745f62617463685f69647c733a313a2231223b),
('9ceb8656926006fd79ba53a1fcfe017a722991ad', '::1', 1591713146, 0x5f5f63695f6c6173745f726567656e65726174657c693a313539313731333134363b63757272656e745f6c616e67756167657c733a373a22656e676c697368223b6964656e746974797c733a31343a226a7261647340696e666f2e636f6d223b656d61696c7c733a31343a226a7261647340696e666f2e636f6d223b757365725f69647c733a323a223131223b6f6c645f6c6173745f6c6f67696e7c733a31303a2231353931363334373632223b73745f73746f726549447c733a313a2230223b63757272656e745f62617463685f69647c733a313a2231223b),
('9424a59e8f2d1cab1b8458984ec25b3fa29a90e4', '::1', 1591712711, 0x5f5f63695f6c6173745f726567656e65726174657c693a313539313731323731313b63757272656e745f6c616e67756167657c733a373a22656e676c697368223b6964656e746974797c733a31343a226a7261647340696e666f2e636f6d223b656d61696c7c733a31343a226a7261647340696e666f2e636f6d223b757365725f69647c733a323a223131223b6f6c645f6c6173745f6c6f67696e7c733a31303a2231353931363334373632223b73745f73746f726549447c733a313a2230223b63757272656e745f62617463685f69647c733a313a2231223b),
('c3bf2435831190ce9fda3fe8bcd9b85cd6206c35', '::1', 1591712407, 0x5f5f63695f6c6173745f726567656e65726174657c693a313539313731323430373b63757272656e745f6c616e67756167657c733a373a22656e676c697368223b6964656e746974797c733a31343a226a7261647340696e666f2e636f6d223b656d61696c7c733a31343a226a7261647340696e666f2e636f6d223b757365725f69647c733a323a223131223b6f6c645f6c6173745f6c6f67696e7c733a31303a2231353931363334373632223b73745f73746f726549447c733a313a2230223b63757272656e745f62617463685f69647c733a313a2231223b),
('c40fd6384ab9124576b3b68074fa1abc2cfc3d83', '::1', 1591712046, 0x5f5f63695f6c6173745f726567656e65726174657c693a313539313731323034363b63757272656e745f6c616e67756167657c733a373a22656e676c697368223b6964656e746974797c733a31343a226a7261647340696e666f2e636f6d223b656d61696c7c733a31343a226a7261647340696e666f2e636f6d223b757365725f69647c733a323a223131223b6f6c645f6c6173745f6c6f67696e7c733a31303a2231353931363334373632223b73745f73746f726549447c733a313a2230223b63757272656e745f62617463685f69647c733a313a2231223b),
('f4377b873dba8daa4f924539cd3937130648385e', '::1', 1591711646, 0x5f5f63695f6c6173745f726567656e65726174657c693a313539313731313634363b63757272656e745f6c616e67756167657c733a373a22656e676c697368223b6964656e746974797c733a31343a226a7261647340696e666f2e636f6d223b656d61696c7c733a31343a226a7261647340696e666f2e636f6d223b757365725f69647c733a323a223131223b6f6c645f6c6173745f6c6f67696e7c733a31303a2231353931363334373632223b73745f73746f726549447c733a313a2230223b63757272656e745f62617463685f69647c733a313a2231223b),
('5a2576ca0b40eb1da767978947556658c87bb1a9', '::1', 1591710324, 0x5f5f63695f6c6173745f726567656e65726174657c693a313539313731303332343b63757272656e745f6c616e67756167657c733a373a22656e676c697368223b6964656e746974797c733a31343a226a7261647340696e666f2e636f6d223b656d61696c7c733a31343a226a7261647340696e666f2e636f6d223b757365725f69647c733a323a223131223b6f6c645f6c6173745f6c6f67696e7c733a31303a2231353931363334373632223b73745f73746f726549447c733a313a2230223b63757272656e745f62617463685f69647c733a313a2231223b),
('6ce99ce652ab552a5c8c347ea7f97bdf785390a1', '::1', 1591710022, 0x5f5f63695f6c6173745f726567656e65726174657c693a313539313731303032323b63757272656e745f6c616e67756167657c733a373a22656e676c697368223b6964656e746974797c733a31343a226a7261647340696e666f2e636f6d223b656d61696c7c733a31343a226a7261647340696e666f2e636f6d223b757365725f69647c733a323a223131223b6f6c645f6c6173745f6c6f67696e7c733a31303a2231353931363334373632223b73745f73746f726549447c733a313a2230223b63757272656e745f62617463685f69647c733a313a2231223b),
('02380138b2172a1eb5484d5f93932afb6304bf92', '::1', 1591637828, 0x5f5f63695f6c6173745f726567656e65726174657c693a313539313633373737313b63757272656e745f6c616e67756167657c733a373a22656e676c697368223b6964656e746974797c733a31343a226a7261647340696e666f2e636f6d223b656d61696c7c733a31343a226a7261647340696e666f2e636f6d223b757365725f69647c733a323a223131223b6f6c645f6c6173745f6c6f67696e7c733a31303a2231353931363036393838223b73745f73746f726549447c733a313a2230223b63757272656e745f62617463685f69647c733a313a2231223b),
('eb340f04c5bc8a232523cf8af2a63698ffefda70', '::1', 1591709538, 0x5f5f63695f6c6173745f726567656e65726174657c693a313539313730393533373b),
('37d3f9383c6d82f141c1d2636aa495d4fde425c1', '::1', 1591637771, 0x5f5f63695f6c6173745f726567656e65726174657c693a313539313633373737313b63757272656e745f6c616e67756167657c733a373a22656e676c697368223b6964656e746974797c733a31343a226a7261647340696e666f2e636f6d223b656d61696c7c733a31343a226a7261647340696e666f2e636f6d223b757365725f69647c733a323a223131223b6f6c645f6c6173745f6c6f67696e7c733a31303a2231353931363036393838223b73745f73746f726549447c733a313a2230223b63757272656e745f62617463685f69647c733a313a2231223b),
('2def075234ed6ea0b3ec267c08951c6947202b1f', '::1', 1591636806, 0x5f5f63695f6c6173745f726567656e65726174657c693a313539313633363830363b63757272656e745f6c616e67756167657c733a373a22656e676c697368223b6964656e746974797c733a31343a226a7261647340696e666f2e636f6d223b656d61696c7c733a31343a226a7261647340696e666f2e636f6d223b757365725f69647c733a323a223131223b6f6c645f6c6173745f6c6f67696e7c733a31303a2231353931363036393838223b73745f73746f726549447c733a313a2230223b63757272656e745f62617463685f69647c733a313a2231223b),
('d4fefef52a4482c60a852853a4ed9c15fb904e68', '::1', 1591635843, 0x5f5f63695f6c6173745f726567656e65726174657c693a313539313633353834333b63757272656e745f6c616e67756167657c733a373a22656e676c697368223b6964656e746974797c733a31343a226a7261647340696e666f2e636f6d223b656d61696c7c733a31343a226a7261647340696e666f2e636f6d223b757365725f69647c733a323a223131223b6f6c645f6c6173745f6c6f67696e7c733a31303a2231353931363036393838223b73745f73746f726549447c733a313a2230223b63757272656e745f62617463685f69647c733a313a2231223b),
('3b4916aaa032a97275dd5dd9b78b03c6159db05c', '::1', 1591635424, 0x5f5f63695f6c6173745f726567656e65726174657c693a313539313633353432343b63757272656e745f6c616e67756167657c733a373a22656e676c697368223b6964656e746974797c733a31343a226a7261647340696e666f2e636f6d223b656d61696c7c733a31343a226a7261647340696e666f2e636f6d223b757365725f69647c733a323a223131223b6f6c645f6c6173745f6c6f67696e7c733a31303a2231353931363036393838223b73745f73746f726549447c733a313a2230223b63757272656e745f62617463685f69647c733a313a2231223b),
('a4abbb3015eb7e0422e9532457b898b84f902ecf', '::1', 1591634738, 0x5f5f63695f6c6173745f726567656e65726174657c693a313539313633343733383b),
('28d47dc0dcd9bf508ed19c7d8856e647598ef52f', '::1', 1591635078, 0x5f5f63695f6c6173745f726567656e65726174657c693a313539313633353037383b63757272656e745f6c616e67756167657c733a373a22656e676c697368223b6964656e746974797c733a31343a226a7261647340696e666f2e636f6d223b656d61696c7c733a31343a226a7261647340696e666f2e636f6d223b757365725f69647c733a323a223131223b6f6c645f6c6173745f6c6f67696e7c733a31303a2231353931363036393838223b73745f73746f726549447c733a313a2230223b63757272656e745f62617463685f69647c733a313a2231223b),
('cdd9bf7abbf5332ea7b1fc2c794deb2b8e97aaa7', '::1', 1587096817, 0x5f5f63695f6c6173745f726567656e65726174657c693a313538373039363831373b63757272656e745f6c616e67756167657c733a373a22656e676c697368223b6964656e746974797c733a31343a226a7261647340696e666f2e636f6d223b656d61696c7c733a31343a226a7261647340696e666f2e636f6d223b757365725f69647c733a323a223131223b6f6c645f6c6173745f6c6f67696e7c733a31303a2231353837303435393131223b73745f73746f726549447c733a313a2230223b63757272656e745f62617463685f69647c733a313a2231223b),
('a634ede1805256acb8577bedd630fd4119ecf3c0', '::1', 1587045923, 0x5f5f63695f6c6173745f726567656e65726174657c693a313538373034353839353b63757272656e745f6c616e67756167657c733a373a22656e676c697368223b6964656e746974797c733a31343a226a7261647340696e666f2e636f6d223b656d61696c7c733a31343a226a7261647340696e666f2e636f6d223b757365725f69647c733a323a223131223b6f6c645f6c6173745f6c6f67696e7c733a31303a2231353837303136303733223b73745f73746f726549447c733a313a2230223b63757272656e745f62617463685f69647c733a313a2231223b),
('705bcc396f999c4cf6f3e5bebf6cfa135224f80c', '::1', 1587097784, 0x5f5f63695f6c6173745f726567656e65726174657c693a313538373039373738343b63757272656e745f6c616e67756167657c733a373a22656e676c697368223b6964656e746974797c733a31343a226a7261647340696e666f2e636f6d223b656d61696c7c733a31343a226a7261647340696e666f2e636f6d223b757365725f69647c733a323a223131223b6f6c645f6c6173745f6c6f67696e7c733a31303a2231353837303435393131223b73745f73746f726549447c733a313a2230223b63757272656e745f62617463685f69647c733a313a2231223b),
('a3e90e4d420b56d6e8382acc3142c538f727b43c', '::1', 1587097841, 0x5f5f63695f6c6173745f726567656e65726174657c693a313538373039373738343b63757272656e745f6c616e67756167657c733a373a22656e676c697368223b6964656e746974797c733a31343a226a7261647340696e666f2e636f6d223b656d61696c7c733a31343a226a7261647340696e666f2e636f6d223b757365725f69647c733a323a223131223b6f6c645f6c6173745f6c6f67696e7c733a31303a2231353837303435393131223b73745f73746f726549447c733a313a2230223b63757272656e745f62617463685f69647c733a313a2231223b),
('30975276bd6f92f1914fe4ad81dd19428f00f44b', '::1', 1587194956, 0x5f5f63695f6c6173745f726567656e65726174657c693a313538373139343638363b63757272656e745f6c616e67756167657c733a373a22656e676c697368223b6964656e746974797c733a31343a226a7261647340696e666f2e636f6d223b656d61696c7c733a31343a226a7261647340696e666f2e636f6d223b757365725f69647c733a323a223131223b6f6c645f6c6173745f6c6f67696e7c733a31303a2231353837303936343230223b73745f73746f726549447c733a313a2230223b63757272656e745f62617463685f69647c733a313a2231223b),
('69779e565b59cf5f2fef6015d17182120c7bdb8c', '::1', 1587219631, 0x5f5f63695f6c6173745f726567656e65726174657c693a313538373231393633313b63757272656e745f6c616e67756167657c733a373a22656e676c697368223b6964656e746974797c733a31343a226a7261647340696e666f2e636f6d223b656d61696c7c733a31343a226a7261647340696e666f2e636f6d223b757365725f69647c733a323a223131223b6f6c645f6c6173745f6c6f67696e7c733a31303a2231353837313934383532223b73745f73746f726549447c733a313a2230223b63757272656e745f62617463685f69647c733a313a2231223b),
('900fd5da31855a0a49133e668494a30ae7be2830', '::1', 1587219641, 0x5f5f63695f6c6173745f726567656e65726174657c693a313538373231393633313b63757272656e745f6c616e67756167657c733a373a22656e676c697368223b6964656e746974797c733a31343a226a7261647340696e666f2e636f6d223b656d61696c7c733a31343a226a7261647340696e666f2e636f6d223b757365725f69647c733a323a223131223b6f6c645f6c6173745f6c6f67696e7c733a31303a2231353837313934383532223b73745f73746f726549447c733a313a2230223b63757272656e745f62617463685f69647c733a313a2231223b),
('60e90c3db0f968a0e831bacc8f778dd375603176', '::1', 1587367071, 0x5f5f63695f6c6173745f726567656e65726174657c693a313538373336373037313b63757272656e745f6c616e67756167657c733a373a22656e676c697368223b6964656e746974797c733a31343a226a7261647340696e666f2e636f6d223b656d61696c7c733a31343a226a7261647340696e666f2e636f6d223b757365725f69647c733a323a223131223b6f6c645f6c6173745f6c6f67696e7c733a31303a2231353837323139343731223b73745f73746f726549447c733a313a2230223b63757272656e745f62617463685f69647c733a313a2231223b),
('3509bc4243c36eaefffd42253f2bbb8803bc7864', '::1', 1587367280, 0x5f5f63695f6c6173745f726567656e65726174657c693a313538373336373037313b63757272656e745f6c616e67756167657c733a373a22656e676c697368223b6964656e746974797c733a31343a226a7261647340696e666f2e636f6d223b656d61696c7c733a31343a226a7261647340696e666f2e636f6d223b757365725f69647c733a323a223131223b6f6c645f6c6173745f6c6f67696e7c733a31303a2231353837323139343731223b73745f73746f726549447c733a313a2230223b63757272656e745f62617463685f69647c733a313a2231223b),
('c43130ce4a1c91af05186149a0c8ff550bb9fbbf', '::1', 1587650600, 0x5f5f63695f6c6173745f726567656e65726174657c693a313538373635303630303b63757272656e745f6c616e67756167657c733a373a22656e676c697368223b6964656e746974797c733a31343a226a7261647340696e666f2e636f6d223b656d61696c7c733a31343a226a7261647340696e666f2e636f6d223b757365725f69647c733a323a223131223b6f6c645f6c6173745f6c6f67696e7c733a31303a2231353837333636323930223b73745f73746f726549447c733a313a2230223b63757272656e745f62617463685f69647c733a313a2231223b),
('78e2fc2dea87e0f2b47a4fd037834f35b53fe4bf', '::1', 1587650910, 0x5f5f63695f6c6173745f726567656e65726174657c693a313538373635303931303b63757272656e745f6c616e67756167657c733a373a22656e676c697368223b6964656e746974797c733a31343a226a7261647340696e666f2e636f6d223b656d61696c7c733a31343a226a7261647340696e666f2e636f6d223b757365725f69647c733a323a223131223b6f6c645f6c6173745f6c6f67696e7c733a31303a2231353837333636323930223b73745f73746f726549447c733a313a2230223b63757272656e745f62617463685f69647c733a313a2231223b),
('fa407766f5b699c32b401a151dd4c3ad4a94c772', '::1', 1587651216, 0x5f5f63695f6c6173745f726567656e65726174657c693a313538373635313231363b63757272656e745f6c616e67756167657c733a373a22656e676c697368223b6964656e746974797c733a31343a226a7261647340696e666f2e636f6d223b656d61696c7c733a31343a226a7261647340696e666f2e636f6d223b757365725f69647c733a323a223131223b6f6c645f6c6173745f6c6f67696e7c733a31303a2231353837333636323930223b73745f73746f726549447c733a313a2230223b63757272656e745f62617463685f69647c733a313a2231223b),
('d1b18c591a0ae05a5b81d800daecae9a5aa67a81', '::1', 1587651280, 0x5f5f63695f6c6173745f726567656e65726174657c693a313538373635313231363b63757272656e745f6c616e67756167657c733a373a22656e676c697368223b6964656e746974797c733a31343a226a7261647340696e666f2e636f6d223b656d61696c7c733a31343a226a7261647340696e666f2e636f6d223b757365725f69647c733a323a223131223b6f6c645f6c6173745f6c6f67696e7c733a31303a2231353837333636323930223b73745f73746f726549447c733a313a2230223b63757272656e745f62617463685f69647c733a313a2231223b),
('226b469b9e5e4f82cf3d196664838fa90d3eae6c', '::1', 1587706344, 0x5f5f63695f6c6173745f726567656e65726174657c693a313538373730363334343b63757272656e745f6c616e67756167657c733a373a22656e676c697368223b6964656e746974797c733a31343a226a7261647340696e666f2e636f6d223b656d61696c7c733a31343a226a7261647340696e666f2e636f6d223b757365725f69647c733a323a223131223b6f6c645f6c6173745f6c6f67696e7c733a31303a2231353837363530333633223b73745f73746f726549447c733a313a2230223b63757272656e745f62617463685f69647c733a313a2231223b),
('5818641cedb770ed336614772449f97cc47931cf', '::1', 1587706672, 0x5f5f63695f6c6173745f726567656e65726174657c693a313538373730363637323b63757272656e745f6c616e67756167657c733a373a22656e676c697368223b6964656e746974797c733a31343a226a7261647340696e666f2e636f6d223b656d61696c7c733a31343a226a7261647340696e666f2e636f6d223b757365725f69647c733a323a223131223b6f6c645f6c6173745f6c6f67696e7c733a31303a2231353837363530333633223b73745f73746f726549447c733a313a2230223b63757272656e745f62617463685f69647c733a313a2231223b),
('90d94f08786a33464762bb8307b511582a9f61f1', '::1', 1587706997, 0x5f5f63695f6c6173745f726567656e65726174657c693a313538373730363939373b63757272656e745f6c616e67756167657c733a373a22656e676c697368223b6964656e746974797c733a31343a226a7261647340696e666f2e636f6d223b656d61696c7c733a31343a226a7261647340696e666f2e636f6d223b757365725f69647c733a323a223131223b6f6c645f6c6173745f6c6f67696e7c733a31303a2231353837363530333633223b73745f73746f726549447c733a313a2230223b63757272656e745f62617463685f69647c733a313a2231223b),
('079b99cec62c6d59e7219b09571b38a594dd8f04', '::1', 1587707311, 0x5f5f63695f6c6173745f726567656e65726174657c693a313538373730373331313b63757272656e745f6c616e67756167657c733a373a22656e676c697368223b6964656e746974797c733a31343a226a7261647340696e666f2e636f6d223b656d61696c7c733a31343a226a7261647340696e666f2e636f6d223b757365725f69647c733a323a223131223b6f6c645f6c6173745f6c6f67696e7c733a31303a2231353837363530333633223b73745f73746f726549447c733a313a2230223b63757272656e745f62617463685f69647c733a313a2231223b),
('8354a84c9a810359e1fe0421eb0e71b8ebdb4fc0', '::1', 1587707563, 0x5f5f63695f6c6173745f726567656e65726174657c693a313538373730373331313b63757272656e745f6c616e67756167657c733a373a22656e676c697368223b6964656e746974797c733a31343a226a7261647340696e666f2e636f6d223b656d61696c7c733a31343a226a7261647340696e666f2e636f6d223b757365725f69647c733a323a223131223b6f6c645f6c6173745f6c6f67696e7c733a31303a2231353837363530333633223b73745f73746f726549447c733a313a2230223b63757272656e745f62617463685f69647c733a313a2231223b),
('f8184e13ccf308a75cffeb174b22693bf4d73b78', '::1', 1587735600, 0x5f5f63695f6c6173745f726567656e65726174657c693a313538373733353630303b63757272656e745f6c616e67756167657c733a373a22656e676c697368223b6964656e746974797c733a31343a226a7261647340696e666f2e636f6d223b656d61696c7c733a31343a226a7261647340696e666f2e636f6d223b757365725f69647c733a323a223131223b6f6c645f6c6173745f6c6f67696e7c733a31303a2231353837373036303233223b73745f73746f726549447c733a313a2230223b63757272656e745f62617463685f69647c733a313a2231223b);
INSERT INTO `ci_sessions` (`id`, `ip_address`, `timestamp`, `data`) VALUES
('f2bf60b102a6afa1c27c2e3d0970ac96c66264d7', '::1', 1587737353, 0x5f5f63695f6c6173745f726567656e65726174657c693a313538373733373335333b63757272656e745f6c616e67756167657c733a373a22656e676c697368223b6964656e746974797c733a31343a226a7261647340696e666f2e636f6d223b656d61696c7c733a31343a226a7261647340696e666f2e636f6d223b757365725f69647c733a323a223131223b6f6c645f6c6173745f6c6f67696e7c733a31303a2231353837373036303233223b73745f73746f726549447c733a313a2230223b63757272656e745f62617463685f69647c733a313a2231223b),
('67b74c106f85fa1aa8605234886326358b8b66d4', '::1', 1587739127, 0x5f5f63695f6c6173745f726567656e65726174657c693a313538373733393132373b63757272656e745f6c616e67756167657c733a373a22656e676c697368223b6964656e746974797c733a31343a226a7261647340696e666f2e636f6d223b656d61696c7c733a31343a226a7261647340696e666f2e636f6d223b757365725f69647c733a323a223131223b6f6c645f6c6173745f6c6f67696e7c733a31303a2231353837373036303233223b73745f73746f726549447c733a313a2230223b63757272656e745f62617463685f69647c733a313a2231223b),
('be49afe2b32b7103e42dfa2c581b79c23df8855d', '::1', 1587739512, 0x5f5f63695f6c6173745f726567656e65726174657c693a313538373733393531323b63757272656e745f6c616e67756167657c733a373a22656e676c697368223b6964656e746974797c733a31343a226a7261647340696e666f2e636f6d223b656d61696c7c733a31343a226a7261647340696e666f2e636f6d223b757365725f69647c733a323a223131223b6f6c645f6c6173745f6c6f67696e7c733a31303a2231353837373036303233223b73745f73746f726549447c733a313a2230223b63757272656e745f62617463685f69647c733a313a2231223b),
('ba6e117921ab85c17f428119d7f0bc27f85ba284', '::1', 1587739817, 0x5f5f63695f6c6173745f726567656e65726174657c693a313538373733393831373b63757272656e745f6c616e67756167657c733a373a22656e676c697368223b6964656e746974797c733a31343a226a7261647340696e666f2e636f6d223b656d61696c7c733a31343a226a7261647340696e666f2e636f6d223b757365725f69647c733a323a223131223b6f6c645f6c6173745f6c6f67696e7c733a31303a2231353837373036303233223b73745f73746f726549447c733a313a2230223b63757272656e745f62617463685f69647c733a313a2231223b),
('cbb8ab6717511fcd797b1cdc2b064837c12804e5', '::1', 1587739817, 0x5f5f63695f6c6173745f726567656e65726174657c693a313538373733393831373b63757272656e745f6c616e67756167657c733a373a22656e676c697368223b6964656e746974797c733a31343a226a7261647340696e666f2e636f6d223b656d61696c7c733a31343a226a7261647340696e666f2e636f6d223b757365725f69647c733a323a223131223b6f6c645f6c6173745f6c6f67696e7c733a31303a2231353837373036303233223b73745f73746f726549447c733a313a2230223b63757272656e745f62617463685f69647c733a313a2231223b),
('a828d655fcfe747834ca54095c03de40380e7709', '::1', 1587782353, 0x5f5f63695f6c6173745f726567656e65726174657c693a313538373738323335333b63757272656e745f6c616e67756167657c733a373a22656e676c697368223b6964656e746974797c733a31343a226a7261647340696e666f2e636f6d223b656d61696c7c733a31343a226a7261647340696e666f2e636f6d223b757365725f69647c733a323a223131223b6f6c645f6c6173745f6c6f67696e7c733a31303a2231353837373335333132223b73745f73746f726549447c733a313a2230223b63757272656e745f62617463685f69647c733a313a2231223b),
('624d36eed76fcb1a234591d99b0641163682f4f4', '::1', 1587782792, 0x5f5f63695f6c6173745f726567656e65726174657c693a313538373738323739323b63757272656e745f6c616e67756167657c733a373a22656e676c697368223b6964656e746974797c733a31343a226a7261647340696e666f2e636f6d223b656d61696c7c733a31343a226a7261647340696e666f2e636f6d223b757365725f69647c733a323a223131223b6f6c645f6c6173745f6c6f67696e7c733a31303a2231353837373335333132223b73745f73746f726549447c733a313a2230223b63757272656e745f62617463685f69647c733a313a2231223b),
('e39847aa3ae3bcd2a67b8c7e59119ea290b38971', '::1', 1587783295, 0x5f5f63695f6c6173745f726567656e65726174657c693a313538373738333239353b63757272656e745f6c616e67756167657c733a373a22656e676c697368223b6964656e746974797c733a31343a226a7261647340696e666f2e636f6d223b656d61696c7c733a31343a226a7261647340696e666f2e636f6d223b757365725f69647c733a323a223131223b6f6c645f6c6173745f6c6f67696e7c733a31303a2231353837373335333132223b73745f73746f726549447c733a313a2230223b63757272656e745f62617463685f69647c733a313a2231223b),
('0251e2cfb4ff3f435a29b2f61747c9570dbda42e', '::1', 1587783655, 0x5f5f63695f6c6173745f726567656e65726174657c693a313538373738333635353b63757272656e745f6c616e67756167657c733a373a22656e676c697368223b6964656e746974797c733a31343a226a7261647340696e666f2e636f6d223b656d61696c7c733a31343a226a7261647340696e666f2e636f6d223b757365725f69647c733a323a223131223b6f6c645f6c6173745f6c6f67696e7c733a31303a2231353837373335333132223b73745f73746f726549447c733a313a2230223b63757272656e745f62617463685f69647c733a313a2231223b),
('458246a67613672de8d0cc2b4ad6ec0ea57761eb', '::1', 1587784382, 0x5f5f63695f6c6173745f726567656e65726174657c693a313538373738343338323b63757272656e745f6c616e67756167657c733a373a22656e676c697368223b6964656e746974797c733a31343a226a7261647340696e666f2e636f6d223b656d61696c7c733a31343a226a7261647340696e666f2e636f6d223b757365725f69647c733a323a223131223b6f6c645f6c6173745f6c6f67696e7c733a31303a2231353837373335333132223b73745f73746f726549447c733a313a2230223b63757272656e745f62617463685f69647c733a313a2231223b),
('da6084f313155ea2b8ebb6f4f0ef217105927382', '::1', 1587784625, 0x5f5f63695f6c6173745f726567656e65726174657c693a313538373738343632353b6d6573736167657c733a36323a223c64697620636c6173733d22616c65727420616c6572742d73756363657373223e4c6f67676564204f7574205375636365737366756c6c793c2f6469763e223b5f5f63695f766172737c613a313a7b733a373a226d657373616765223b733a333a226f6c64223b7d),
('2f509d3a03bb262c4165f1867f40b1071537c51b', '::1', 1587797690, 0x5f5f63695f6c6173745f726567656e65726174657c693a313538373739373639303b),
('98be92526c177e7f0638d914e943a2fc61772008', '::1', 1587798144, 0x5f5f63695f6c6173745f726567656e65726174657c693a313538373739383134343b63757272656e745f6c616e67756167657c733a373a22656e676c697368223b6964656e746974797c733a31343a226a7261647340696e666f2e636f6d223b656d61696c7c733a31343a226a7261647340696e666f2e636f6d223b757365725f69647c733a323a223131223b6f6c645f6c6173745f6c6f67696e7c733a31303a2231353837373831353132223b73745f73746f726549447c733a313a2230223b63757272656e745f62617463685f69647c733a313a2231223b),
('b7f80902ff5b66da200ffc6514df1de38181652f', '::1', 1587799231, 0x5f5f63695f6c6173745f726567656e65726174657c693a313538373739393233313b63757272656e745f6c616e67756167657c733a373a22656e676c697368223b6964656e746974797c733a31343a226a7261647340696e666f2e636f6d223b656d61696c7c733a31343a226a7261647340696e666f2e636f6d223b757365725f69647c733a323a223131223b6f6c645f6c6173745f6c6f67696e7c733a31303a2231353837373831353132223b73745f73746f726549447c733a313a2230223b63757272656e745f62617463685f69647c733a313a2231223b),
('d84add3b8580e624e62eb8755e2e582414999e5f', '::1', 1587799320, 0x5f5f63695f6c6173745f726567656e65726174657c693a313538373739393233313b63757272656e745f6c616e67756167657c733a373a22656e676c697368223b6964656e746974797c733a31343a226a7261647340696e666f2e636f6d223b656d61696c7c733a31343a226a7261647340696e666f2e636f6d223b757365725f69647c733a323a223131223b6f6c645f6c6173745f6c6f67696e7c733a31303a2231353837373831353132223b73745f73746f726549447c733a313a2230223b63757272656e745f62617463685f69647c733a313a2231223b),
('c2cdcccd18b7915872f88b847f50fbb1f8067803', '::1', 1589174499, 0x5f5f63695f6c6173745f726567656e65726174657c693a313538393137343439393b63757272656e745f6c616e67756167657c733a373a22656e676c697368223b6964656e746974797c733a31343a226a7261647340696e666f2e636f6d223b656d61696c7c733a31343a226a7261647340696e666f2e636f6d223b757365725f69647c733a323a223131223b6f6c645f6c6173745f6c6f67696e7c733a31303a2231353837373937363931223b73745f73746f726549447c733a313a2230223b63757272656e745f62617463685f69647c733a313a2231223b),
('1b7848e3439316dd780d310f971a02428714f082', '::1', 1589174900, 0x5f5f63695f6c6173745f726567656e65726174657c693a313538393137343930303b63757272656e745f6c616e67756167657c733a373a22656e676c697368223b6964656e746974797c733a31343a226a7261647340696e666f2e636f6d223b656d61696c7c733a31343a226a7261647340696e666f2e636f6d223b757365725f69647c733a323a223131223b6f6c645f6c6173745f6c6f67696e7c733a31303a2231353837373937363931223b73745f73746f726549447c733a313a2230223b63757272656e745f62617463685f69647c733a313a2231223b),
('ce8efd01cc72b7e7027c664f6ee17870f112b43c', '::1', 1589175225, 0x5f5f63695f6c6173745f726567656e65726174657c693a313538393137353232353b63757272656e745f6c616e67756167657c733a373a22656e676c697368223b6964656e746974797c733a31343a226a7261647340696e666f2e636f6d223b656d61696c7c733a31343a226a7261647340696e666f2e636f6d223b757365725f69647c733a323a223131223b6f6c645f6c6173745f6c6f67696e7c733a31303a2231353837373937363931223b73745f73746f726549447c733a313a2230223b63757272656e745f62617463685f69647c733a313a2231223b),
('1fcf738a68297e55f54e90fdf9bbe7436eedc390', '::1', 1589175595, 0x5f5f63695f6c6173745f726567656e65726174657c693a313538393137353539353b63757272656e745f6c616e67756167657c733a373a22656e676c697368223b6964656e746974797c733a31343a226a7261647340696e666f2e636f6d223b656d61696c7c733a31343a226a7261647340696e666f2e636f6d223b757365725f69647c733a323a223131223b6f6c645f6c6173745f6c6f67696e7c733a31303a2231353837373937363931223b73745f73746f726549447c733a313a2230223b63757272656e745f62617463685f69647c733a313a2231223b),
('f93c22e58468b2ff8814aafab25ed1e1348fbd05', '::1', 1589175932, 0x5f5f63695f6c6173745f726567656e65726174657c693a313538393137353933323b63757272656e745f6c616e67756167657c733a373a22656e676c697368223b6964656e746974797c733a31343a226a7261647340696e666f2e636f6d223b656d61696c7c733a31343a226a7261647340696e666f2e636f6d223b757365725f69647c733a323a223131223b6f6c645f6c6173745f6c6f67696e7c733a31303a2231353837373937363931223b73745f73746f726549447c733a313a2230223b63757272656e745f62617463685f69647c733a313a2231223b),
('9928e100d02104afc225895c0e89c3abf69814d6', '::1', 1589176472, 0x5f5f63695f6c6173745f726567656e65726174657c693a313538393137363437323b63757272656e745f6c616e67756167657c733a373a22656e676c697368223b6964656e746974797c733a31343a226a7261647340696e666f2e636f6d223b656d61696c7c733a31343a226a7261647340696e666f2e636f6d223b757365725f69647c733a323a223131223b6f6c645f6c6173745f6c6f67696e7c733a31303a2231353837373937363931223b73745f73746f726549447c733a313a2230223b63757272656e745f62617463685f69647c733a313a2231223b),
('96f4e428f5dbe409e4ab07a0e786def74dbb48da', '::1', 1589176831, 0x5f5f63695f6c6173745f726567656e65726174657c693a313538393137363833313b63757272656e745f6c616e67756167657c733a373a22656e676c697368223b6964656e746974797c733a31343a226a7261647340696e666f2e636f6d223b656d61696c7c733a31343a226a7261647340696e666f2e636f6d223b757365725f69647c733a323a223131223b6f6c645f6c6173745f6c6f67696e7c733a31303a2231353837373937363931223b73745f73746f726549447c733a313a2230223b63757272656e745f62617463685f69647c733a313a2231223b),
('7ed0a18e77828014b945a753e7dfa9cee8e6474a', '::1', 1589183840, 0x5f5f63695f6c6173745f726567656e65726174657c693a313538393138333834303b63757272656e745f6c616e67756167657c733a373a22656e676c697368223b6964656e746974797c733a31343a226a7261647340696e666f2e636f6d223b656d61696c7c733a31343a226a7261647340696e666f2e636f6d223b757365725f69647c733a323a223131223b6f6c645f6c6173745f6c6f67696e7c733a31303a2231353837373937363931223b73745f73746f726549447c733a313a2230223b63757272656e745f62617463685f69647c733a313a2231223b),
('f7fc0302dbe6b2c197c514316a451364d548cf76', '::1', 1589184263, 0x5f5f63695f6c6173745f726567656e65726174657c693a313538393138343236333b63757272656e745f6c616e67756167657c733a373a22656e676c697368223b6964656e746974797c733a31343a226a7261647340696e666f2e636f6d223b656d61696c7c733a31343a226a7261647340696e666f2e636f6d223b757365725f69647c733a323a223131223b6f6c645f6c6173745f6c6f67696e7c733a31303a2231353837373937363931223b73745f73746f726549447c733a313a2230223b63757272656e745f62617463685f69647c733a313a2231223b),
('a25fc7817b25a7d1dc3dba780472ff44b9453997', '::1', 1589184398, 0x5f5f63695f6c6173745f726567656e65726174657c693a313538393138343236333b63757272656e745f6c616e67756167657c733a373a22656e676c697368223b6964656e746974797c733a31343a226a7261647340696e666f2e636f6d223b656d61696c7c733a31343a226a7261647340696e666f2e636f6d223b757365725f69647c733a323a223131223b6f6c645f6c6173745f6c6f67696e7c733a31303a2231353837373937363931223b73745f73746f726549447c733a313a2230223b63757272656e745f62617463685f69647c733a313a2231223b),
('a74f3f402c672685c237fc9f79401cd4d24830de', '::1', 1591240984, 0x5f5f63695f6c6173745f726567656e65726174657c693a313539313234303938343b63757272656e745f6c616e67756167657c733a373a22656e676c697368223b6964656e746974797c733a31343a226a7261647340696e666f2e636f6d223b656d61696c7c733a31343a226a7261647340696e666f2e636f6d223b757365725f69647c733a323a223131223b6f6c645f6c6173745f6c6f67696e7c733a31303a2231353839313733383730223b73745f73746f726549447c733a313a2230223b63757272656e745f62617463685f69647c733a313a2231223b),
('47e1105fa54c150177fd7bab7050aaf52cee9c48', '::1', 1591241143, 0x5f5f63695f6c6173745f726567656e65726174657c693a313539313234303938343b63757272656e745f6c616e67756167657c733a373a22656e676c697368223b6964656e746974797c733a31343a226a7261647340696e666f2e636f6d223b656d61696c7c733a31343a226a7261647340696e666f2e636f6d223b757365725f69647c733a323a223131223b6f6c645f6c6173745f6c6f67696e7c733a31303a2231353839313733383730223b73745f73746f726549447c733a313a2230223b63757272656e745f62617463685f69647c733a313a2231223b),
('901a735798e00a7e718d8d01b8c58fac09aa8279', '::1', 1591253304, 0x5f5f63695f6c6173745f726567656e65726174657c693a313539313235333330343b63757272656e745f6c616e67756167657c733a373a22656e676c697368223b6964656e746974797c733a31343a226a7261647340696e666f2e636f6d223b656d61696c7c733a31343a226a7261647340696e666f2e636f6d223b757365725f69647c733a323a223131223b6f6c645f6c6173745f6c6f67696e7c733a31303a2231353931323430363439223b73745f73746f726549447c733a313a2230223b63757272656e745f62617463685f69647c733a313a2231223b),
('5b26998d5114138e4dc7862e1a6f07571a9511e9', '::1', 1591253845, 0x5f5f63695f6c6173745f726567656e65726174657c693a313539313235333834353b63757272656e745f6c616e67756167657c733a373a22656e676c697368223b6964656e746974797c733a31343a226a7261647340696e666f2e636f6d223b656d61696c7c733a31343a226a7261647340696e666f2e636f6d223b757365725f69647c733a323a223131223b6f6c645f6c6173745f6c6f67696e7c733a31303a2231353931323430363439223b73745f73746f726549447c733a313a2230223b63757272656e745f62617463685f69647c733a313a2231223b),
('307d7641bf126f0f20f1ada2d558d8257af18094', '::1', 1591254173, 0x5f5f63695f6c6173745f726567656e65726174657c693a313539313235343137333b63757272656e745f6c616e67756167657c733a373a22656e676c697368223b6964656e746974797c733a31343a226a7261647340696e666f2e636f6d223b656d61696c7c733a31343a226a7261647340696e666f2e636f6d223b757365725f69647c733a323a223131223b6f6c645f6c6173745f6c6f67696e7c733a31303a2231353931323430363439223b73745f73746f726549447c733a313a2230223b63757272656e745f62617463685f69647c733a313a2231223b),
('5c2fcee701f72e183c05572deb5b204422593bdf', '::1', 1591254704, 0x5f5f63695f6c6173745f726567656e65726174657c693a313539313235343730343b63757272656e745f6c616e67756167657c733a373a22656e676c697368223b6964656e746974797c733a31343a226a7261647340696e666f2e636f6d223b656d61696c7c733a31343a226a7261647340696e666f2e636f6d223b757365725f69647c733a323a223131223b6f6c645f6c6173745f6c6f67696e7c733a31303a2231353931323430363439223b73745f73746f726549447c733a313a2230223b63757272656e745f62617463685f69647c733a313a2231223b),
('670394f63402a606539b05709fa51c6ba173aaff', '::1', 1591255140, 0x5f5f63695f6c6173745f726567656e65726174657c693a313539313235353134303b63757272656e745f6c616e67756167657c733a373a22656e676c697368223b6964656e746974797c733a31343a226a7261647340696e666f2e636f6d223b656d61696c7c733a31343a226a7261647340696e666f2e636f6d223b757365725f69647c733a323a223131223b6f6c645f6c6173745f6c6f67696e7c733a31303a2231353931323430363439223b73745f73746f726549447c733a313a2230223b63757272656e745f62617463685f69647c733a313a2231223b),
('e29e51cc38175b8c98eaf580837eec3a078636e4', '::1', 1591255772, 0x5f5f63695f6c6173745f726567656e65726174657c693a313539313235353737323b63757272656e745f6c616e67756167657c733a373a22656e676c697368223b6964656e746974797c733a31343a226a7261647340696e666f2e636f6d223b656d61696c7c733a31343a226a7261647340696e666f2e636f6d223b757365725f69647c733a323a223131223b6f6c645f6c6173745f6c6f67696e7c733a31303a2231353931323430363439223b73745f73746f726549447c733a313a2230223b63757272656e745f62617463685f69647c733a313a2231223b),
('3a288c6f604eac63a9c14c1d14e85a02f7c98dd0', '::1', 1591256157, 0x5f5f63695f6c6173745f726567656e65726174657c693a313539313235363135373b63757272656e745f6c616e67756167657c733a373a22656e676c697368223b6964656e746974797c733a31343a226a7261647340696e666f2e636f6d223b656d61696c7c733a31343a226a7261647340696e666f2e636f6d223b757365725f69647c733a323a223131223b6f6c645f6c6173745f6c6f67696e7c733a31303a2231353931323430363439223b73745f73746f726549447c733a313a2230223b63757272656e745f62617463685f69647c733a313a2231223b),
('70a917a5352e194f7723febfdecf69db9d6b4749', '::1', 1591256608, 0x5f5f63695f6c6173745f726567656e65726174657c693a313539313235363630383b63757272656e745f6c616e67756167657c733a373a22656e676c697368223b6964656e746974797c733a31343a226a7261647340696e666f2e636f6d223b656d61696c7c733a31343a226a7261647340696e666f2e636f6d223b757365725f69647c733a323a223131223b6f6c645f6c6173745f6c6f67696e7c733a31303a2231353931323430363439223b73745f73746f726549447c733a313a2230223b63757272656e745f62617463685f69647c733a313a2231223b),
('8261bd0e7403703fea893b5661059e080bbc1fb4', '::1', 1591257320, 0x5f5f63695f6c6173745f726567656e65726174657c693a313539313235373332303b6d6573736167657c733a36323a223c64697620636c6173733d22616c65727420616c6572742d73756363657373223e4c6f67676564204f7574205375636365737366756c6c793c2f6469763e223b5f5f63695f766172737c613a313a7b733a373a226d657373616765223b733a333a226f6c64223b7d),
('2891adf1e041b5ba790920fc3ff0625286b2420a', '::1', 1591257737, 0x5f5f63695f6c6173745f726567656e65726174657c693a313539313235373733373b63757272656e745f6c616e67756167657c733a373a22656e676c697368223b6964656e746974797c733a31343a226a7261647340696e666f2e636f6d223b656d61696c7c733a31343a226a7261647340696e666f2e636f6d223b757365725f69647c733a323a223131223b6f6c645f6c6173745f6c6f67696e7c733a31303a2231353931323532373938223b73745f73746f726549447c733a313a2230223b63757272656e745f62617463685f69647c733a313a2231223b),
('d49ff252bfcfda4c6a026f146e240872af97408d', '::1', 1591258166, 0x5f5f63695f6c6173745f726567656e65726174657c693a313539313235383136363b63757272656e745f6c616e67756167657c733a373a22656e676c697368223b6964656e746974797c733a31343a226a7261647340696e666f2e636f6d223b656d61696c7c733a31343a226a7261647340696e666f2e636f6d223b757365725f69647c733a323a223131223b6f6c645f6c6173745f6c6f67696e7c733a31303a2231353931323532373938223b73745f73746f726549447c733a313a2230223b63757272656e745f62617463685f69647c733a313a2231223b),
('de88a9b4d00439ece3decd8689e05eed5b42ae2d', '::1', 1591259734, 0x5f5f63695f6c6173745f726567656e65726174657c693a313539313235393733343b63757272656e745f6c616e67756167657c733a373a22656e676c697368223b6964656e746974797c733a31343a226a7261647340696e666f2e636f6d223b656d61696c7c733a31343a226a7261647340696e666f2e636f6d223b757365725f69647c733a323a223131223b6f6c645f6c6173745f6c6f67696e7c733a31303a2231353931323532373938223b73745f73746f726549447c733a313a2230223b63757272656e745f62617463685f69647c733a313a2231223b),
('33bfeee3605555c0e66a140e5165151a410ad78e', '::1', 1591259735, 0x5f5f63695f6c6173745f726567656e65726174657c693a313539313235393733343b63757272656e745f6c616e67756167657c733a373a22656e676c697368223b6964656e746974797c733a31343a226a7261647340696e666f2e636f6d223b656d61696c7c733a31343a226a7261647340696e666f2e636f6d223b757365725f69647c733a323a223131223b6f6c645f6c6173745f6c6f67696e7c733a31303a2231353931323532373938223b73745f73746f726549447c733a313a2230223b63757272656e745f62617463685f69647c733a313a2231223b),
('136330a3f5334246a26e00b51f82984a068e0afe', '::1', 1591419972, 0x5f5f63695f6c6173745f726567656e65726174657c693a313539313431393937323b63757272656e745f6c616e67756167657c733a373a22656e676c697368223b6964656e746974797c733a31343a226a7261647340696e666f2e636f6d223b656d61696c7c733a31343a226a7261647340696e666f2e636f6d223b757365725f69647c733a323a223131223b6f6c645f6c6173745f6c6f67696e7c733a31303a2231353931323537333433223b73745f73746f726549447c733a313a2230223b63757272656e745f62617463685f69647c733a313a2231223b),
('5e8fa6fd698cffea1185f7778e3234a961058449', '::1', 1591420273, 0x5f5f63695f6c6173745f726567656e65726174657c693a313539313432303237333b63757272656e745f6c616e67756167657c733a373a22656e676c697368223b6964656e746974797c733a31343a226a7261647340696e666f2e636f6d223b656d61696c7c733a31343a226a7261647340696e666f2e636f6d223b757365725f69647c733a323a223131223b6f6c645f6c6173745f6c6f67696e7c733a31303a2231353931323537333433223b73745f73746f726549447c733a313a2230223b63757272656e745f62617463685f69647c733a313a2231223b),
('4af2fa1be3be4f13a7d10f1291e15382fe6242c6', '::1', 1591420433, 0x5f5f63695f6c6173745f726567656e65726174657c693a313539313432303237333b63757272656e745f6c616e67756167657c733a373a22656e676c697368223b6964656e746974797c733a31343a226a7261647340696e666f2e636f6d223b656d61696c7c733a31343a226a7261647340696e666f2e636f6d223b757365725f69647c733a323a223131223b6f6c645f6c6173745f6c6f67696e7c733a31303a2231353931323537333433223b73745f73746f726549447c733a313a2230223b63757272656e745f62617463685f69647c733a313a2231223b),
('dd1cba14024de7d5a2bc434890c720f5b1c4c640', '::1', 1591544069, 0x5f5f63695f6c6173745f726567656e65726174657c693a313539313534343030353b63757272656e745f6c616e67756167657c733a373a22656e676c697368223b6964656e746974797c733a31343a226a7261647340696e666f2e636f6d223b656d61696c7c733a31343a226a7261647340696e666f2e636f6d223b757365725f69647c733a323a223131223b6f6c645f6c6173745f6c6f67696e7c733a31303a2231353931343139363636223b73745f73746f726549447c733a313a2230223b63757272656e745f62617463685f69647c733a313a2231223b),
('5d5ee0781c6920a493966c358c431a5cf1f49539', '::1', 1591609970, 0x5f5f63695f6c6173745f726567656e65726174657c693a313539313630393937303b63757272656e745f6c616e67756167657c733a373a22656e676c697368223b6964656e746974797c733a31343a226a7261647340696e666f2e636f6d223b656d61696c7c733a31343a226a7261647340696e666f2e636f6d223b757365725f69647c733a323a223131223b6f6c645f6c6173745f6c6f67696e7c733a31303a2231353931353434303337223b73745f73746f726549447c733a313a2230223b63757272656e745f62617463685f69647c733a313a2231223b),
('1087d597a7b9ed7b54d1009b42a19460320aba48', '::1', 1591609977, 0x5f5f63695f6c6173745f726567656e65726174657c693a313539313630393937303b63757272656e745f6c616e67756167657c733a373a22656e676c697368223b6964656e746974797c733a31343a226a7261647340696e666f2e636f6d223b656d61696c7c733a31343a226a7261647340696e666f2e636f6d223b757365725f69647c733a323a223131223b6f6c645f6c6173745f6c6f67696e7c733a31303a2231353931353434303337223b73745f73746f726549447c733a313a2230223b63757272656e745f62617463685f69647c733a313a2231223b),
('3f27a59bbe54adcd3068990a6d964f4ece39c6f6', '::1', 1593239637, 0x5f5f63695f6c6173745f726567656e65726174657c693a313539333233393633373b63757272656e745f6c616e67756167657c733a373a22656e676c697368223b6964656e746974797c733a31343a226a7261647340696e666f2e636f6d223b656d61696c7c733a31343a226a7261647340696e666f2e636f6d223b757365725f69647c733a323a223131223b6f6c645f6c6173745f6c6f67696e7c733a31303a2231353933303931363234223b73745f73746f726549447c733a313a2230223b63757272656e745f62617463685f69647c733a313a2231223b),
('dfd6a1dc15d45073e3571a5c17e784d087c4d146', '::1', 1593240739, 0x5f5f63695f6c6173745f726567656e65726174657c693a313539333234303733393b63757272656e745f6c616e67756167657c733a373a22656e676c697368223b6964656e746974797c733a31343a226a7261647340696e666f2e636f6d223b656d61696c7c733a31343a226a7261647340696e666f2e636f6d223b757365725f69647c733a323a223131223b6f6c645f6c6173745f6c6f67696e7c733a31303a2231353933303931363234223b73745f73746f726549447c733a313a2230223b63757272656e745f62617463685f69647c733a313a2231223b),
('90c6cb9b58ce25e16bd15dea930725eac95cb03d', '::1', 1593241056, 0x5f5f63695f6c6173745f726567656e65726174657c693a313539333234313035363b63757272656e745f6c616e67756167657c733a373a22656e676c697368223b6964656e746974797c733a31343a226a7261647340696e666f2e636f6d223b656d61696c7c733a31343a226a7261647340696e666f2e636f6d223b757365725f69647c733a323a223131223b6f6c645f6c6173745f6c6f67696e7c733a31303a2231353933303931363234223b73745f73746f726549447c733a313a2230223b63757272656e745f62617463685f69647c733a313a2231223b),
('342a1da4d05204d6d48d69cc613054406ba65bf3', '::1', 1593241412, 0x5f5f63695f6c6173745f726567656e65726174657c693a313539333234313431323b63757272656e745f6c616e67756167657c733a373a22656e676c697368223b6964656e746974797c733a31343a226a7261647340696e666f2e636f6d223b656d61696c7c733a31343a226a7261647340696e666f2e636f6d223b757365725f69647c733a323a223131223b6f6c645f6c6173745f6c6f67696e7c733a31303a2231353933303931363234223b73745f73746f726549447c733a313a2230223b63757272656e745f62617463685f69647c733a313a2231223b),
('0e8aeec8e610553150cd705d0a10ebd0dd4fbf0f', '::1', 1593241412, 0x5f5f63695f6c6173745f726567656e65726174657c693a313539333234313431323b63757272656e745f6c616e67756167657c733a373a22656e676c697368223b6964656e746974797c733a31343a226a7261647340696e666f2e636f6d223b656d61696c7c733a31343a226a7261647340696e666f2e636f6d223b757365725f69647c733a323a223131223b6f6c645f6c6173745f6c6f67696e7c733a31303a2231353933303931363234223b73745f73746f726549447c733a313a2230223b63757272656e745f62617463685f69647c733a313a2231223b),
('bb8dd9beac8ac98f4960cb6fe82f2d3a0f0e1346', '::1', 1593272982, 0x5f5f63695f6c6173745f726567656e65726174657c693a313539333237323830363b63757272656e745f6c616e67756167657c733a373a22656e676c697368223b6964656e746974797c733a31343a226a7261647340696e666f2e636f6d223b656d61696c7c733a31343a226a7261647340696e666f2e636f6d223b757365725f69647c733a323a223131223b6f6c645f6c6173745f6c6f67696e7c733a31303a2231353933323337363433223b73745f73746f726549447c733a313a2230223b63757272656e745f62617463685f69647c4e3b),
('f8c5012d04f2dd6b07e7f61104d52092d0287fca', '::1', 1593915505, 0x5f5f63695f6c6173745f726567656e65726174657c693a313539333931353437323b63757272656e745f6c616e67756167657c733a373a22656e676c697368223b6964656e746974797c733a31343a226a7261647340696e666f2e636f6d223b656d61696c7c733a31343a226a7261647340696e666f2e636f6d223b757365725f69647c733a323a223131223b6f6c645f6c6173745f6c6f67696e7c733a31303a2231353933323732383233223b73745f73746f726549447c733a313a2230223b63757272656e745f62617463685f69647c4e3b),
('4ead52c7f65ffce50c2c631f9801448c8ab1d367', '::1', 1594303407, 0x5f5f63695f6c6173745f726567656e65726174657c693a313539343330333430373b63757272656e745f6c616e67756167657c733a373a22656e676c697368223b6964656e746974797c733a31343a226a7261647340696e666f2e636f6d223b656d61696c7c733a31343a226a7261647340696e666f2e636f6d223b757365725f69647c733a323a223131223b6f6c645f6c6173745f6c6f67696e7c733a31303a2231353933393135353034223b73745f73746f726549447c733a313a2230223b63757272656e745f62617463685f69647c4e3b),
('ce46f06cfa17a815f648e3d1c16a949a8aa780fd', '::1', 1594309286, 0x5f5f63695f6c6173745f726567656e65726174657c693a313539343330393238363b63757272656e745f6c616e67756167657c733a373a22656e676c697368223b6964656e746974797c733a31343a226a7261647340696e666f2e636f6d223b656d61696c7c733a31343a226a7261647340696e666f2e636f6d223b757365725f69647c733a323a223131223b6f6c645f6c6173745f6c6f67696e7c733a31303a2231353933393135353034223b73745f73746f726549447c733a313a2230223b63757272656e745f62617463685f69647c4e3b),
('f52ba903bd62be5a210df970d7162be75b2f178b', '::1', 1594309293, 0x5f5f63695f6c6173745f726567656e65726174657c693a313539343330393238363b63757272656e745f6c616e67756167657c733a373a22656e676c697368223b6964656e746974797c733a31343a226a7261647340696e666f2e636f6d223b656d61696c7c733a31343a226a7261647340696e666f2e636f6d223b757365725f69647c733a323a223131223b6f6c645f6c6173745f6c6f67696e7c733a31303a2231353933393135353034223b73745f73746f726549447c733a313a2230223b63757272656e745f62617463685f69647c4e3b),
('18f5b274b2d4d2fa600556daf375b0a380193723', '::1', 1594349381, 0x5f5f63695f6c6173745f726567656e65726174657c693a313539343334393338303b6d6573736167657c733a36323a223c64697620636c6173733d22616c65727420616c6572742d73756363657373223e4c6f67676564204f7574205375636365737366756c6c793c2f6469763e223b5f5f63695f766172737c613a313a7b733a373a226d657373616765223b733a333a226f6c64223b7d),
('6d2dccfa328b2ca2cacdba2e0fab2658b507cae8', '::1', 1594861468, 0x5f5f63695f6c6173745f726567656e65726174657c693a313539343836313334393b),
('21a0a78d7c02968c8a7ed7a4237df312ec8f5856', '::1', 1594861784, 0x5f5f63695f6c6173745f726567656e65726174657c693a313539343836313637333b),
('734dad4a0bbbff25f6496ba953749413eb8368f9', '::1', 1594861997, 0x5f5f63695f6c6173745f726567656e65726174657c693a313539343836313939363b),
('1c4ae37813647e3acccf831293638afc10716603', '::1', 1594862602, 0x5f5f63695f6c6173745f726567656e65726174657c693a313539343836323332393b63757272656e745f6c616e67756167657c733a373a22656e676c697368223b6964656e746974797c733a31343a226a7261647340696e666f2e636f6d223b656d61696c7c733a31343a226a7261647340696e666f2e636f6d223b757365725f69647c733a323a223131223b6f6c645f6c6173745f6c6f67696e7c733a31303a2231353934333439323832223b73745f73746f726549447c733a313a2230223b63757272656e745f62617463685f69647c4e3b),
('7c646370cfeca19d66cb26ba5a71bd891c99b073', '::1', 1594887074, 0x5f5f63695f6c6173745f726567656e65726174657c693a313539343838373037343b63757272656e745f6c616e67756167657c733a373a22656e676c697368223b6964656e746974797c733a31343a226a7261647340696e666f2e636f6d223b656d61696c7c733a31343a226a7261647340696e666f2e636f6d223b757365725f69647c733a323a223131223b6f6c645f6c6173745f6c6f67696e7c733a31303a2231353934383632363031223b73745f73746f726549447c733a313a2230223b63757272656e745f62617463685f69647c4e3b),
('4380f50163df584e4ec285b899b1865c568f04d4', '::1', 1594887092, 0x5f5f63695f6c6173745f726567656e65726174657c693a313539343838373037343b63757272656e745f6c616e67756167657c733a373a22656e676c697368223b6964656e746974797c733a31343a226a7261647340696e666f2e636f6d223b656d61696c7c733a31343a226a7261647340696e666f2e636f6d223b757365725f69647c733a323a223131223b6f6c645f6c6173745f6c6f67696e7c733a31303a2231353934383632363031223b73745f73746f726549447c733a313a2230223b63757272656e745f62617463685f69647c4e3b),
('9e69e85f88fdf75956728a21ea33d8840a222c3c', '::1', 1594944582, 0x5f5f63695f6c6173745f726567656e65726174657c693a313539343934343538323b63757272656e745f6c616e67756167657c733a373a22656e676c697368223b6964656e746974797c733a31343a226a7261647340696e666f2e636f6d223b656d61696c7c733a31343a226a7261647340696e666f2e636f6d223b757365725f69647c733a323a223131223b6f6c645f6c6173745f6c6f67696e7c733a31303a2231353934383836353838223b73745f73746f726549447c733a313a2230223b63757272656e745f62617463685f69647c4e3b),
('04f647399c088a166b04d2074cf73e35dc53f79d', '::1', 1594944904, 0x5f5f63695f6c6173745f726567656e65726174657c693a313539343934343930343b63757272656e745f6c616e67756167657c733a373a22656e676c697368223b6964656e746974797c733a31343a226a7261647340696e666f2e636f6d223b656d61696c7c733a31343a226a7261647340696e666f2e636f6d223b757365725f69647c733a323a223131223b6f6c645f6c6173745f6c6f67696e7c733a31303a2231353934383836353838223b73745f73746f726549447c733a313a2230223b63757272656e745f62617463685f69647c4e3b),
('88d46f0869d37470cec5ea172018d6f7252b066e', '::1', 1594945271, 0x5f5f63695f6c6173745f726567656e65726174657c693a313539343934353237313b63757272656e745f6c616e67756167657c733a373a22656e676c697368223b6964656e746974797c733a31343a226a7261647340696e666f2e636f6d223b656d61696c7c733a31343a226a7261647340696e666f2e636f6d223b757365725f69647c733a323a223131223b6f6c645f6c6173745f6c6f67696e7c733a31303a2231353934383836353838223b73745f73746f726549447c733a313a2230223b63757272656e745f62617463685f69647c4e3b),
('b03bef6d5783cb2c3a5861747d1bc915cce48ab4', '::1', 1594945800, 0x5f5f63695f6c6173745f726567656e65726174657c693a313539343934353830303b63757272656e745f6c616e67756167657c733a373a22656e676c697368223b6964656e746974797c733a31343a226a7261647340696e666f2e636f6d223b656d61696c7c733a31343a226a7261647340696e666f2e636f6d223b757365725f69647c733a323a223131223b6f6c645f6c6173745f6c6f67696e7c733a31303a2231353934383836353838223b73745f73746f726549447c733a313a2230223b63757272656e745f62617463685f69647c4e3b),
('614ac914548651abe4e84b5bc7cee1e66d8a4090', '::1', 1594946180, 0x5f5f63695f6c6173745f726567656e65726174657c693a313539343934363138303b63757272656e745f6c616e67756167657c733a373a22656e676c697368223b6964656e746974797c733a31343a226a7261647340696e666f2e636f6d223b656d61696c7c733a31343a226a7261647340696e666f2e636f6d223b757365725f69647c733a323a223131223b6f6c645f6c6173745f6c6f67696e7c733a31303a2231353934383836353838223b73745f73746f726549447c733a313a2230223b63757272656e745f62617463685f69647c4e3b),
('adb5282e938d2d7f98605b0be863247c6302ba5b', '::1', 1594946180, 0x5f5f63695f6c6173745f726567656e65726174657c693a313539343934363138303b63757272656e745f6c616e67756167657c733a373a22656e676c697368223b6964656e746974797c733a31343a226a7261647340696e666f2e636f6d223b656d61696c7c733a31343a226a7261647340696e666f2e636f6d223b757365725f69647c733a323a223131223b6f6c645f6c6173745f6c6f67696e7c733a31303a2231353934383836353838223b73745f73746f726549447c733a313a2230223b63757272656e745f62617463685f69647c4e3b),
('a420c2e3f6796a61a6c8051770378c026c3e6ce6', '::1', 1595034720, 0x5f5f63695f6c6173745f726567656e65726174657c693a313539353033343732303b63757272656e745f6c616e67756167657c733a373a22656e676c697368223b6964656e746974797c733a31343a226a7261647340696e666f2e636f6d223b656d61696c7c733a31343a226a7261647340696e666f2e636f6d223b757365725f69647c733a323a223131223b6f6c645f6c6173745f6c6f67696e7c733a31303a2231353934393434323638223b73745f73746f726549447c733a313a2230223b63757272656e745f62617463685f69647c4e3b),
('568b8648d6231a4c01cd274a82e18053a5c89c72', '::1', 1595034721, 0x5f5f63695f6c6173745f726567656e65726174657c693a313539353033343732303b63757272656e745f6c616e67756167657c733a373a22656e676c697368223b6964656e746974797c733a31343a226a7261647340696e666f2e636f6d223b656d61696c7c733a31343a226a7261647340696e666f2e636f6d223b757365725f69647c733a323a223131223b6f6c645f6c6173745f6c6f67696e7c733a31303a2231353934393434323638223b73745f73746f726549447c733a313a2230223b63757272656e745f62617463685f69647c4e3b),
('8ed89911db61080dbcb7209a26dddc32517b005a', '::1', 1595046255, 0x5f5f63695f6c6173745f726567656e65726174657c693a313539353034363235353b63757272656e745f6c616e67756167657c733a373a22656e676c697368223b6964656e746974797c733a31343a226a7261647340696e666f2e636f6d223b656d61696c7c733a31343a226a7261647340696e666f2e636f6d223b757365725f69647c733a323a223131223b6f6c645f6c6173745f6c6f67696e7c733a31303a2231353935303334333933223b73745f73746f726549447c733a313a2230223b63757272656e745f62617463685f69647c4e3b),
('0540c74510bd93f91256d0a44fcf22402a1176c4', '::1', 1595046324, 0x5f5f63695f6c6173745f726567656e65726174657c693a313539353034363235353b63757272656e745f6c616e67756167657c733a373a22656e676c697368223b6964656e746974797c733a31343a226a7261647340696e666f2e636f6d223b656d61696c7c733a31343a226a7261647340696e666f2e636f6d223b757365725f69647c733a323a223131223b6f6c645f6c6173745f6c6f67696e7c733a31303a2231353935303334333933223b73745f73746f726549447c733a313a2230223b63757272656e745f62617463685f69647c4e3b),
('0df51e6c8ae5d009c2602e68d69e6a4b9d3de5dd', '::1', 1595058982, 0x5f5f63695f6c6173745f726567656e65726174657c693a313539353035383938323b63757272656e745f6c616e67756167657c733a373a22656e676c697368223b6964656e746974797c733a31343a226a7261647340696e666f2e636f6d223b656d61696c7c733a31343a226a7261647340696e666f2e636f6d223b757365725f69647c733a323a223131223b6f6c645f6c6173745f6c6f67696e7c733a31303a2231353935303435363831223b73745f73746f726549447c733a313a2230223b63757272656e745f62617463685f69647c733a313a2231223b),
('44a3fb1438643dac1768010e46c08d5fc0081fe7', '::1', 1595059323, 0x5f5f63695f6c6173745f726567656e65726174657c693a313539353035393332333b63757272656e745f6c616e67756167657c733a373a22656e676c697368223b6964656e746974797c733a31343a226a7261647340696e666f2e636f6d223b656d61696c7c733a31343a226a7261647340696e666f2e636f6d223b757365725f69647c733a323a223131223b6f6c645f6c6173745f6c6f67696e7c733a31303a2231353935303435363831223b73745f73746f726549447c733a313a2230223b63757272656e745f62617463685f69647c733a313a2231223b),
('d69881b2217d0d3bbdbd8eb1deb21dff5beb44e3', '::1', 1595059646, 0x5f5f63695f6c6173745f726567656e65726174657c693a313539353035393634363b63757272656e745f6c616e67756167657c733a373a22656e676c697368223b6964656e746974797c733a31343a226a7261647340696e666f2e636f6d223b656d61696c7c733a31343a226a7261647340696e666f2e636f6d223b757365725f69647c733a323a223131223b6f6c645f6c6173745f6c6f67696e7c733a31303a2231353935303435363831223b73745f73746f726549447c733a313a2230223b63757272656e745f62617463685f69647c733a313a2231223b),
('9d80e52231980d62211296eb0cb95e173d63228b', '::1', 1595060206, 0x5f5f63695f6c6173745f726567656e65726174657c693a313539353036303230363b63757272656e745f6c616e67756167657c733a373a22656e676c697368223b6964656e746974797c733a31343a226a7261647340696e666f2e636f6d223b656d61696c7c733a31343a226a7261647340696e666f2e636f6d223b757365725f69647c733a323a223131223b6f6c645f6c6173745f6c6f67696e7c733a31303a2231353935303435363831223b73745f73746f726549447c733a313a2230223b63757272656e745f62617463685f69647c733a313a2231223b),
('185921b45ba587c77f2ff9c7fca797e9c480fb68', '::1', 1595060570, 0x5f5f63695f6c6173745f726567656e65726174657c693a313539353036303537303b63757272656e745f6c616e67756167657c733a373a22656e676c697368223b6964656e746974797c733a31343a226a7261647340696e666f2e636f6d223b656d61696c7c733a31343a226a7261647340696e666f2e636f6d223b757365725f69647c733a323a223131223b6f6c645f6c6173745f6c6f67696e7c733a31303a2231353935303435363831223b73745f73746f726549447c733a313a2230223b63757272656e745f62617463685f69647c733a313a2231223b),
('c1674b6e5778e6f9e40d48b83b51cb931da55f4e', '::1', 1595061009, 0x5f5f63695f6c6173745f726567656e65726174657c693a313539353036313030393b63757272656e745f6c616e67756167657c733a373a22656e676c697368223b6964656e746974797c733a31343a226a7261647340696e666f2e636f6d223b656d61696c7c733a31343a226a7261647340696e666f2e636f6d223b757365725f69647c733a323a223131223b6f6c645f6c6173745f6c6f67696e7c733a31303a2231353935303435363831223b73745f73746f726549447c733a313a2230223b63757272656e745f62617463685f69647c733a313a2231223b),
('dac3a334bddacb67a640740f583b6f785af743f0', '::1', 1595061326, 0x5f5f63695f6c6173745f726567656e65726174657c693a313539353036313332363b63757272656e745f6c616e67756167657c733a373a22656e676c697368223b6964656e746974797c733a31343a226a7261647340696e666f2e636f6d223b656d61696c7c733a31343a226a7261647340696e666f2e636f6d223b757365725f69647c733a323a223131223b6f6c645f6c6173745f6c6f67696e7c733a31303a2231353935303435363831223b73745f73746f726549447c733a313a2230223b63757272656e745f62617463685f69647c733a313a2231223b),
('329d752a6f42564665a1ce521ff6f5e8da654a07', '::1', 1595061740, 0x5f5f63695f6c6173745f726567656e65726174657c693a313539353036313734303b63757272656e745f6c616e67756167657c733a373a22656e676c697368223b6964656e746974797c733a31343a226a7261647340696e666f2e636f6d223b656d61696c7c733a31343a226a7261647340696e666f2e636f6d223b757365725f69647c733a323a223131223b6f6c645f6c6173745f6c6f67696e7c733a31303a2231353935303435363831223b73745f73746f726549447c733a313a2230223b63757272656e745f62617463685f69647c733a313a2231223b),
('913a93caca78e0d4f829fcc7ca24becb7c67ab13', '::1', 1595062718, 0x5f5f63695f6c6173745f726567656e65726174657c693a313539353036323731383b63757272656e745f6c616e67756167657c733a373a22656e676c697368223b6964656e746974797c733a31343a226a7261647340696e666f2e636f6d223b656d61696c7c733a31343a226a7261647340696e666f2e636f6d223b757365725f69647c733a323a223131223b6f6c645f6c6173745f6c6f67696e7c733a31303a2231353935303435363831223b73745f73746f726549447c733a313a2230223b63757272656e745f62617463685f69647c733a313a2231223b),
('1db463fcce0e99ffaaad1c35adf84d0259aa9303', '::1', 1595063134, 0x5f5f63695f6c6173745f726567656e65726174657c693a313539353036333133343b63757272656e745f6c616e67756167657c733a373a22656e676c697368223b6964656e746974797c733a31343a226a7261647340696e666f2e636f6d223b656d61696c7c733a31343a226a7261647340696e666f2e636f6d223b757365725f69647c733a323a223131223b6f6c645f6c6173745f6c6f67696e7c733a31303a2231353935303435363831223b73745f73746f726549447c733a313a2230223b63757272656e745f62617463685f69647c733a313a2231223b),
('6cc1dd521b253a3d34c234532b0f9de834e64550', '::1', 1595063438, 0x5f5f63695f6c6173745f726567656e65726174657c693a313539353036333433383b63757272656e745f6c616e67756167657c733a373a22656e676c697368223b6964656e746974797c733a31343a226a7261647340696e666f2e636f6d223b656d61696c7c733a31343a226a7261647340696e666f2e636f6d223b757365725f69647c733a323a223131223b6f6c645f6c6173745f6c6f67696e7c733a31303a2231353935303435363831223b73745f73746f726549447c733a313a2230223b63757272656e745f62617463685f69647c733a313a2231223b),
('a1a396b2fd68994678434c13d072f87d9bd066d2', '::1', 1595063744, 0x5f5f63695f6c6173745f726567656e65726174657c693a313539353036333734343b63757272656e745f6c616e67756167657c733a373a22656e676c697368223b6964656e746974797c733a31343a226a7261647340696e666f2e636f6d223b656d61696c7c733a31343a226a7261647340696e666f2e636f6d223b757365725f69647c733a323a223131223b6f6c645f6c6173745f6c6f67696e7c733a31303a2231353935303435363831223b73745f73746f726549447c733a313a2230223b63757272656e745f62617463685f69647c733a313a2231223b),
('e582899e37dc04c8e2260abd1ee6b4edb221803c', '::1', 1595064134, 0x5f5f63695f6c6173745f726567656e65726174657c693a313539353036343133343b63757272656e745f6c616e67756167657c733a373a22656e676c697368223b6964656e746974797c733a31343a226a7261647340696e666f2e636f6d223b656d61696c7c733a31343a226a7261647340696e666f2e636f6d223b757365725f69647c733a323a223131223b6f6c645f6c6173745f6c6f67696e7c733a31303a2231353935303435363831223b73745f73746f726549447c733a313a2230223b63757272656e745f62617463685f69647c733a313a2231223b),
('20d4d98f74223fd513401a8c4a6e1d2d4f1421ea', '::1', 1595065194, 0x5f5f63695f6c6173745f726567656e65726174657c693a313539353036353139343b63757272656e745f6c616e67756167657c733a373a22656e676c697368223b6964656e746974797c733a31343a226a7261647340696e666f2e636f6d223b656d61696c7c733a31343a226a7261647340696e666f2e636f6d223b757365725f69647c733a323a223131223b6f6c645f6c6173745f6c6f67696e7c733a31303a2231353935303435363831223b73745f73746f726549447c733a313a2230223b63757272656e745f62617463685f69647c733a313a2231223b),
('6818db39a64e9820ac41c1222477fd0de37e2b94', '::1', 1595065514, 0x5f5f63695f6c6173745f726567656e65726174657c693a313539353036353531343b63757272656e745f6c616e67756167657c733a373a22656e676c697368223b6964656e746974797c733a31343a226a7261647340696e666f2e636f6d223b656d61696c7c733a31343a226a7261647340696e666f2e636f6d223b757365725f69647c733a323a223131223b6f6c645f6c6173745f6c6f67696e7c733a31303a2231353935303435363831223b73745f73746f726549447c733a313a2230223b63757272656e745f62617463685f69647c733a313a2231223b),
('a56263bae1d9927684602875ec265c03369c2605', '::1', 1595065905, 0x5f5f63695f6c6173745f726567656e65726174657c693a313539353036353930353b63757272656e745f6c616e67756167657c733a373a22656e676c697368223b6964656e746974797c733a31343a226a7261647340696e666f2e636f6d223b656d61696c7c733a31343a226a7261647340696e666f2e636f6d223b757365725f69647c733a323a223131223b6f6c645f6c6173745f6c6f67696e7c733a31303a2231353935303435363831223b73745f73746f726549447c733a313a2230223b63757272656e745f62617463685f69647c733a313a2231223b),
('fd38b3ee77e722646b29095f6a98de03df8df930', '::1', 1595066240, 0x5f5f63695f6c6173745f726567656e65726174657c693a313539353036363234303b63757272656e745f6c616e67756167657c733a373a22656e676c697368223b6964656e746974797c733a31343a226a7261647340696e666f2e636f6d223b656d61696c7c733a31343a226a7261647340696e666f2e636f6d223b757365725f69647c733a323a223131223b6f6c645f6c6173745f6c6f67696e7c733a31303a2231353935303435363831223b73745f73746f726549447c733a313a2230223b63757272656e745f62617463685f69647c733a313a2231223b),
('0ce0cdcadf941adb3003bea9f692d5bacc7d14ad', '::1', 1595066933, 0x5f5f63695f6c6173745f726567656e65726174657c693a313539353036363933333b63757272656e745f6c616e67756167657c733a373a22656e676c697368223b6964656e746974797c733a31343a226a7261647340696e666f2e636f6d223b656d61696c7c733a31343a226a7261647340696e666f2e636f6d223b757365725f69647c733a323a223131223b6f6c645f6c6173745f6c6f67696e7c733a31303a2231353935303435363831223b73745f73746f726549447c733a313a2230223b63757272656e745f62617463685f69647c733a313a2231223b),
('d0435ae54cc510f06fac9cb90a77e6ab09c7bbbd', '::1', 1595067516, 0x5f5f63695f6c6173745f726567656e65726174657c693a313539353036373531363b63757272656e745f6c616e67756167657c733a373a22656e676c697368223b6964656e746974797c733a31343a226a7261647340696e666f2e636f6d223b656d61696c7c733a31343a226a7261647340696e666f2e636f6d223b757365725f69647c733a323a223131223b6f6c645f6c6173745f6c6f67696e7c733a31303a2231353935303435363831223b73745f73746f726549447c733a313a2230223b63757272656e745f62617463685f69647c733a313a2231223b),
('26b9c6696c43a26d9124432c26283810ae43bf9b', '::1', 1595067915, 0x5f5f63695f6c6173745f726567656e65726174657c693a313539353036373931353b63757272656e745f6c616e67756167657c733a373a22656e676c697368223b6964656e746974797c733a31343a226a7261647340696e666f2e636f6d223b656d61696c7c733a31343a226a7261647340696e666f2e636f6d223b757365725f69647c733a323a223131223b6f6c645f6c6173745f6c6f67696e7c733a31303a2231353935303435363831223b73745f73746f726549447c733a313a2230223b63757272656e745f62617463685f69647c733a313a2231223b),
('9037cb1e06bf528ff7bc051f5f1767013caafbd8', '::1', 1595068227, 0x5f5f63695f6c6173745f726567656e65726174657c693a313539353036383232373b63757272656e745f6c616e67756167657c733a373a22656e676c697368223b6964656e746974797c733a31343a226a7261647340696e666f2e636f6d223b656d61696c7c733a31343a226a7261647340696e666f2e636f6d223b757365725f69647c733a323a223131223b6f6c645f6c6173745f6c6f67696e7c733a31303a2231353935303435363831223b73745f73746f726549447c733a313a2230223b63757272656e745f62617463685f69647c733a313a2231223b),
('07d3e51c165ec5c6dfe5afb4a47e3bbb62eb53c4', '::1', 1595068537, 0x5f5f63695f6c6173745f726567656e65726174657c693a313539353036383533373b63757272656e745f6c616e67756167657c733a373a22656e676c697368223b6964656e746974797c733a31343a226a7261647340696e666f2e636f6d223b656d61696c7c733a31343a226a7261647340696e666f2e636f6d223b757365725f69647c733a323a223131223b6f6c645f6c6173745f6c6f67696e7c733a31303a2231353935303435363831223b73745f73746f726549447c733a313a2230223b63757272656e745f62617463685f69647c733a313a2231223b),
('4ef7cc2272675f6fb9bc42051278e8176eccf6fe', '::1', 1595068848, 0x5f5f63695f6c6173745f726567656e65726174657c693a313539353036383834383b63757272656e745f6c616e67756167657c733a373a22656e676c697368223b6964656e746974797c733a31343a226a7261647340696e666f2e636f6d223b656d61696c7c733a31343a226a7261647340696e666f2e636f6d223b757365725f69647c733a323a223131223b6f6c645f6c6173745f6c6f67696e7c733a31303a2231353935303435363831223b73745f73746f726549447c733a313a2230223b63757272656e745f62617463685f69647c733a313a2231223b),
('a28c60790b15ff41033903f811d27379593b417c', '::1', 1595069707, 0x5f5f63695f6c6173745f726567656e65726174657c693a313539353036393730373b63757272656e745f6c616e67756167657c733a373a22656e676c697368223b6964656e746974797c733a31343a226a7261647340696e666f2e636f6d223b656d61696c7c733a31343a226a7261647340696e666f2e636f6d223b757365725f69647c733a323a223131223b6f6c645f6c6173745f6c6f67696e7c733a31303a2231353935303435363831223b73745f73746f726549447c733a313a2230223b63757272656e745f62617463685f69647c733a313a2231223b),
('d15184648fd1e9fb7f3518b6a0cb97e1cd7b8d40', '::1', 1595070966, 0x5f5f63695f6c6173745f726567656e65726174657c693a313539353037303936363b63757272656e745f6c616e67756167657c733a373a22656e676c697368223b6964656e746974797c733a31343a226a7261647340696e666f2e636f6d223b656d61696c7c733a31343a226a7261647340696e666f2e636f6d223b757365725f69647c733a323a223131223b6f6c645f6c6173745f6c6f67696e7c733a31303a2231353935303435363831223b73745f73746f726549447c733a313a2230223b63757272656e745f62617463685f69647c733a313a2231223b),
('accba96721e93fe2389c247d5fe1c71184c0e41d', '::1', 1595071372, 0x5f5f63695f6c6173745f726567656e65726174657c693a313539353037313337323b63757272656e745f6c616e67756167657c733a373a22656e676c697368223b6964656e746974797c733a31343a226a7261647340696e666f2e636f6d223b656d61696c7c733a31343a226a7261647340696e666f2e636f6d223b757365725f69647c733a323a223131223b6f6c645f6c6173745f6c6f67696e7c733a31303a2231353935303435363831223b73745f73746f726549447c733a313a2230223b63757272656e745f62617463685f69647c733a313a2231223b),
('e90dd23c4c432ff5a582f71df6416af2e03cb52e', '::1', 1595071415, 0x5f5f63695f6c6173745f726567656e65726174657c693a313539353037313337323b63757272656e745f6c616e67756167657c733a373a22656e676c697368223b6964656e746974797c733a31343a226a7261647340696e666f2e636f6d223b656d61696c7c733a31343a226a7261647340696e666f2e636f6d223b757365725f69647c733a323a223131223b6f6c645f6c6173745f6c6f67696e7c733a31303a2231353935303435363831223b73745f73746f726549447c733a313a2230223b63757272656e745f62617463685f69647c733a313a2231223b),
('f2739994d6d2499d730a4c5852a117beffa0ea9b', '::1', 1595086514, 0x5f5f63695f6c6173745f726567656e65726174657c693a313539353038363531343b63757272656e745f6c616e67756167657c733a373a22656e676c697368223b6964656e746974797c733a31343a226a7261647340696e666f2e636f6d223b656d61696c7c733a31343a226a7261647340696e666f2e636f6d223b757365725f69647c733a323a223131223b6f6c645f6c6173745f6c6f67696e7c733a31303a2231353935303538323038223b73745f73746f726549447c733a313a2230223b63757272656e745f62617463685f69647c4e3b),
('92c479f00e8490513545020ee6e3a02f2a8d0e6b', '::1', 1595086851, 0x5f5f63695f6c6173745f726567656e65726174657c693a313539353038363835313b63757272656e745f6c616e67756167657c733a373a22656e676c697368223b6964656e746974797c733a31343a226a7261647340696e666f2e636f6d223b656d61696c7c733a31343a226a7261647340696e666f2e636f6d223b757365725f69647c733a323a223131223b6f6c645f6c6173745f6c6f67696e7c733a31303a2231353935303538323038223b73745f73746f726549447c733a313a2230223b63757272656e745f62617463685f69647c4e3b),
('5b7b3f43f91ea24194cf1f3024e4e605607624d4', '::1', 1595087269, 0x5f5f63695f6c6173745f726567656e65726174657c693a313539353038373236393b63757272656e745f6c616e67756167657c733a373a22656e676c697368223b6964656e746974797c733a31343a226a7261647340696e666f2e636f6d223b656d61696c7c733a31343a226a7261647340696e666f2e636f6d223b757365725f69647c733a323a223131223b6f6c645f6c6173745f6c6f67696e7c733a31303a2231353935303538323038223b73745f73746f726549447c733a313a2230223b63757272656e745f62617463685f69647c4e3b);
INSERT INTO `ci_sessions` (`id`, `ip_address`, `timestamp`, `data`) VALUES
('c55d3b0072094301f935a9ba1278f66a60b1e993', '::1', 1595087864, 0x5f5f63695f6c6173745f726567656e65726174657c693a313539353038373836343b63757272656e745f6c616e67756167657c733a373a22656e676c697368223b6964656e746974797c733a31343a226a7261647340696e666f2e636f6d223b656d61696c7c733a31343a226a7261647340696e666f2e636f6d223b757365725f69647c733a323a223131223b6f6c645f6c6173745f6c6f67696e7c733a31303a2231353935303538323038223b73745f73746f726549447c733a313a2230223b63757272656e745f62617463685f69647c4e3b),
('bfad14623cfe41d6d18d048df3ede798dae7360f', '::1', 1595088176, 0x5f5f63695f6c6173745f726567656e65726174657c693a313539353038383137363b63757272656e745f6c616e67756167657c733a373a22656e676c697368223b6964656e746974797c733a31343a226a7261647340696e666f2e636f6d223b656d61696c7c733a31343a226a7261647340696e666f2e636f6d223b757365725f69647c733a323a223131223b6f6c645f6c6173745f6c6f67696e7c733a31303a2231353935303538323038223b73745f73746f726549447c733a313a2230223b63757272656e745f62617463685f69647c4e3b),
('942a965ebfb4d3f1ebc0238013df719f674ac113', '::1', 1595088507, 0x5f5f63695f6c6173745f726567656e65726174657c693a313539353038383530373b63757272656e745f6c616e67756167657c733a373a22656e676c697368223b6964656e746974797c733a31343a226a7261647340696e666f2e636f6d223b656d61696c7c733a31343a226a7261647340696e666f2e636f6d223b757365725f69647c733a323a223131223b6f6c645f6c6173745f6c6f67696e7c733a31303a2231353935303538323038223b73745f73746f726549447c733a313a2230223b63757272656e745f62617463685f69647c4e3b),
('5636b8ffc5edbe23320dc2096a69f6c2ef959f9e', '::1', 1595088813, 0x5f5f63695f6c6173745f726567656e65726174657c693a313539353038383831333b63757272656e745f6c616e67756167657c733a373a22656e676c697368223b6964656e746974797c733a31343a226a7261647340696e666f2e636f6d223b656d61696c7c733a31343a226a7261647340696e666f2e636f6d223b757365725f69647c733a323a223131223b6f6c645f6c6173745f6c6f67696e7c733a31303a2231353935303538323038223b73745f73746f726549447c733a313a2230223b63757272656e745f62617463685f69647c4e3b),
('79fd6f13e1bf42585a46d74750607ddb0da4dcba', '::1', 1595089362, 0x5f5f63695f6c6173745f726567656e65726174657c693a313539353038393336323b63757272656e745f6c616e67756167657c733a373a22656e676c697368223b6964656e746974797c733a31343a226a7261647340696e666f2e636f6d223b656d61696c7c733a31343a226a7261647340696e666f2e636f6d223b757365725f69647c733a323a223131223b6f6c645f6c6173745f6c6f67696e7c733a31303a2231353935303538323038223b73745f73746f726549447c733a313a2230223b63757272656e745f62617463685f69647c4e3b),
('0d636fd54b168e00218695063da5b7f6d6d71b7c', '::1', 1595089740, 0x5f5f63695f6c6173745f726567656e65726174657c693a313539353038393734303b63757272656e745f6c616e67756167657c733a373a22656e676c697368223b6964656e746974797c733a31343a226a7261647340696e666f2e636f6d223b656d61696c7c733a31343a226a7261647340696e666f2e636f6d223b757365725f69647c733a323a223131223b6f6c645f6c6173745f6c6f67696e7c733a31303a2231353935303538323038223b73745f73746f726549447c733a313a2230223b63757272656e745f62617463685f69647c4e3b),
('0d2a6194f10ceb69b222f0efccf68f2b5c0166b8', '::1', 1595090047, 0x5f5f63695f6c6173745f726567656e65726174657c693a313539353039303034373b63757272656e745f6c616e67756167657c733a373a22656e676c697368223b6964656e746974797c733a31343a226a7261647340696e666f2e636f6d223b656d61696c7c733a31343a226a7261647340696e666f2e636f6d223b757365725f69647c733a323a223131223b6f6c645f6c6173745f6c6f67696e7c733a31303a2231353935303538323038223b73745f73746f726549447c733a313a2230223b63757272656e745f62617463685f69647c4e3b),
('0845df5abe26e9490eca760cb50528a5255a86e4', '::1', 1595090619, 0x5f5f63695f6c6173745f726567656e65726174657c693a313539353039303631393b63757272656e745f6c616e67756167657c733a373a22656e676c697368223b6964656e746974797c733a31343a226a7261647340696e666f2e636f6d223b656d61696c7c733a31343a226a7261647340696e666f2e636f6d223b757365725f69647c733a323a223131223b6f6c645f6c6173745f6c6f67696e7c733a31303a2231353935303930323438223b73745f73746f726549447c733a313a2230223b63757272656e745f62617463685f69647c4e3b),
('9428bd9fb8fc9e28e5c60131c55e159af3419756', '::1', 1595094059, 0x5f5f63695f6c6173745f726567656e65726174657c693a313539353039343035393b63757272656e745f6c616e67756167657c733a373a22656e676c697368223b6964656e746974797c733a31343a226a7261647340696e666f2e636f6d223b656d61696c7c733a31343a226a7261647340696e666f2e636f6d223b757365725f69647c733a323a223131223b6f6c645f6c6173745f6c6f67696e7c733a31303a2231353935303930323438223b73745f73746f726549447c733a313a2230223b63757272656e745f62617463685f69647c4e3b),
('49f8727c9576db760732b36ffecfd1c85f2f400f', '::1', 1595094060, 0x5f5f63695f6c6173745f726567656e65726174657c693a313539353039343035393b63757272656e745f6c616e67756167657c733a373a22656e676c697368223b6964656e746974797c733a31343a226a7261647340696e666f2e636f6d223b656d61696c7c733a31343a226a7261647340696e666f2e636f6d223b757365725f69647c733a323a223131223b6f6c645f6c6173745f6c6f67696e7c733a31303a2231353935303930323438223b73745f73746f726549447c733a313a2230223b63757272656e745f62617463685f69647c4e3b),
('47b0099cceca343c14ba962e01bf30596ede6f64', '::1', 1595170525, 0x5f5f63695f6c6173745f726567656e65726174657c693a313539353137303532353b63757272656e745f6c616e67756167657c733a373a22656e676c697368223b6964656e746974797c733a31343a226a7261647340696e666f2e636f6d223b656d61696c7c733a31343a226a7261647340696e666f2e636f6d223b757365725f69647c733a323a223131223b6f6c645f6c6173745f6c6f67696e7c733a31303a2231353935303930333533223b73745f73746f726549447c733a313a2230223b63757272656e745f62617463685f69647c4e3b),
('2545b1e6a5214a90ebe7fec71f187c695bbc5b87', '::1', 1595171513, 0x5f5f63695f6c6173745f726567656e65726174657c693a313539353137313531333b),
('eddc92e25cb4505c89cabf64adb57ac62655975e', '::1', 1595170896, 0x5f5f63695f6c6173745f726567656e65726174657c693a313539353137303833313b63757272656e745f6c616e67756167657c733a373a22656e676c697368223b6964656e746974797c733a31343a226a7261647340696e666f2e636f6d223b656d61696c7c733a31343a226a7261647340696e666f2e636f6d223b757365725f69647c733a323a223131223b6f6c645f6c6173745f6c6f67696e7c733a31303a2231353935303930333533223b73745f73746f726549447c733a313a2230223b63757272656e745f62617463685f69647c4e3b),
('cda71b9c2e8c8206d217e766d7633a224db0d21f', '::1', 1595171840, 0x5f5f63695f6c6173745f726567656e65726174657c693a313539353137313834303b63757272656e745f6c616e67756167657c733a373a22656e676c697368223b6964656e746974797c733a31343a226a7261647340696e666f2e636f6d223b656d61696c7c733a31343a226a7261647340696e666f2e636f6d223b757365725f69647c733a323a223131223b6f6c645f6c6173745f6c6f67696e7c733a31303a2231353935313639393637223b73745f73746f726549447c733a313a2230223b63757272656e745f62617463685f69647c4e3b),
('5ee6c5d302c480a75555debb3c314fd32bc4a85d', '::1', 1595222006, 0x5f5f63695f6c6173745f726567656e65726174657c693a313539353232323030363b63757272656e745f6c616e67756167657c733a373a22656e676c697368223b6964656e746974797c733a31343a226a7261647340696e666f2e636f6d223b656d61696c7c733a31343a226a7261647340696e666f2e636f6d223b757365725f69647c733a323a223131223b6f6c645f6c6173745f6c6f67696e7c733a31303a2231353935313731363636223b73745f73746f726549447c733a313a2230223b63757272656e745f62617463685f69647c4e3b),
('b4007f4d07fd8d7bdcfa8f94bb00d1181aa60f31', '::1', 1595171914, 0x5f5f63695f6c6173745f726567656e65726174657c693a313539353137313834333b63757272656e745f6c616e67756167657c733a373a22656e676c697368223b6d6573736167657c733a35393a223c64697620636c6173733d22616c65727420616c6572742d64616e676572223e496e636f7272656374204c6f67696e2047726f75703c2f6469763e223b5f5f63695f766172737c613a313a7b733a373a226d657373616765223b733a333a226f6c64223b7d),
('0f0adaa86b1187d72088a8576d8bc9af70025880', '::1', 1595221509, 0x5f5f63695f6c6173745f726567656e65726174657c693a313539353232313530393b63757272656e745f6c616e67756167657c733a373a22656e676c697368223b6964656e746974797c733a31343a226a7261647340696e666f2e636f6d223b656d61696c7c733a31343a226a7261647340696e666f2e636f6d223b757365725f69647c733a323a223131223b6f6c645f6c6173745f6c6f67696e7c733a31303a2231353935313731363636223b73745f73746f726549447c733a313a2230223b63757272656e745f62617463685f69647c4e3b6d6573736167657c733a36323a223c64697620636c6173733d22616c65727420616c6572742d73756363657373223e4c6f67676564204f7574205375636365737366756c6c793c2f6469763e223b5f5f63695f766172737c613a313a7b733a373a226d657373616765223b733a333a226f6c64223b7d),
('34f1ca953959ad584f142c8bb2b6230cc8dfa8e7', '::1', 1595222409, 0x5f5f63695f6c6173745f726567656e65726174657c693a313539353232323430393b63757272656e745f6c616e67756167657c733a373a22656e676c697368223b6964656e746974797c733a31343a226a7261647340696e666f2e636f6d223b656d61696c7c733a31343a226a7261647340696e666f2e636f6d223b757365725f69647c733a323a223131223b6f6c645f6c6173745f6c6f67696e7c733a31303a2231353935313731363636223b73745f73746f726549447c733a313a2230223b63757272656e745f62617463685f69647c4e3b),
('98e91dfd14fc355aedc8161fdb2bf1452b20d20b', '::1', 1595222434, 0x5f5f63695f6c6173745f726567656e65726174657c693a313539353232323430393b63757272656e745f6c616e67756167657c733a373a22656e676c697368223b6964656e746974797c733a31343a226a7261647340696e666f2e636f6d223b656d61696c7c733a31343a226a7261647340696e666f2e636f6d223b757365725f69647c733a323a223131223b6f6c645f6c6173745f6c6f67696e7c733a31303a2231353935313731363636223b73745f73746f726549447c733a313a2230223b63757272656e745f62617463685f69647c4e3b),
('79db75594512d56bd3252797da221a9b530a1906', '::1', 1595346824, 0x5f5f63695f6c6173745f726567656e65726174657c693a313539353334363832343b63757272656e745f6c616e67756167657c733a373a22656e676c697368223b6964656e746974797c733a31343a226a7261647340696e666f2e636f6d223b656d61696c7c733a31343a226a7261647340696e666f2e636f6d223b757365725f69647c733a323a223131223b6f6c645f6c6173745f6c6f67696e7c733a31303a2231353935323230303038223b73745f73746f726549447c733a313a2230223b63757272656e745f62617463685f69647c4e3b),
('700973ea09383d07e6db11ba6daa74c870af7715', '::1', 1595347143, 0x5f5f63695f6c6173745f726567656e65726174657c693a313539353334373134333b63757272656e745f6c616e67756167657c733a373a22656e676c697368223b6964656e746974797c733a31343a226a7261647340696e666f2e636f6d223b656d61696c7c733a31343a226a7261647340696e666f2e636f6d223b757365725f69647c733a323a223131223b6f6c645f6c6173745f6c6f67696e7c733a31303a2231353935323230303038223b73745f73746f726549447c733a313a2230223b63757272656e745f62617463685f69647c4e3b),
('3771397eea106e10078c128c18cbe999cf7ca048', '::1', 1595347468, 0x5f5f63695f6c6173745f726567656e65726174657c693a313539353334373436383b63757272656e745f6c616e67756167657c733a373a22656e676c697368223b6964656e746974797c733a31343a226a7261647340696e666f2e636f6d223b656d61696c7c733a31343a226a7261647340696e666f2e636f6d223b757365725f69647c733a323a223131223b6f6c645f6c6173745f6c6f67696e7c733a31303a2231353935323230303038223b73745f73746f726549447c733a313a2230223b63757272656e745f62617463685f69647c4e3b),
('ce3d1281b4d70697518bbb2ccb79b98b4e933ca0', '::1', 1595347959, 0x5f5f63695f6c6173745f726567656e65726174657c693a313539353334373935393b63757272656e745f6c616e67756167657c733a373a22656e676c697368223b6964656e746974797c733a31343a226a7261647340696e666f2e636f6d223b656d61696c7c733a31343a226a7261647340696e666f2e636f6d223b757365725f69647c733a323a223131223b6f6c645f6c6173745f6c6f67696e7c733a31303a2231353935323230303038223b73745f73746f726549447c733a313a2230223b63757272656e745f62617463685f69647c4e3b),
('27026d83bcb080bfbb1ded283d3adc397b361c64', '::1', 1595348264, 0x5f5f63695f6c6173745f726567656e65726174657c693a313539353334383236343b63757272656e745f6c616e67756167657c733a373a22656e676c697368223b6964656e746974797c733a31343a226a7261647340696e666f2e636f6d223b656d61696c7c733a31343a226a7261647340696e666f2e636f6d223b757365725f69647c733a323a223131223b6f6c645f6c6173745f6c6f67696e7c733a31303a2231353935323230303038223b73745f73746f726549447c733a313a2230223b63757272656e745f62617463685f69647c4e3b),
('283675f261c342903f27aa1a4a969a7e1ccf173b', '::1', 1595348660, 0x5f5f63695f6c6173745f726567656e65726174657c693a313539353334383636303b63757272656e745f6c616e67756167657c733a373a22656e676c697368223b6964656e746974797c733a31343a226a7261647340696e666f2e636f6d223b656d61696c7c733a31343a226a7261647340696e666f2e636f6d223b757365725f69647c733a323a223131223b6f6c645f6c6173745f6c6f67696e7c733a31303a2231353935323230303038223b73745f73746f726549447c733a313a2230223b63757272656e745f62617463685f69647c4e3b),
('1908cb2d2b1b4eef75c97e52a70ce10261553f9a', '::1', 1595348754, 0x5f5f63695f6c6173745f726567656e65726174657c693a313539353334383735333b6d6573736167657c733a36323a223c64697620636c6173733d22616c65727420616c6572742d73756363657373223e4c6f67676564204f7574205375636365737366756c6c793c2f6469763e223b5f5f63695f766172737c613a313a7b733a373a226d657373616765223b733a333a226f6c64223b7d),
('b5ab3fb69c0fe9660ba6fbae3dde65ff4f1818be', '::1', 1595426546, 0x5f5f63695f6c6173745f726567656e65726174657c693a313539353432363534363b63757272656e745f6c616e67756167657c733a373a22656e676c697368223b6964656e746974797c733a31343a226a7261647340696e666f2e636f6d223b656d61696c7c733a31343a226a7261647340696e666f2e636f6d223b757365725f69647c733a323a223131223b6f6c645f6c6173745f6c6f67696e7c733a31303a2231353935333436353039223b73745f73746f726549447c733a313a2230223b63757272656e745f62617463685f69647c4e3b),
('833b087b09484d6c43dee12fd9b5f87e6e157500', '::1', 1595426946, 0x5f5f63695f6c6173745f726567656e65726174657c693a313539353432363934363b63757272656e745f6c616e67756167657c733a373a22656e676c697368223b6964656e746974797c733a31343a226a7261647340696e666f2e636f6d223b656d61696c7c733a31343a226a7261647340696e666f2e636f6d223b757365725f69647c733a323a223131223b6f6c645f6c6173745f6c6f67696e7c733a31303a2231353935333436353039223b73745f73746f726549447c733a313a2230223b63757272656e745f62617463685f69647c4e3b),
('d36a64c3f33ef73e25f8da8a014792deb30cc0c3', '::1', 1595426946, 0x5f5f63695f6c6173745f726567656e65726174657c693a313539353432363934363b63757272656e745f6c616e67756167657c733a373a22656e676c697368223b6964656e746974797c733a31343a226a7261647340696e666f2e636f6d223b656d61696c7c733a31343a226a7261647340696e666f2e636f6d223b757365725f69647c733a323a223131223b6f6c645f6c6173745f6c6f67696e7c733a31303a2231353935333436353039223b73745f73746f726549447c733a313a2230223b63757272656e745f62617463685f69647c4e3b),
('6b4bd69f1bf5cfe501a40cd167e18a44ab8d2176', '::1', 1595761804, 0x5f5f63695f6c6173745f726567656e65726174657c693a313539353736313830343b63757272656e745f6c616e67756167657c733a373a22656e676c697368223b6964656e746974797c733a31343a226a7261647340696e666f2e636f6d223b656d61696c7c733a31343a226a7261647340696e666f2e636f6d223b757365725f69647c733a323a223131223b6f6c645f6c6173745f6c6f67696e7c733a31303a2231353935343235393736223b73745f73746f726549447c733a313a2230223b63757272656e745f62617463685f69647c4e3b),
('101f22d3e4135b994a45a457b8ac1ef44169a4aa', '::1', 1595762593, 0x5f5f63695f6c6173745f726567656e65726174657c693a313539353736323539333b63757272656e745f6c616e67756167657c733a373a22656e676c697368223b6964656e746974797c733a31343a226a7261647340696e666f2e636f6d223b656d61696c7c733a31343a226a7261647340696e666f2e636f6d223b757365725f69647c733a323a223131223b6f6c645f6c6173745f6c6f67696e7c733a31303a2231353935343235393736223b73745f73746f726549447c733a313a2230223b63757272656e745f62617463685f69647c4e3b),
('d2af8913101195e4f338d04e420498ecd0e0ff9c', '::1', 1595763623, 0x5f5f63695f6c6173745f726567656e65726174657c693a313539353736333632333b63757272656e745f6c616e67756167657c733a373a22656e676c697368223b6964656e746974797c733a31343a226a7261647340696e666f2e636f6d223b656d61696c7c733a31343a226a7261647340696e666f2e636f6d223b757365725f69647c733a323a223131223b6f6c645f6c6173745f6c6f67696e7c733a31303a2231353935343235393736223b73745f73746f726549447c733a313a2230223b63757272656e745f62617463685f69647c4e3b),
('2044a7d5c36e5317412a7d1c960c223846a943bc', '::1', 1595763952, 0x5f5f63695f6c6173745f726567656e65726174657c693a313539353736333935323b63757272656e745f6c616e67756167657c733a373a22656e676c697368223b6964656e746974797c733a31343a226a7261647340696e666f2e636f6d223b656d61696c7c733a31343a226a7261647340696e666f2e636f6d223b757365725f69647c733a323a223131223b6f6c645f6c6173745f6c6f67696e7c733a31303a2231353935343235393736223b73745f73746f726549447c733a313a2230223b63757272656e745f62617463685f69647c4e3b),
('f160bf30d0321dbf61eeeb7b758cca5aa527d0d9', '::1', 1595764259, 0x5f5f63695f6c6173745f726567656e65726174657c693a313539353736343235393b63757272656e745f6c616e67756167657c733a373a22656e676c697368223b6964656e746974797c733a31343a226a7261647340696e666f2e636f6d223b656d61696c7c733a31343a226a7261647340696e666f2e636f6d223b757365725f69647c733a323a223131223b6f6c645f6c6173745f6c6f67696e7c733a31303a2231353935343235393736223b73745f73746f726549447c733a313a2230223b63757272656e745f62617463685f69647c4e3b),
('1a70281df9df37afec6770ac70f5d7b2c112b103', '::1', 1595764943, 0x5f5f63695f6c6173745f726567656e65726174657c693a313539353736343934333b63757272656e745f6c616e67756167657c733a373a22656e676c697368223b6964656e746974797c733a31343a226a7261647340696e666f2e636f6d223b656d61696c7c733a31343a226a7261647340696e666f2e636f6d223b757365725f69647c733a323a223131223b6f6c645f6c6173745f6c6f67696e7c733a31303a2231353935343235393736223b73745f73746f726549447c733a313a2230223b63757272656e745f62617463685f69647c4e3b),
('475641d551ddbbc77c66228f16bfcb3fff2645db', '::1', 1595765258, 0x5f5f63695f6c6173745f726567656e65726174657c693a313539353736353235383b63757272656e745f6c616e67756167657c733a373a22656e676c697368223b6964656e746974797c733a31343a226a7261647340696e666f2e636f6d223b656d61696c7c733a31343a226a7261647340696e666f2e636f6d223b757365725f69647c733a323a223131223b6f6c645f6c6173745f6c6f67696e7c733a31303a2231353935343235393736223b73745f73746f726549447c733a313a2230223b63757272656e745f62617463685f69647c4e3b),
('ebe1f2f0bd2ac14baab6ed90922e5166f8233d85', '::1', 1595765561, 0x5f5f63695f6c6173745f726567656e65726174657c693a313539353736353536313b63757272656e745f6c616e67756167657c733a373a22656e676c697368223b6964656e746974797c733a31343a226a7261647340696e666f2e636f6d223b656d61696c7c733a31343a226a7261647340696e666f2e636f6d223b757365725f69647c733a323a223131223b6f6c645f6c6173745f6c6f67696e7c733a31303a2231353935343235393736223b73745f73746f726549447c733a313a2230223b63757272656e745f62617463685f69647c4e3b),
('4517dc950164b2fd936b5fd103751f360e452a1e', '::1', 1595767041, 0x5f5f63695f6c6173745f726567656e65726174657c693a313539353736373034313b63757272656e745f6c616e67756167657c733a373a22656e676c697368223b6964656e746974797c733a31343a226a7261647340696e666f2e636f6d223b656d61696c7c733a31343a226a7261647340696e666f2e636f6d223b757365725f69647c733a323a223131223b6f6c645f6c6173745f6c6f67696e7c733a31303a2231353935343235393736223b73745f73746f726549447c733a313a2230223b63757272656e745f62617463685f69647c4e3b),
('d88ccdbeed20988118463c80cc6f6ca0e7035361', '::1', 1595767434, 0x5f5f63695f6c6173745f726567656e65726174657c693a313539353736373433343b63757272656e745f6c616e67756167657c733a373a22656e676c697368223b6964656e746974797c733a31343a226a7261647340696e666f2e636f6d223b656d61696c7c733a31343a226a7261647340696e666f2e636f6d223b757365725f69647c733a323a223131223b6f6c645f6c6173745f6c6f67696e7c733a31303a2231353935343235393736223b73745f73746f726549447c733a313a2230223b63757272656e745f62617463685f69647c4e3b),
('fb949c608190718d4c40a5fe6d5179d297ca2f91', '::1', 1595767479, 0x5f5f63695f6c6173745f726567656e65726174657c693a313539353736373433343b63757272656e745f6c616e67756167657c733a373a22656e676c697368223b6964656e746974797c733a31343a226a7261647340696e666f2e636f6d223b656d61696c7c733a31343a226a7261647340696e666f2e636f6d223b757365725f69647c733a323a223131223b6f6c645f6c6173745f6c6f67696e7c733a31303a2231353935343235393736223b73745f73746f726549447c733a313a2230223b63757272656e745f62617463685f69647c4e3b),
('8d752415e4e80dd17b8dbb3daaae08fb8109a612', '::1', 1595777948, 0x5f5f63695f6c6173745f726567656e65726174657c693a313539353737373934383b63757272656e745f6c616e67756167657c733a373a22656e676c697368223b6964656e746974797c733a31343a226a7261647340696e666f2e636f6d223b656d61696c7c733a31343a226a7261647340696e666f2e636f6d223b757365725f69647c733a323a223131223b6f6c645f6c6173745f6c6f67696e7c733a31303a2231353935373631343131223b73745f73746f726549447c733a313a2230223b63757272656e745f62617463685f69647c4e3b),
('a7bad7c1f0fe42c736012f3a50136e174e30b368', '::1', 1595778261, 0x5f5f63695f6c6173745f726567656e65726174657c693a313539353737383236313b63757272656e745f6c616e67756167657c733a373a22656e676c697368223b6964656e746974797c733a31343a226a7261647340696e666f2e636f6d223b656d61696c7c733a31343a226a7261647340696e666f2e636f6d223b757365725f69647c733a323a223131223b6f6c645f6c6173745f6c6f67696e7c733a31303a2231353935373631343131223b73745f73746f726549447c733a313a2230223b63757272656e745f62617463685f69647c4e3b),
('129f817889c69cc6be92f4e8384d4bd0f63fa30e', '::1', 1595778740, 0x5f5f63695f6c6173745f726567656e65726174657c693a313539353737383734303b63757272656e745f6c616e67756167657c733a373a22656e676c697368223b6964656e746974797c733a31343a226a7261647340696e666f2e636f6d223b656d61696c7c733a31343a226a7261647340696e666f2e636f6d223b757365725f69647c733a323a223131223b6f6c645f6c6173745f6c6f67696e7c733a31303a2231353935373631343131223b73745f73746f726549447c733a313a2230223b63757272656e745f62617463685f69647c4e3b),
('7c1c35599d9628bb6ba9bc1f84a5df788cc4861a', '::1', 1595779137, 0x5f5f63695f6c6173745f726567656e65726174657c693a313539353737393133373b63757272656e745f6c616e67756167657c733a373a22656e676c697368223b6964656e746974797c733a31343a226a7261647340696e666f2e636f6d223b656d61696c7c733a31343a226a7261647340696e666f2e636f6d223b757365725f69647c733a323a223131223b6f6c645f6c6173745f6c6f67696e7c733a31303a2231353935373631343131223b73745f73746f726549447c733a313a2230223b63757272656e745f62617463685f69647c4e3b),
('933ccb1f3ec2e6b631467e136b5b15332e9a4d27', '::1', 1595815309, 0x5f5f63695f6c6173745f726567656e65726174657c693a313539353831353232353b63757272656e745f6c616e67756167657c733a373a22656e676c697368223b6964656e746974797c733a31343a226a7261647340696e666f2e636f6d223b656d61696c7c733a31343a226a7261647340696e666f2e636f6d223b757365725f69647c733a323a223131223b6f6c645f6c6173745f6c6f67696e7c733a31303a2231353935373737333637223b73745f73746f726549447c733a313a2230223b63757272656e745f62617463685f69647c4e3b),
('3d91f7835893014dc89757bcebea746ba1b041af', '::1', 1595779480, 0x5f5f63695f6c6173745f726567656e65726174657c693a313539353737393438303b63757272656e745f6c616e67756167657c733a373a22656e676c697368223b6964656e746974797c733a31343a226a7261647340696e666f2e636f6d223b656d61696c7c733a31343a226a7261647340696e666f2e636f6d223b757365725f69647c733a323a223131223b6f6c645f6c6173745f6c6f67696e7c733a31303a2231353935373631343131223b73745f73746f726549447c733a313a2230223b63757272656e745f62617463685f69647c4e3b6d6573736167657c733a36323a223c64697620636c6173733d22616c65727420616c6572742d73756363657373223e4c6f67676564204f7574205375636365737366756c6c793c2f6469763e223b5f5f63695f766172737c613a313a7b733a373a226d657373616765223b733a333a226f6c64223b7d),
('3558de71fa9d60bc2c6bd0fc95bb836eff613066', '::1', 1595900532, 0x5f5f63695f6c6173745f726567656e65726174657c693a313539353930303533323b63757272656e745f6c616e67756167657c733a373a22656e676c697368223b6964656e746974797c733a31343a226a7261647340696e666f2e636f6d223b656d61696c7c733a31343a226a7261647340696e666f2e636f6d223b757365725f69647c733a323a223131223b6f6c645f6c6173745f6c6f67696e7c733a31303a2231353935383135323634223b73745f73746f726549447c733a313a2230223b63757272656e745f62617463685f69647c4e3b),
('f523dd85bf2bdc254d0e72a5d43c4e6ac6464abf', '::1', 1595900869, 0x5f5f63695f6c6173745f726567656e65726174657c693a313539353930303836393b63757272656e745f6c616e67756167657c733a373a22656e676c697368223b6964656e746974797c733a31343a226a7261647340696e666f2e636f6d223b656d61696c7c733a31343a226a7261647340696e666f2e636f6d223b757365725f69647c733a323a223131223b6f6c645f6c6173745f6c6f67696e7c733a31303a2231353935383135323634223b73745f73746f726549447c733a313a2230223b63757272656e745f62617463685f69647c4e3b),
('a5dca2dab729e6ce196d545929a7e07e4868b925', '::1', 1595901260, 0x5f5f63695f6c6173745f726567656e65726174657c693a313539353930313236303b63757272656e745f6c616e67756167657c733a373a22656e676c697368223b6964656e746974797c733a31343a226a7261647340696e666f2e636f6d223b656d61696c7c733a31343a226a7261647340696e666f2e636f6d223b757365725f69647c733a323a223131223b6f6c645f6c6173745f6c6f67696e7c733a31303a2231353935383135323634223b73745f73746f726549447c733a313a2230223b63757272656e745f62617463685f69647c4e3b),
('f63f090fe462f11181331882d61441db0b39fda7', '::1', 1595901638, 0x5f5f63695f6c6173745f726567656e65726174657c693a313539353930313633383b63757272656e745f6c616e67756167657c733a373a22656e676c697368223b6964656e746974797c733a31343a226a7261647340696e666f2e636f6d223b656d61696c7c733a31343a226a7261647340696e666f2e636f6d223b757365725f69647c733a323a223131223b6f6c645f6c6173745f6c6f67696e7c733a31303a2231353935383135323634223b73745f73746f726549447c733a313a2230223b63757272656e745f62617463685f69647c4e3b),
('87a7257fdfb2222aec51436bbeb96b2598c76d88', '::1', 1595902089, 0x5f5f63695f6c6173745f726567656e65726174657c693a313539353930323038393b63757272656e745f6c616e67756167657c733a373a22656e676c697368223b6964656e746974797c733a31343a226a7261647340696e666f2e636f6d223b656d61696c7c733a31343a226a7261647340696e666f2e636f6d223b757365725f69647c733a323a223131223b6f6c645f6c6173745f6c6f67696e7c733a31303a2231353935383135323634223b73745f73746f726549447c733a313a2230223b63757272656e745f62617463685f69647c4e3b),
('1f465391ba878f80131ac8dbbb6819c597c00fff', '::1', 1595902411, 0x5f5f63695f6c6173745f726567656e65726174657c693a313539353930323431313b63757272656e745f6c616e67756167657c733a373a22656e676c697368223b6964656e746974797c733a31343a226a7261647340696e666f2e636f6d223b656d61696c7c733a31343a226a7261647340696e666f2e636f6d223b757365725f69647c733a323a223131223b6f6c645f6c6173745f6c6f67696e7c733a31303a2231353935383135323634223b73745f73746f726549447c733a313a2230223b63757272656e745f62617463685f69647c4e3b),
('03c527057c88aa4e63fec054cd9f925310e0b9e9', '::1', 1595902766, 0x5f5f63695f6c6173745f726567656e65726174657c693a313539353930323736363b63757272656e745f6c616e67756167657c733a373a22656e676c697368223b6964656e746974797c733a31343a226a7261647340696e666f2e636f6d223b656d61696c7c733a31343a226a7261647340696e666f2e636f6d223b757365725f69647c733a323a223131223b6f6c645f6c6173745f6c6f67696e7c733a31303a2231353935383135323634223b73745f73746f726549447c733a313a2230223b63757272656e745f62617463685f69647c4e3b),
('5d943a52847cf7966cadb62a7f006785c446d610', '::1', 1595903194, 0x5f5f63695f6c6173745f726567656e65726174657c693a313539353930333139343b63757272656e745f6c616e67756167657c733a373a22656e676c697368223b6964656e746974797c733a31343a226a7261647340696e666f2e636f6d223b656d61696c7c733a31343a226a7261647340696e666f2e636f6d223b757365725f69647c733a323a223131223b6f6c645f6c6173745f6c6f67696e7c733a31303a2231353935383135323634223b73745f73746f726549447c733a313a2230223b63757272656e745f62617463685f69647c4e3b),
('780f4ae0d3b2b3fba16017717ea7b01f26e6b0af', '::1', 1595903206, 0x5f5f63695f6c6173745f726567656e65726174657c693a313539353930333139343b63757272656e745f6c616e67756167657c733a373a22656e676c697368223b6964656e746974797c733a31343a226a7261647340696e666f2e636f6d223b656d61696c7c733a31343a226a7261647340696e666f2e636f6d223b757365725f69647c733a323a223131223b6f6c645f6c6173745f6c6f67696e7c733a31303a2231353935383135323634223b73745f73746f726549447c733a313a2230223b63757272656e745f62617463685f69647c4e3b),
('018deacf9954d009179a2ba2ed91e449cca3e79d', '::1', 1595943810, 0x5f5f63695f6c6173745f726567656e65726174657c693a313539353934333831303b63757272656e745f6c616e67756167657c733a373a22656e676c697368223b6964656e746974797c733a31343a226a7261647340696e666f2e636f6d223b656d61696c7c733a31343a226a7261647340696e666f2e636f6d223b757365725f69647c733a323a223131223b6f6c645f6c6173745f6c6f67696e7c733a31303a2231353935393030323435223b73745f73746f726549447c733a313a2230223b63757272656e745f62617463685f69647c4e3b),
('64525ec9abc9686c33da874edf5d7acab777a320', '::1', 1595944424, 0x5f5f63695f6c6173745f726567656e65726174657c693a313539353934343432343b63757272656e745f6c616e67756167657c733a373a22656e676c697368223b6964656e746974797c733a31343a226a7261647340696e666f2e636f6d223b656d61696c7c733a31343a226a7261647340696e666f2e636f6d223b757365725f69647c733a323a223131223b6f6c645f6c6173745f6c6f67696e7c733a31303a2231353935393030323435223b73745f73746f726549447c733a313a2230223b63757272656e745f62617463685f69647c4e3b),
('5d59b0f7cfb9f3c3ce4eb806b40c503c95de55c8', '::1', 1595944733, 0x5f5f63695f6c6173745f726567656e65726174657c693a313539353934343733333b63757272656e745f6c616e67756167657c733a373a22656e676c697368223b6964656e746974797c733a31343a226a7261647340696e666f2e636f6d223b656d61696c7c733a31343a226a7261647340696e666f2e636f6d223b757365725f69647c733a323a223131223b6f6c645f6c6173745f6c6f67696e7c733a31303a2231353935393030323435223b73745f73746f726549447c733a313a2230223b63757272656e745f62617463685f69647c4e3b),
('3c2dfe0aa675f7940ed541a02274ab3e44a37416', '::1', 1595945130, 0x5f5f63695f6c6173745f726567656e65726174657c693a313539353934353133303b63757272656e745f6c616e67756167657c733a373a22656e676c697368223b6964656e746974797c733a31343a226a7261647340696e666f2e636f6d223b656d61696c7c733a31343a226a7261647340696e666f2e636f6d223b757365725f69647c733a323a223131223b6f6c645f6c6173745f6c6f67696e7c733a31303a2231353935393030323435223b73745f73746f726549447c733a313a2230223b63757272656e745f62617463685f69647c4e3b),
('fcc0b0b83c513ec19bcbecdf041b7de12ee3cc9b', '::1', 1595946072, 0x5f5f63695f6c6173745f726567656e65726174657c693a313539353934363037323b63757272656e745f6c616e67756167657c733a373a22656e676c697368223b6964656e746974797c733a31343a226a7261647340696e666f2e636f6d223b656d61696c7c733a31343a226a7261647340696e666f2e636f6d223b757365725f69647c733a323a223131223b6f6c645f6c6173745f6c6f67696e7c733a31303a2231353935393030323435223b73745f73746f726549447c733a313a2230223b63757272656e745f62617463685f69647c4e3b),
('b6c231de9c8de62baf397c9ae2637fa6b0d50619', '::1', 1595946378, 0x5f5f63695f6c6173745f726567656e65726174657c693a313539353934363337383b63757272656e745f6c616e67756167657c733a373a22656e676c697368223b6964656e746974797c733a31343a226a7261647340696e666f2e636f6d223b656d61696c7c733a31343a226a7261647340696e666f2e636f6d223b757365725f69647c733a323a223131223b6f6c645f6c6173745f6c6f67696e7c733a31303a2231353935393030323435223b73745f73746f726549447c733a313a2230223b63757272656e745f62617463685f69647c4e3b),
('690859f1d641515a146f08c00e8e8391c4a47d4a', '::1', 1595948378, 0x5f5f63695f6c6173745f726567656e65726174657c693a313539353934383337383b63757272656e745f6c616e67756167657c733a373a22656e676c697368223b6964656e746974797c733a31343a226a7261647340696e666f2e636f6d223b656d61696c7c733a31343a226a7261647340696e666f2e636f6d223b757365725f69647c733a323a223131223b6f6c645f6c6173745f6c6f67696e7c733a31303a2231353935393030323435223b73745f73746f726549447c733a313a2230223b63757272656e745f62617463685f69647c4e3b),
('04f75fe0e90a69e2bcc1013ee6e0fa36d740b3c4', '::1', 1595948713, 0x5f5f63695f6c6173745f726567656e65726174657c693a313539353934383731333b63757272656e745f6c616e67756167657c733a373a22656e676c697368223b6964656e746974797c733a31343a226a7261647340696e666f2e636f6d223b656d61696c7c733a31343a226a7261647340696e666f2e636f6d223b757365725f69647c733a323a223131223b6f6c645f6c6173745f6c6f67696e7c733a31303a2231353935393030323435223b73745f73746f726549447c733a313a2230223b63757272656e745f62617463685f69647c4e3b),
('77d9f13270712704bf477abd3644ddd3cfff2e2b', '::1', 1596030053, 0x5f5f63695f6c6173745f726567656e65726174657c693a313539363032393838313b63757272656e745f6c616e67756167657c733a373a22656e676c697368223b6964656e746974797c733a31343a226a7261647340696e666f2e636f6d223b656d61696c7c733a31343a226a7261647340696e666f2e636f6d223b757365725f69647c733a323a223131223b6f6c645f6c6173745f6c6f67696e7c733a31303a2231353935393433313233223b73745f73746f726549447c733a313a2230223b63757272656e745f62617463685f69647c4e3b),
('9d06db90ea31fe11017611a9048a1eed1ffa685e', '::1', 1595948904, 0x5f5f63695f6c6173745f726567656e65726174657c693a313539353934383930343b6d6573736167657c733a36323a223c64697620636c6173733d22616c65727420616c6572742d73756363657373223e4c6f67676564204f7574205375636365737366756c6c793c2f6469763e223b5f5f63695f766172737c613a313a7b733a373a226d657373616765223b733a333a226f6c64223b7d),
('7e2a2aff1db4ac8be3230415ad9288afa2ddd21a', '::1', 1596030341, 0x5f5f63695f6c6173745f726567656e65726174657c693a313539363033303038303b63757272656e745f6c616e67756167657c733a373a22656e676c697368223b6964656e746974797c733a31343a226a7261647340696e666f2e636f6d223b656d61696c7c733a31343a226a7261647340696e666f2e636f6d223b757365725f69647c733a323a223131223b6f6c645f6c6173745f6c6f67696e7c733a31303a2231353936303239383934223b73745f73746f726549447c733a313a2230223b63757272656e745f62617463685f69647c4e3b),
('4453cea875256a3374a911cfe635ae477dd3c187', '::1', 1596030642, 0x5f5f63695f6c6173745f726567656e65726174657c693a313539363033303335363b63757272656e745f6c616e67756167657c733a373a22656e676c697368223b6964656e746974797c733a31343a226a7261647340696e666f2e636f6d223b656d61696c7c733a31343a226a7261647340696e666f2e636f6d223b757365725f69647c733a323a223131223b6f6c645f6c6173745f6c6f67696e7c733a31303a2231353936303330303935223b73745f73746f726549447c733a313a2230223b63757272656e745f62617463685f69647c4e3b),
('46ce0091b5e9090a65687a14c86773f75ebb73a2', '::1', 1596074440, 0x5f5f63695f6c6173745f726567656e65726174657c693a313539363037343434303b63757272656e745f6c616e67756167657c733a373a22656e676c697368223b6964656e746974797c733a31343a226a7261647340696e666f2e636f6d223b656d61696c7c733a31343a226a7261647340696e666f2e636f6d223b757365725f69647c733a323a223131223b6f6c645f6c6173745f6c6f67696e7c733a31303a2231353936303330333639223b73745f73746f726549447c733a313a2230223b63757272656e745f62617463685f69647c4e3b),
('54b39e7c77b7d7dc871b1af318c2549ccc31459f', '::1', 1596075127, 0x5f5f63695f6c6173745f726567656e65726174657c693a313539363037353132373b63757272656e745f6c616e67756167657c733a373a22656e676c697368223b6964656e746974797c733a31343a226a7261647340696e666f2e636f6d223b656d61696c7c733a31343a226a7261647340696e666f2e636f6d223b757365725f69647c733a323a223131223b6f6c645f6c6173745f6c6f67696e7c733a31303a2231353936303330333639223b73745f73746f726549447c733a313a2230223b63757272656e745f62617463685f69647c4e3b),
('0e608f4b2d94e18ba20a26ee1aed52ff13fdd3db', '::1', 1596075625, 0x5f5f63695f6c6173745f726567656e65726174657c693a313539363037353632353b63757272656e745f6c616e67756167657c733a373a22656e676c697368223b6964656e746974797c733a31343a226a7261647340696e666f2e636f6d223b656d61696c7c733a31343a226a7261647340696e666f2e636f6d223b757365725f69647c733a323a223131223b6f6c645f6c6173745f6c6f67696e7c733a31303a2231353936303330333639223b73745f73746f726549447c733a313a2230223b63757272656e745f62617463685f69647c4e3b),
('f5f1e97dcca8a2ebe8f55ea3bb577e250217550e', '::1', 1596076573, 0x5f5f63695f6c6173745f726567656e65726174657c693a313539363037363537333b63757272656e745f6c616e67756167657c733a373a22656e676c697368223b6964656e746974797c733a31343a226a7261647340696e666f2e636f6d223b656d61696c7c733a31343a226a7261647340696e666f2e636f6d223b757365725f69647c733a323a223131223b6f6c645f6c6173745f6c6f67696e7c733a31303a2231353936303330333639223b73745f73746f726549447c733a313a2230223b63757272656e745f62617463685f69647c4e3b),
('0e4c4cfff4425e7311600d9a1868c14331b3b227', '::1', 1596077310, 0x5f5f63695f6c6173745f726567656e65726174657c693a313539363037373331303b63757272656e745f6c616e67756167657c733a373a22656e676c697368223b6964656e746974797c733a31343a226a7261647340696e666f2e636f6d223b656d61696c7c733a31343a226a7261647340696e666f2e636f6d223b757365725f69647c733a323a223131223b6f6c645f6c6173745f6c6f67696e7c733a31303a2231353936303330333639223b73745f73746f726549447c733a313a2230223b63757272656e745f62617463685f69647c4e3b),
('69d48e076d05a7c719bc745f61bafd95d4d6b610', '::1', 1596077635, 0x5f5f63695f6c6173745f726567656e65726174657c693a313539363037373633353b63757272656e745f6c616e67756167657c733a373a22656e676c697368223b6964656e746974797c733a31343a226a7261647340696e666f2e636f6d223b656d61696c7c733a31343a226a7261647340696e666f2e636f6d223b757365725f69647c733a323a223131223b6f6c645f6c6173745f6c6f67696e7c733a31303a2231353936303330333639223b73745f73746f726549447c733a313a2230223b63757272656e745f62617463685f69647c4e3b),
('43488038c44177ca5ffb60c4db07c95d4e73e191', '::1', 1596077965, 0x5f5f63695f6c6173745f726567656e65726174657c693a313539363037373936353b63757272656e745f6c616e67756167657c733a373a22656e676c697368223b6964656e746974797c733a31343a226a7261647340696e666f2e636f6d223b656d61696c7c733a31343a226a7261647340696e666f2e636f6d223b757365725f69647c733a323a223131223b6f6c645f6c6173745f6c6f67696e7c733a31303a2231353936303330333639223b73745f73746f726549447c733a313a2230223b63757272656e745f62617463685f69647c4e3b),
('1e92085b72235ee3263713db02720599d313659e', '::1', 1596078078, 0x5f5f63695f6c6173745f726567656e65726174657c693a313539363037373936353b63757272656e745f6c616e67756167657c733a373a22656e676c697368223b6964656e746974797c733a31343a226a7261647340696e666f2e636f6d223b656d61696c7c733a31343a226a7261647340696e666f2e636f6d223b757365725f69647c733a323a223131223b6f6c645f6c6173745f6c6f67696e7c733a31303a2231353936303330333639223b73745f73746f726549447c733a313a2230223b63757272656e745f62617463685f69647c4e3b),
('15a63febfdaee04692f660e30114e6343fec34f6', '::1', 1596122090, 0x5f5f63695f6c6173745f726567656e65726174657c693a313539363132323039303b63757272656e745f6c616e67756167657c733a373a22656e676c697368223b6964656e746974797c733a31343a226a7261647340696e666f2e636f6d223b656d61696c7c733a31343a226a7261647340696e666f2e636f6d223b757365725f69647c733a323a223131223b6f6c645f6c6173745f6c6f67696e7c733a31303a2231353936303733393935223b73745f73746f726549447c733a313a2230223b63757272656e745f62617463685f69647c4e3b),
('80d3df1fae3e9ea2867b7f8fb7590f99a399e371', '::1', 1596122581, 0x5f5f63695f6c6173745f726567656e65726174657c693a313539363132323538313b63757272656e745f6c616e67756167657c733a373a22656e676c697368223b6964656e746974797c733a31343a226a7261647340696e666f2e636f6d223b656d61696c7c733a31343a226a7261647340696e666f2e636f6d223b757365725f69647c733a323a223131223b6f6c645f6c6173745f6c6f67696e7c733a31303a2231353936303733393935223b73745f73746f726549447c733a313a2230223b63757272656e745f62617463685f69647c4e3b),
('1ccff7494806a035b5257ae59b3266d28035519c', '::1', 1596122597, 0x5f5f63695f6c6173745f726567656e65726174657c693a313539363132323538313b63757272656e745f6c616e67756167657c733a373a22656e676c697368223b6964656e746974797c733a31343a226a7261647340696e666f2e636f6d223b656d61696c7c733a31343a226a7261647340696e666f2e636f6d223b757365725f69647c733a323a223131223b6f6c645f6c6173745f6c6f67696e7c733a31303a2231353936303733393935223b73745f73746f726549447c733a313a2230223b63757272656e745f62617463685f69647c4e3b),
('12199da382120e1b68540f7c6185fc04de50bcf1', '::1', 1596271805, 0x5f5f63695f6c6173745f726567656e65726174657c693a313539363237313830353b63757272656e745f6c616e67756167657c733a373a22656e676c697368223b6964656e746974797c733a31343a226a7261647340696e666f2e636f6d223b656d61696c7c733a31343a226a7261647340696e666f2e636f6d223b757365725f69647c733a323a223131223b6f6c645f6c6173745f6c6f67696e7c733a31303a2231353936313231333530223b73745f73746f726549447c733a313a2230223b63757272656e745f62617463685f69647c4e3b),
('e690b0f177d7f45f8c7644062299ca211890c7b3', '::1', 1596272112, 0x5f5f63695f6c6173745f726567656e65726174657c693a313539363237323131323b63757272656e745f6c616e67756167657c733a373a22656e676c697368223b6964656e746974797c733a31343a226a7261647340696e666f2e636f6d223b656d61696c7c733a31343a226a7261647340696e666f2e636f6d223b757365725f69647c733a323a223131223b6f6c645f6c6173745f6c6f67696e7c733a31303a2231353936313231333530223b73745f73746f726549447c733a313a2230223b63757272656e745f62617463685f69647c4e3b),
('63f0c1cd6bca4488f330cdad23c7354d3bdf23e7', '::1', 1596272745, 0x5f5f63695f6c6173745f726567656e65726174657c693a313539363237323734353b63757272656e745f6c616e67756167657c733a373a22656e676c697368223b6964656e746974797c733a31343a226a7261647340696e666f2e636f6d223b656d61696c7c733a31343a226a7261647340696e666f2e636f6d223b757365725f69647c733a323a223131223b6f6c645f6c6173745f6c6f67696e7c733a31303a2231353936313231333530223b73745f73746f726549447c733a313a2230223b63757272656e745f62617463685f69647c4e3b),
('9158f5c104f73a03c067f1da9b580e89f6149444', '::1', 1596273085, 0x5f5f63695f6c6173745f726567656e65726174657c693a313539363237333038353b63757272656e745f6c616e67756167657c733a373a22656e676c697368223b6964656e746974797c733a31343a226a7261647340696e666f2e636f6d223b656d61696c7c733a31343a226a7261647340696e666f2e636f6d223b757365725f69647c733a323a223131223b6f6c645f6c6173745f6c6f67696e7c733a31303a2231353936313231333530223b73745f73746f726549447c733a313a2230223b63757272656e745f62617463685f69647c4e3b),
('8ec241d47044cef4be630ca2d481a20425e2903e', '::1', 1596273478, 0x5f5f63695f6c6173745f726567656e65726174657c693a313539363237333437383b63757272656e745f6c616e67756167657c733a373a22656e676c697368223b6964656e746974797c733a31343a226a7261647340696e666f2e636f6d223b656d61696c7c733a31343a226a7261647340696e666f2e636f6d223b757365725f69647c733a323a223131223b6f6c645f6c6173745f6c6f67696e7c733a31303a2231353936313231333530223b73745f73746f726549447c733a313a2230223b63757272656e745f62617463685f69647c4e3b),
('abd985c7302e177137d60fb77d68a17d3cd74399', '::1', 1596273606, 0x5f5f63695f6c6173745f726567656e65726174657c693a313539363237333437383b63757272656e745f6c616e67756167657c733a373a22656e676c697368223b6964656e746974797c733a31343a226a7261647340696e666f2e636f6d223b656d61696c7c733a31343a226a7261647340696e666f2e636f6d223b757365725f69647c733a323a223131223b6f6c645f6c6173745f6c6f67696e7c733a31303a2231353936313231333530223b73745f73746f726549447c733a313a2230223b63757272656e745f62617463685f69647c4e3b),
('3eb9b569bb83ea43633c3cf122f3c8b0ca750b6f', '::1', 1596284181, 0x5f5f63695f6c6173745f726567656e65726174657c693a313539363238343138313b63757272656e745f6c616e67756167657c733a373a22656e676c697368223b6964656e746974797c733a31343a226a7261647340696e666f2e636f6d223b656d61696c7c733a31343a226a7261647340696e666f2e636f6d223b757365725f69647c733a323a223131223b6f6c645f6c6173745f6c6f67696e7c733a31303a2231353936323731313237223b73745f73746f726549447c733a313a2230223b63757272656e745f62617463685f69647c4e3b),
('4a8aa9e27171987dc0e4d718057577621a9f2833', '::1', 1596285090, 0x5f5f63695f6c6173745f726567656e65726174657c693a313539363238353039303b63757272656e745f6c616e67756167657c733a373a22656e676c697368223b6964656e746974797c733a31343a226a7261647340696e666f2e636f6d223b656d61696c7c733a31343a226a7261647340696e666f2e636f6d223b757365725f69647c733a323a223131223b6f6c645f6c6173745f6c6f67696e7c733a31303a2231353936323731313237223b73745f73746f726549447c733a313a2230223b63757272656e745f62617463685f69647c4e3b),
('149d7b2f0097fa8b43f365d87d75b210ddb84e46', '::1', 1596285543, 0x5f5f63695f6c6173745f726567656e65726174657c693a313539363238353534333b63757272656e745f6c616e67756167657c733a373a22656e676c697368223b6964656e746974797c733a31343a226a7261647340696e666f2e636f6d223b656d61696c7c733a31343a226a7261647340696e666f2e636f6d223b757365725f69647c733a323a223131223b6f6c645f6c6173745f6c6f67696e7c733a31303a2231353936323731313237223b73745f73746f726549447c733a313a2230223b63757272656e745f62617463685f69647c4e3b),
('f7089b917edda7b68674783d54eae72aeb738d45', '::1', 1596285859, 0x5f5f63695f6c6173745f726567656e65726174657c693a313539363238353835393b63757272656e745f6c616e67756167657c733a373a22656e676c697368223b6964656e746974797c733a31343a226a7261647340696e666f2e636f6d223b656d61696c7c733a31343a226a7261647340696e666f2e636f6d223b757365725f69647c733a323a223131223b6f6c645f6c6173745f6c6f67696e7c733a31303a2231353936323731313237223b73745f73746f726549447c733a313a2230223b63757272656e745f62617463685f69647c4e3b),
('ec95e743e0d6e9182a487fbcf84bb34f8f092f34', '::1', 1596288843, 0x5f5f63695f6c6173745f726567656e65726174657c693a313539363238383834333b63757272656e745f6c616e67756167657c733a373a22656e676c697368223b6964656e746974797c733a31343a226a7261647340696e666f2e636f6d223b656d61696c7c733a31343a226a7261647340696e666f2e636f6d223b757365725f69647c733a323a223131223b6f6c645f6c6173745f6c6f67696e7c733a31303a2231353936323731313237223b73745f73746f726549447c733a313a2230223b63757272656e745f62617463685f69647c4e3b),
('0829f41545e07ad34b958194abf5a05cf7ceccbb', '::1', 1596289187, 0x5f5f63695f6c6173745f726567656e65726174657c693a313539363238393138373b63757272656e745f6c616e67756167657c733a373a22656e676c697368223b6964656e746974797c733a31343a226a7261647340696e666f2e636f6d223b656d61696c7c733a31343a226a7261647340696e666f2e636f6d223b757365725f69647c733a323a223131223b6f6c645f6c6173745f6c6f67696e7c733a31303a2231353936323731313237223b73745f73746f726549447c733a313a2230223b63757272656e745f62617463685f69647c733a313a2231223b),
('b8afe5fd553ae14e922ac3008982f3b038f7b505', '::1', 1596289400, 0x5f5f63695f6c6173745f726567656e65726174657c693a313539363238393138373b63757272656e745f6c616e67756167657c733a373a22656e676c697368223b6964656e746974797c733a31343a226a7261647340696e666f2e636f6d223b656d61696c7c733a31343a226a7261647340696e666f2e636f6d223b757365725f69647c733a323a223131223b6f6c645f6c6173745f6c6f67696e7c733a31303a2231353936323731313237223b73745f73746f726549447c733a313a2230223b63757272656e745f62617463685f69647c733a313a2231223b),
('9123de7d1cfde0c45843a9153a3bd4625a7f4683', '::1', 1596290680, 0x5f5f63695f6c6173745f726567656e65726174657c693a313539363239303638303b63757272656e745f6c616e67756167657c733a373a22656e676c697368223b6964656e746974797c733a31343a226a7261647340696e666f2e636f6d223b656d61696c7c733a31343a226a7261647340696e666f2e636f6d223b757365725f69647c733a323a223131223b6f6c645f6c6173745f6c6f67696e7c733a31303a2231353936323833383639223b73745f73746f726549447c733a313a2230223b63757272656e745f62617463685f69647c4e3b),
('77415af907686e3e14e4788f63de7c307f42bcb6', '::1', 1596291293, 0x5f5f63695f6c6173745f726567656e65726174657c693a313539363239313239333b63757272656e745f6c616e67756167657c733a373a22656e676c697368223b6964656e746974797c733a31343a226a7261647340696e666f2e636f6d223b656d61696c7c733a31343a226a7261647340696e666f2e636f6d223b757365725f69647c733a323a223131223b6f6c645f6c6173745f6c6f67696e7c733a31303a2231353936323833383639223b73745f73746f726549447c733a313a2230223b63757272656e745f62617463685f69647c4e3b),
('fc61ee13f6c5c9179f7b01d5389efae9f3ce6a08', '::1', 1596291659, 0x5f5f63695f6c6173745f726567656e65726174657c693a313539363239313635393b63757272656e745f6c616e67756167657c733a373a22656e676c697368223b6964656e746974797c733a31343a226a7261647340696e666f2e636f6d223b656d61696c7c733a31343a226a7261647340696e666f2e636f6d223b757365725f69647c733a323a223131223b6f6c645f6c6173745f6c6f67696e7c733a31303a2231353936323833383639223b73745f73746f726549447c733a313a2230223b63757272656e745f62617463685f69647c4e3b),
('6df91145c22d5d87cbeb06055fd0a543c3b32763', '::1', 1596294555, 0x5f5f63695f6c6173745f726567656e65726174657c693a313539363239343535353b63757272656e745f6c616e67756167657c733a373a22656e676c697368223b6964656e746974797c733a31343a226a7261647340696e666f2e636f6d223b656d61696c7c733a31343a226a7261647340696e666f2e636f6d223b757365725f69647c733a323a223131223b6f6c645f6c6173745f6c6f67696e7c733a31303a2231353936323833383639223b73745f73746f726549447c733a313a2230223b63757272656e745f62617463685f69647c4e3b),
('e94fb1c246e85e0412a7bce45bec92c1c4063219', '::1', 1596295132, 0x5f5f63695f6c6173745f726567656e65726174657c693a313539363239353133323b63757272656e745f6c616e67756167657c733a373a22656e676c697368223b6964656e746974797c733a31343a226a7261647340696e666f2e636f6d223b656d61696c7c733a31343a226a7261647340696e666f2e636f6d223b757365725f69647c733a323a223131223b6f6c645f6c6173745f6c6f67696e7c733a31303a2231353936323833383639223b73745f73746f726549447c733a313a2230223b63757272656e745f62617463685f69647c4e3b),
('337e005dca80123b1af590f0ebfa4ea0aa83594d', '::1', 1596295586, 0x5f5f63695f6c6173745f726567656e65726174657c693a313539363239353538363b63757272656e745f6c616e67756167657c733a373a22656e676c697368223b6964656e746974797c733a31343a226a7261647340696e666f2e636f6d223b656d61696c7c733a31343a226a7261647340696e666f2e636f6d223b757365725f69647c733a323a223131223b6f6c645f6c6173745f6c6f67696e7c733a31303a2231353936323833383639223b73745f73746f726549447c733a313a2230223b63757272656e745f62617463685f69647c4e3b),
('b6405fe48b6fdc0de9cac14eddcf81846db2484b', '::1', 1596295917, 0x5f5f63695f6c6173745f726567656e65726174657c693a313539363239353931373b63757272656e745f6c616e67756167657c733a373a22656e676c697368223b6964656e746974797c733a31343a226a7261647340696e666f2e636f6d223b656d61696c7c733a31343a226a7261647340696e666f2e636f6d223b757365725f69647c733a323a223131223b6f6c645f6c6173745f6c6f67696e7c733a31303a2231353936323833383639223b73745f73746f726549447c733a313a2230223b63757272656e745f62617463685f69647c4e3b),
('a98e327f01155295511896261c0e8b848160543d', '::1', 1596296970, 0x5f5f63695f6c6173745f726567656e65726174657c693a313539363239363937303b63757272656e745f6c616e67756167657c733a373a22656e676c697368223b6964656e746974797c733a31343a226a7261647340696e666f2e636f6d223b656d61696c7c733a31343a226a7261647340696e666f2e636f6d223b757365725f69647c733a323a223131223b6f6c645f6c6173745f6c6f67696e7c733a31303a2231353936323833383639223b73745f73746f726549447c733a313a2230223b63757272656e745f62617463685f69647c4e3b),
('2f48fc6935b6183d0647d06aca4beca8cae5b142', '::1', 1596297506, 0x5f5f63695f6c6173745f726567656e65726174657c693a313539363239373530363b63757272656e745f6c616e67756167657c733a373a22656e676c697368223b6964656e746974797c733a31343a226a7261647340696e666f2e636f6d223b656d61696c7c733a31343a226a7261647340696e666f2e636f6d223b757365725f69647c733a323a223131223b6f6c645f6c6173745f6c6f67696e7c733a31303a2231353936323833383639223b73745f73746f726549447c733a313a2230223b63757272656e745f62617463685f69647c4e3b),
('28ee00e6e7551421b34c2e7096be2445b269cece', '::1', 1596297884, 0x5f5f63695f6c6173745f726567656e65726174657c693a313539363239373838343b63757272656e745f6c616e67756167657c733a373a22656e676c697368223b6964656e746974797c733a31343a226a7261647340696e666f2e636f6d223b656d61696c7c733a31343a226a7261647340696e666f2e636f6d223b757365725f69647c733a323a223131223b6f6c645f6c6173745f6c6f67696e7c733a31303a2231353936323833383639223b73745f73746f726549447c733a313a2230223b63757272656e745f62617463685f69647c4e3b),
('666f8232eb4bb66c1b2deb891d3957b4f8f004f5', '::1', 1596298235, 0x5f5f63695f6c6173745f726567656e65726174657c693a313539363239383233353b63757272656e745f6c616e67756167657c733a373a22656e676c697368223b6964656e746974797c733a31343a226a7261647340696e666f2e636f6d223b656d61696c7c733a31343a226a7261647340696e666f2e636f6d223b757365725f69647c733a323a223131223b6f6c645f6c6173745f6c6f67696e7c733a31303a2231353936323833383639223b73745f73746f726549447c733a313a2230223b63757272656e745f62617463685f69647c4e3b);
INSERT INTO `ci_sessions` (`id`, `ip_address`, `timestamp`, `data`) VALUES
('9633c72ace6c5bad2189c375e2a3135022580736', '::1', 1596298851, 0x5f5f63695f6c6173745f726567656e65726174657c693a313539363239383835313b63757272656e745f6c616e67756167657c733a373a22656e676c697368223b6964656e746974797c733a31343a226a7261647340696e666f2e636f6d223b656d61696c7c733a31343a226a7261647340696e666f2e636f6d223b757365725f69647c733a323a223131223b6f6c645f6c6173745f6c6f67696e7c733a31303a2231353936323833383639223b73745f73746f726549447c733a313a2230223b63757272656e745f62617463685f69647c4e3b),
('508fa26b7761fe003a3257f2d9acddb5b510aed7', '::1', 1596299196, 0x5f5f63695f6c6173745f726567656e65726174657c693a313539363239393139363b63757272656e745f6c616e67756167657c733a373a22656e676c697368223b6964656e746974797c733a31343a226a7261647340696e666f2e636f6d223b656d61696c7c733a31343a226a7261647340696e666f2e636f6d223b757365725f69647c733a323a223131223b6f6c645f6c6173745f6c6f67696e7c733a31303a2231353936323833383639223b73745f73746f726549447c733a313a2230223b63757272656e745f62617463685f69647c4e3b6d6573736167657c733a36323a223c64697620636c6173733d22616c65727420616c6572742d73756363657373223e4c6f67676564204f7574205375636365737366756c6c793c2f6469763e223b5f5f63695f766172737c613a313a7b733a373a226d657373616765223b733a333a226f6c64223b7d),
('588cd91b4f689f29fd67516280684d1b269d702a', '::1', 1596323621, 0x5f5f63695f6c6173745f726567656e65726174657c693a313539363332333430313b63757272656e745f6c616e67756167657c733a373a22656e676c697368223b6964656e746974797c733a31343a226a7261647340696e666f2e636f6d223b656d61696c7c733a31343a226a7261647340696e666f2e636f6d223b757365725f69647c733a323a223131223b6f6c645f6c6173745f6c6f67696e7c733a31303a2231353936323839343436223b73745f73746f726549447c733a313a2230223b63757272656e745f62617463685f69647c4e3b),
('4cd66a1b55a3f5e02403fc0554a08f66534a4441', '::1', 1596324869, 0x5f5f63695f6c6173745f726567656e65726174657c693a313539363332343836393b63757272656e745f6c616e67756167657c733a373a22656e676c697368223b6964656e746974797c733a31343a226a7261647340696e666f2e636f6d223b656d61696c7c733a31343a226a7261647340696e666f2e636f6d223b757365725f69647c733a323a223131223b6f6c645f6c6173745f6c6f67696e7c733a31303a2231353936333233343539223b73745f73746f726549447c733a313a2230223b63757272656e745f62617463685f69647c4e3b),
('53fe1714bd331de3dfb8b70528f4ff9476792fdd', '::1', 1596325294, 0x5f5f63695f6c6173745f726567656e65726174657c693a313539363332353239343b63757272656e745f6c616e67756167657c733a373a22656e676c697368223b6964656e746974797c733a31343a226a7261647340696e666f2e636f6d223b656d61696c7c733a31343a226a7261647340696e666f2e636f6d223b757365725f69647c733a323a223131223b6f6c645f6c6173745f6c6f67696e7c733a31303a2231353936333233343539223b73745f73746f726549447c733a313a2230223b63757272656e745f62617463685f69647c4e3b),
('6470dc5bc99ef58170d8fdb003bd1390a903abd9', '::1', 1596325758, 0x5f5f63695f6c6173745f726567656e65726174657c693a313539363332353735383b63757272656e745f6c616e67756167657c733a373a22656e676c697368223b6964656e746974797c733a31343a226a7261647340696e666f2e636f6d223b656d61696c7c733a31343a226a7261647340696e666f2e636f6d223b757365725f69647c733a323a223131223b6f6c645f6c6173745f6c6f67696e7c733a31303a2231353936333233343539223b73745f73746f726549447c733a313a2230223b63757272656e745f62617463685f69647c4e3b),
('a3bd52ab9d129de037c70f64560731903cada193', '::1', 1596326135, 0x5f5f63695f6c6173745f726567656e65726174657c693a313539363332363133353b63757272656e745f6c616e67756167657c733a373a22656e676c697368223b6964656e746974797c733a31343a226a7261647340696e666f2e636f6d223b656d61696c7c733a31343a226a7261647340696e666f2e636f6d223b757365725f69647c733a323a223131223b6f6c645f6c6173745f6c6f67696e7c733a31303a2231353936333233343539223b73745f73746f726549447c733a313a2230223b63757272656e745f62617463685f69647c4e3b),
('e6821b95808e8e61130fe5c167afeb75a90d5ea7', '::1', 1596326442, 0x5f5f63695f6c6173745f726567656e65726174657c693a313539363332363434323b63757272656e745f6c616e67756167657c733a373a22656e676c697368223b6964656e746974797c733a31343a226a7261647340696e666f2e636f6d223b656d61696c7c733a31343a226a7261647340696e666f2e636f6d223b757365725f69647c733a323a223131223b6f6c645f6c6173745f6c6f67696e7c733a31303a2231353936333233343539223b73745f73746f726549447c733a313a2230223b63757272656e745f62617463685f69647c4e3b),
('208afa930617b16615b33bd7d444254a86238900', '::1', 1596326771, 0x5f5f63695f6c6173745f726567656e65726174657c693a313539363332363737313b63757272656e745f6c616e67756167657c733a373a22656e676c697368223b6964656e746974797c733a31343a226a7261647340696e666f2e636f6d223b656d61696c7c733a31343a226a7261647340696e666f2e636f6d223b757365725f69647c733a323a223131223b6f6c645f6c6173745f6c6f67696e7c733a31303a2231353936333233343539223b73745f73746f726549447c733a313a2230223b63757272656e745f62617463685f69647c4e3b),
('15c05f5c2fc54aad225ad9badaa0fac09b1b0074', '::1', 1596327120, 0x5f5f63695f6c6173745f726567656e65726174657c693a313539363332373132303b63757272656e745f6c616e67756167657c733a373a22656e676c697368223b6964656e746974797c733a31343a226a7261647340696e666f2e636f6d223b656d61696c7c733a31343a226a7261647340696e666f2e636f6d223b757365725f69647c733a323a223131223b6f6c645f6c6173745f6c6f67696e7c733a31303a2231353936333233343539223b73745f73746f726549447c733a313a2230223b63757272656e745f62617463685f69647c4e3b),
('e17b7f27b46b8aa795ab67dd90287e537e1e897d', '::1', 1596327565, 0x5f5f63695f6c6173745f726567656e65726174657c693a313539363332373536353b63757272656e745f6c616e67756167657c733a373a22656e676c697368223b6964656e746974797c733a31343a226a7261647340696e666f2e636f6d223b656d61696c7c733a31343a226a7261647340696e666f2e636f6d223b757365725f69647c733a323a223131223b6f6c645f6c6173745f6c6f67696e7c733a31303a2231353936333233343539223b73745f73746f726549447c733a313a2230223b63757272656e745f62617463685f69647c4e3b),
('7e1c55a5e0a41519427354d690cfce56c54e394c', '::1', 1596328183, 0x5f5f63695f6c6173745f726567656e65726174657c693a313539363332383138333b63757272656e745f6c616e67756167657c733a373a22656e676c697368223b6964656e746974797c733a31343a226a7261647340696e666f2e636f6d223b656d61696c7c733a31343a226a7261647340696e666f2e636f6d223b757365725f69647c733a323a223131223b6f6c645f6c6173745f6c6f67696e7c733a31303a2231353936333233343539223b73745f73746f726549447c733a313a2230223b63757272656e745f62617463685f69647c4e3b),
('11e5ed29bdebfbaf094cbfddf14c45bf1a3a1df5', '::1', 1596328548, 0x5f5f63695f6c6173745f726567656e65726174657c693a313539363332383534383b63757272656e745f6c616e67756167657c733a373a22656e676c697368223b6964656e746974797c733a31343a226a7261647340696e666f2e636f6d223b656d61696c7c733a31343a226a7261647340696e666f2e636f6d223b757365725f69647c733a323a223131223b6f6c645f6c6173745f6c6f67696e7c733a31303a2231353936333233343539223b73745f73746f726549447c733a313a2230223b63757272656e745f62617463685f69647c4e3b),
('927d3fe40ec359835b35540685378cdc6ada0668', '::1', 1596329168, 0x5f5f63695f6c6173745f726567656e65726174657c693a313539363332393136383b63757272656e745f6c616e67756167657c733a373a22656e676c697368223b6964656e746974797c733a31343a226a7261647340696e666f2e636f6d223b656d61696c7c733a31343a226a7261647340696e666f2e636f6d223b757365725f69647c733a323a223131223b6f6c645f6c6173745f6c6f67696e7c733a31303a2231353936333233343539223b73745f73746f726549447c733a313a2230223b63757272656e745f62617463685f69647c4e3b),
('d50c75b2ec34d9d49d8621dfecbb41762b0569bb', '::1', 1596329763, 0x5f5f63695f6c6173745f726567656e65726174657c693a313539363332393736333b63757272656e745f6c616e67756167657c733a373a22656e676c697368223b6964656e746974797c733a31343a226a7261647340696e666f2e636f6d223b656d61696c7c733a31343a226a7261647340696e666f2e636f6d223b757365725f69647c733a323a223131223b6f6c645f6c6173745f6c6f67696e7c733a31303a2231353936333233343539223b73745f73746f726549447c733a313a2230223b63757272656e745f62617463685f69647c4e3b),
('95d358bf0367de0b47c5a8cbfb1b6b8c65444130', '::1', 1596329764, 0x5f5f63695f6c6173745f726567656e65726174657c693a313539363332393736333b63757272656e745f6c616e67756167657c733a373a22656e676c697368223b6964656e746974797c733a31343a226a7261647340696e666f2e636f6d223b656d61696c7c733a31343a226a7261647340696e666f2e636f6d223b757365725f69647c733a323a223131223b6f6c645f6c6173745f6c6f67696e7c733a31303a2231353936333233343539223b73745f73746f726549447c733a313a2230223b63757272656e745f62617463685f69647c4e3b),
('2ef84487f85058397c683e4f645cbdd59142ce74', '::1', 1596338442, 0x5f5f63695f6c6173745f726567656e65726174657c693a313539363333383434323b63757272656e745f6c616e67756167657c733a373a22656e676c697368223b6964656e746974797c733a31343a226a7261647340696e666f2e636f6d223b656d61696c7c733a31343a226a7261647340696e666f2e636f6d223b757365725f69647c733a323a223131223b6f6c645f6c6173745f6c6f67696e7c733a31303a2231353936333233373136223b73745f73746f726549447c733a313a2230223b63757272656e745f62617463685f69647c4e3b),
('ce0ccba58c539d74f9c92cfd7c40b0d63eaf0bd8', '::1', 1596338982, 0x5f5f63695f6c6173745f726567656e65726174657c693a313539363333383938323b63757272656e745f6c616e67756167657c733a373a22656e676c697368223b6964656e746974797c733a31343a226a7261647340696e666f2e636f6d223b656d61696c7c733a31343a226a7261647340696e666f2e636f6d223b757365725f69647c733a323a223131223b6f6c645f6c6173745f6c6f67696e7c733a31303a2231353936333233373136223b73745f73746f726549447c733a313a2230223b63757272656e745f62617463685f69647c4e3b),
('7d11fd9bf23073fa01200cab7791730b5966351c', '::1', 1596339985, 0x5f5f63695f6c6173745f726567656e65726174657c693a313539363333393938353b63757272656e745f6c616e67756167657c733a373a22656e676c697368223b6964656e746974797c733a31343a226a7261647340696e666f2e636f6d223b656d61696c7c733a31343a226a7261647340696e666f2e636f6d223b757365725f69647c733a323a223131223b6f6c645f6c6173745f6c6f67696e7c733a31303a2231353936333233373136223b73745f73746f726549447c733a313a2230223b63757272656e745f62617463685f69647c4e3b),
('354f951d4284855be3ceb5f081540964671d4877', '::1', 1596340367, 0x5f5f63695f6c6173745f726567656e65726174657c693a313539363334303336373b63757272656e745f6c616e67756167657c733a373a22656e676c697368223b6964656e746974797c733a31343a226a7261647340696e666f2e636f6d223b656d61696c7c733a31343a226a7261647340696e666f2e636f6d223b757365725f69647c733a323a223131223b6f6c645f6c6173745f6c6f67696e7c733a31303a2231353936333233373136223b73745f73746f726549447c733a313a2230223b63757272656e745f62617463685f69647c4e3b),
('5c2449b83fa1bb0800005a510f43033a9a4a00d2', '::1', 1596340810, 0x5f5f63695f6c6173745f726567656e65726174657c693a313539363334303831303b63757272656e745f6c616e67756167657c733a373a22656e676c697368223b6964656e746974797c733a31343a226a7261647340696e666f2e636f6d223b656d61696c7c733a31343a226a7261647340696e666f2e636f6d223b757365725f69647c733a323a223131223b6f6c645f6c6173745f6c6f67696e7c733a31303a2231353936333233373136223b73745f73746f726549447c733a313a2230223b63757272656e745f62617463685f69647c4e3b),
('7e42ddcfd64012dd070e789a80ad386c7153c86f', '::1', 1596341713, 0x5f5f63695f6c6173745f726567656e65726174657c693a313539363334313731333b63757272656e745f6c616e67756167657c733a373a22656e676c697368223b6964656e746974797c733a31343a226a7261647340696e666f2e636f6d223b656d61696c7c733a31343a226a7261647340696e666f2e636f6d223b757365725f69647c733a323a223131223b6f6c645f6c6173745f6c6f67696e7c733a31303a2231353936333233373136223b73745f73746f726549447c733a313a2230223b63757272656e745f62617463685f69647c4e3b),
('405422f23033329d7578656a58aabcfc942da165', '::1', 1596343256, 0x5f5f63695f6c6173745f726567656e65726174657c693a313539363334333235363b63757272656e745f6c616e67756167657c733a373a22656e676c697368223b6964656e746974797c733a31343a226a7261647340696e666f2e636f6d223b656d61696c7c733a31343a226a7261647340696e666f2e636f6d223b757365725f69647c733a323a223131223b6f6c645f6c6173745f6c6f67696e7c733a31303a2231353936333233373136223b73745f73746f726549447c733a313a2230223b63757272656e745f62617463685f69647c4e3b),
('d3ef88427f3d6117f7dbf51250250c3b948e32db', '::1', 1596345894, 0x5f5f63695f6c6173745f726567656e65726174657c693a313539363334353839343b63757272656e745f6c616e67756167657c733a373a22656e676c697368223b6964656e746974797c733a31343a226a7261647340696e666f2e636f6d223b656d61696c7c733a31343a226a7261647340696e666f2e636f6d223b757365725f69647c733a323a223131223b6f6c645f6c6173745f6c6f67696e7c733a31303a2231353936333233373136223b73745f73746f726549447c733a313a2230223b63757272656e745f62617463685f69647c4e3b),
('7a2afddde34d7a1c2d9110c8edcbf93455d84738', '::1', 1596346270, 0x5f5f63695f6c6173745f726567656e65726174657c693a313539363334363237303b63757272656e745f6c616e67756167657c733a373a22656e676c697368223b6964656e746974797c733a31343a226a7261647340696e666f2e636f6d223b656d61696c7c733a31343a226a7261647340696e666f2e636f6d223b757365725f69647c733a323a223131223b6f6c645f6c6173745f6c6f67696e7c733a31303a2231353936333233373136223b73745f73746f726549447c733a313a2230223b63757272656e745f62617463685f69647c4e3b),
('bb4a800b3e01728ee0066d5d1ccb825156f3f7cd', '::1', 1596346658, 0x5f5f63695f6c6173745f726567656e65726174657c693a313539363334363635383b63757272656e745f6c616e67756167657c733a373a22656e676c697368223b6964656e746974797c733a31343a226a7261647340696e666f2e636f6d223b656d61696c7c733a31343a226a7261647340696e666f2e636f6d223b757365725f69647c733a323a223131223b6f6c645f6c6173745f6c6f67696e7c733a31303a2231353936333233373136223b73745f73746f726549447c733a313a2230223b63757272656e745f62617463685f69647c4e3b),
('098d196e2a40b1a18f54e6bcba5ec3b3584aad49', '::1', 1596348419, 0x5f5f63695f6c6173745f726567656e65726174657c693a313539363334383431393b63757272656e745f6c616e67756167657c733a373a22656e676c697368223b6964656e746974797c733a31343a226a7261647340696e666f2e636f6d223b656d61696c7c733a31343a226a7261647340696e666f2e636f6d223b757365725f69647c733a323a223131223b6f6c645f6c6173745f6c6f67696e7c733a31303a2231353936333233373136223b73745f73746f726549447c733a313a2230223b63757272656e745f62617463685f69647c4e3b),
('a23772374ce57d1c921e910b532964cee49d34ae', '::1', 1596349627, 0x5f5f63695f6c6173745f726567656e65726174657c693a313539363334393632373b63757272656e745f6c616e67756167657c733a373a22656e676c697368223b6964656e746974797c733a31343a226a7261647340696e666f2e636f6d223b656d61696c7c733a31343a226a7261647340696e666f2e636f6d223b757365725f69647c733a323a223131223b6f6c645f6c6173745f6c6f67696e7c733a31303a2231353936333233373136223b73745f73746f726549447c733a313a2230223b63757272656e745f62617463685f69647c4e3b),
('2737b6c753d617a2d4a3adfec669adad62f57338', '::1', 1596349634, 0x5f5f63695f6c6173745f726567656e65726174657c693a313539363334393632373b63757272656e745f6c616e67756167657c733a373a22656e676c697368223b6964656e746974797c733a31343a226a7261647340696e666f2e636f6d223b656d61696c7c733a31343a226a7261647340696e666f2e636f6d223b757365725f69647c733a323a223131223b6f6c645f6c6173745f6c6f67696e7c733a31303a2231353936333233373136223b73745f73746f726549447c733a313a2230223b63757272656e745f62617463685f69647c4e3b),
('3a9cd7ec166f225d1cc2cfb66be8ac4b76953302', '::1', 1596357305, 0x5f5f63695f6c6173745f726567656e65726174657c693a313539363335373330353b63757272656e745f6c616e67756167657c733a373a22656e676c697368223b6964656e746974797c733a31343a226a7261647340696e666f2e636f6d223b656d61696c7c733a31343a226a7261647340696e666f2e636f6d223b757365725f69647c733a323a223131223b6f6c645f6c6173745f6c6f67696e7c733a31303a2231353936333338303832223b73745f73746f726549447c733a313a2230223b63757272656e745f62617463685f69647c4e3b),
('f698b65ec871af08afbb7148e8753e4b7a794e68', '::1', 1596357688, 0x5f5f63695f6c6173745f726567656e65726174657c693a313539363335373638383b63757272656e745f6c616e67756167657c733a373a22656e676c697368223b6964656e746974797c733a31343a226a7261647340696e666f2e636f6d223b656d61696c7c733a31343a226a7261647340696e666f2e636f6d223b757365725f69647c733a323a223131223b6f6c645f6c6173745f6c6f67696e7c733a31303a2231353936333338303832223b73745f73746f726549447c733a313a2230223b63757272656e745f62617463685f69647c4e3b),
('2316794f69a197c1f64f481120e7f3daf221cc8c', '::1', 1596358534, 0x5f5f63695f6c6173745f726567656e65726174657c693a313539363335383533343b63757272656e745f6c616e67756167657c733a373a22656e676c697368223b6964656e746974797c733a31343a226a7261647340696e666f2e636f6d223b656d61696c7c733a31343a226a7261647340696e666f2e636f6d223b757365725f69647c733a323a223131223b6f6c645f6c6173745f6c6f67696e7c733a31303a2231353936333338303832223b73745f73746f726549447c733a313a2230223b63757272656e745f62617463685f69647c4e3b),
('67ac4ffaea5703a72b4798100800fd01136637b2', '::1', 1596358640, 0x5f5f63695f6c6173745f726567656e65726174657c693a313539363335383533343b63757272656e745f6c616e67756167657c733a373a22656e676c697368223b6964656e746974797c733a31343a226a7261647340696e666f2e636f6d223b656d61696c7c733a31343a226a7261647340696e666f2e636f6d223b757365725f69647c733a323a223131223b6f6c645f6c6173745f6c6f67696e7c733a31303a2231353936333338303832223b73745f73746f726549447c733a313a2230223b63757272656e745f62617463685f69647c4e3b),
('e46406c80c6cc760adfd35bda486911ba9bf8b3d', '::1', 1596376765, 0x5f5f63695f6c6173745f726567656e65726174657c693a313539363337363736353b63757272656e745f6c616e67756167657c733a373a22656e676c697368223b6964656e746974797c733a31343a226a7261647340696e666f2e636f6d223b656d61696c7c733a31343a226a7261647340696e666f2e636f6d223b757365725f69647c733a323a223131223b6f6c645f6c6173745f6c6f67696e7c733a31303a2231353936333536393836223b73745f73746f726549447c733a313a2230223b63757272656e745f62617463685f69647c4e3b),
('e202505d809b212498f0c82dab72b0ea4d78188e', '::1', 1596378844, 0x5f5f63695f6c6173745f726567656e65726174657c693a313539363337383834343b63757272656e745f6c616e67756167657c733a373a22656e676c697368223b6964656e746974797c733a31343a226a7261647340696e666f2e636f6d223b656d61696c7c733a31343a226a7261647340696e666f2e636f6d223b757365725f69647c733a323a223131223b6f6c645f6c6173745f6c6f67696e7c733a31303a2231353936333536393836223b73745f73746f726549447c733a313a2230223b63757272656e745f62617463685f69647c4e3b),
('970b3a4d2c2280af1c3dbbd8e843809d4ccf7f93', '::1', 1596379467, 0x5f5f63695f6c6173745f726567656e65726174657c693a313539363337393436373b63757272656e745f6c616e67756167657c733a373a22656e676c697368223b6964656e746974797c733a31343a226a7261647340696e666f2e636f6d223b656d61696c7c733a31343a226a7261647340696e666f2e636f6d223b757365725f69647c733a323a223131223b6f6c645f6c6173745f6c6f67696e7c733a31303a2231353936333536393836223b73745f73746f726549447c733a313a2230223b63757272656e745f62617463685f69647c4e3b),
('b58f95c6221bb2c6551574404dcc30db6215cfe0', '::1', 1596379851, 0x5f5f63695f6c6173745f726567656e65726174657c693a313539363337393835313b63757272656e745f6c616e67756167657c733a373a22656e676c697368223b6964656e746974797c733a31343a226a7261647340696e666f2e636f6d223b656d61696c7c733a31343a226a7261647340696e666f2e636f6d223b757365725f69647c733a323a223131223b6f6c645f6c6173745f6c6f67696e7c733a31303a2231353936333536393836223b73745f73746f726549447c733a313a2230223b63757272656e745f62617463685f69647c4e3b),
('dd8aa57c59e552ad38f2601c986912381ffeb971', '::1', 1596379954, 0x5f5f63695f6c6173745f726567656e65726174657c693a313539363337393835313b63757272656e745f6c616e67756167657c733a373a22656e676c697368223b6964656e746974797c733a31343a226a7261647340696e666f2e636f6d223b656d61696c7c733a31343a226a7261647340696e666f2e636f6d223b757365725f69647c733a323a223131223b6f6c645f6c6173745f6c6f67696e7c733a31303a2231353936333536393836223b73745f73746f726549447c733a313a2230223b63757272656e745f62617463685f69647c4e3b),
('602c646d8ab7ce77826d11473319955eeca3c5fd', '::1', 1596417716, 0x5f5f63695f6c6173745f726567656e65726174657c693a313539363431373731363b63757272656e745f6c616e67756167657c733a373a22656e676c697368223b6964656e746974797c733a31343a226a7261647340696e666f2e636f6d223b656d61696c7c733a31343a226a7261647340696e666f2e636f6d223b757365725f69647c733a323a223131223b6f6c645f6c6173745f6c6f67696e7c733a31303a2231353936333736333036223b73745f73746f726549447c733a313a2230223b63757272656e745f62617463685f69647c4e3b),
('3489c2356ca3e8ce0e9a6b890a7cd08a8b37634c', '::1', 1596418045, 0x5f5f63695f6c6173745f726567656e65726174657c693a313539363431383034353b63757272656e745f6c616e67756167657c733a373a22656e676c697368223b6964656e746974797c733a31343a226a7261647340696e666f2e636f6d223b656d61696c7c733a31343a226a7261647340696e666f2e636f6d223b757365725f69647c733a323a223131223b6f6c645f6c6173745f6c6f67696e7c733a31303a2231353936333736333036223b73745f73746f726549447c733a313a2230223b63757272656e745f62617463685f69647c4e3b),
('eaf3fa3b4c5f12eda71a1e00fd8053d08ede4a75', '::1', 1596418054, 0x5f5f63695f6c6173745f726567656e65726174657c693a313539363431383034353b63757272656e745f6c616e67756167657c733a373a22656e676c697368223b6964656e746974797c733a31343a226a7261647340696e666f2e636f6d223b656d61696c7c733a31343a226a7261647340696e666f2e636f6d223b757365725f69647c733a323a223131223b6f6c645f6c6173745f6c6f67696e7c733a31303a2231353936333736333036223b73745f73746f726549447c733a313a2230223b63757272656e745f62617463685f69647c4e3b),
('22733b65491638950b775aa9a8b345de198637b9', '::1', 1596427553, 0x5f5f63695f6c6173745f726567656e65726174657c693a313539363432373431353b63757272656e745f6c616e67756167657c733a373a22656e676c697368223b6964656e746974797c733a31343a226a7261647340696e666f2e636f6d223b656d61696c7c733a31343a226a7261647340696e666f2e636f6d223b757365725f69647c733a323a223131223b6f6c645f6c6173745f6c6f67696e7c733a31303a2231353936343137333532223b73745f73746f726549447c733a313a2230223b63757272656e745f62617463685f69647c4e3b);

-- --------------------------------------------------------

--
-- Table structure for table `groups`
--

DROP TABLE IF EXISTS `groups`;
CREATE TABLE IF NOT EXISTS `groups` (
  `id` mediumint(8) UNSIGNED NOT NULL AUTO_INCREMENT,
  `name` varchar(20) NOT NULL,
  `description` varchar(100) NOT NULL,
  PRIMARY KEY (`id`)
) ENGINE=MyISAM AUTO_INCREMENT=7 DEFAULT CHARSET=utf8;

--
-- Dumping data for table `groups`
--

INSERT INTO `groups` (`id`, `name`, `description`) VALUES
(1, 'admin', 'Administrator'),
(2, 'wqt', 'WQT'),
(3, 'ndt', 'NDT'),
(4, 'audit', 'Audit'),
(5, 'tesing', 'Tesing Data'),
(6, 'testsing1', 'testsing122');

-- --------------------------------------------------------

--
-- Table structure for table `jr_applicable_code`
--

DROP TABLE IF EXISTS `jr_applicable_code`;
CREATE TABLE IF NOT EXISTS `jr_applicable_code` (
  `applicable_code_id` int(11) NOT NULL AUTO_INCREMENT,
  `applicable_code_name` varchar(100) NOT NULL,
  `applicable_code_show_status` int(11) NOT NULL DEFAULT 1,
  `createOn` datetime NOT NULL,
  `createBy` int(11) NOT NULL,
  `updateOn` datetime NOT NULL,
  `updateBy` int(11) NOT NULL,
  PRIMARY KEY (`applicable_code_id`)
) ENGINE=MyISAM AUTO_INCREMENT=4 DEFAULT CHARSET=latin1;

--
-- Dumping data for table `jr_applicable_code`
--

INSERT INTO `jr_applicable_code` (`applicable_code_id`, `applicable_code_name`, `applicable_code_show_status`, `createOn`, `createBy`, `updateOn`, `updateBy`) VALUES
(1, 'Applicable Code 1', 1, '2020-03-14 08:58:29', 11, '2020-03-14 08:58:29', 11),
(3, 'Applicable Code 2', 1, '2020-03-18 19:42:17', 11, '2020-03-18 19:42:17', 11);

-- --------------------------------------------------------

--
-- Table structure for table `jr_batch`
--

DROP TABLE IF EXISTS `jr_batch`;
CREATE TABLE IF NOT EXISTS `jr_batch` (
  `batch_id` int(11) NOT NULL AUTO_INCREMENT,
  `jobNo` int(11) NOT NULL,
  `batch_services` int(11) NOT NULL,
  `batch_wps` varchar(255) NOT NULL,
  `batch_client_specification` varchar(255) NOT NULL,
  `batch_request_date` date NOT NULL,
  `batch_project_clone` int(11) NOT NULL,
  `batch_report_template` int(11) NOT NULL,
  `batch_ref_no` varchar(255) NOT NULL,
  `batch_acceptance_criteria` varchar(255) NOT NULL,
  `batch_location` varchar(255) NOT NULL,
  `batch_pqr_no` varchar(255) NOT NULL,
  `batch_name` varchar(255) NOT NULL,
  `batch_show_status` int(11) NOT NULL DEFAULT 1,
  `batch_completed` int(11) NOT NULL DEFAULT 0,
  `batch_createOn` datetime NOT NULL,
  `batch_createBy` int(11) NOT NULL,
  `batch_updateOn` datetime NOT NULL,
  `batch_updateBy` int(11) NOT NULL,
  PRIMARY KEY (`batch_id`),
  KEY `batch_services` (`batch_services`),
  KEY `fk_jr_batch_jobNo_ftfsk` (`jobNo`) USING BTREE
) ENGINE=MyISAM AUTO_INCREMENT=7 DEFAULT CHARSET=latin1;

--
-- Dumping data for table `jr_batch`
--

INSERT INTO `jr_batch` (`batch_id`, `jobNo`, `batch_services`, `batch_wps`, `batch_client_specification`, `batch_request_date`, `batch_project_clone`, `batch_report_template`, `batch_ref_no`, `batch_acceptance_criteria`, `batch_location`, `batch_pqr_no`, `batch_name`, `batch_show_status`, `batch_completed`, `batch_createOn`, `batch_createBy`, `batch_updateOn`, `batch_updateBy`) VALUES
(5, 2, 1, '64565', '', '0000-00-00', 0, 0, 'JR-2019-351', '', '', '', '', 1, 0, '2019-09-25 21:44:36', 11, '2019-09-25 21:44:36', 11),
(6, 1, 2, 'ddf', 'df', '2020-02-05', 0, 0, 'JR-2020-352', 'API 1104', '', '', '', 1, 0, '2020-02-04 23:04:29', 11, '2020-02-04 23:04:29', 11);

-- --------------------------------------------------------

--
-- Table structure for table `jr_batchndt_attachement`
--

DROP TABLE IF EXISTS `jr_batchndt_attachement`;
CREATE TABLE IF NOT EXISTS `jr_batchndt_attachement` (
  `batchNDT_attachement_id` int(11) NOT NULL AUTO_INCREMENT,
  `batchID` int(11) NOT NULL,
  `batchNDT_attachement_type_name` varchar(255) NOT NULL,
  `batchNDT_attachement_file_name` varchar(255) NOT NULL,
  `batchNDT_attachement_file_size` varchar(255) NOT NULL,
  `batchNDT_attachement_file_type` varchar(255) NOT NULL,
  `batchNDT_attachement_show_status` int(11) NOT NULL DEFAULT 1,
  `batchNDT_attachement_createOn` datetime NOT NULL,
  `batchNDT_attachement_createBy` int(11) NOT NULL,
  `batchNDT_attachement_updateOn` datetime NOT NULL,
  `batchNDT_attachement_updateBy` int(11) NOT NULL,
  PRIMARY KEY (`batchNDT_attachement_id`),
  KEY `batchID` (`batchID`)
) ENGINE=MyISAM DEFAULT CHARSET=latin1;

-- --------------------------------------------------------

--
-- Table structure for table `jr_batchvi_attachement`
--

DROP TABLE IF EXISTS `jr_batchvi_attachement`;
CREATE TABLE IF NOT EXISTS `jr_batchvi_attachement` (
  `batchVI_attachement_id` int(11) NOT NULL AUTO_INCREMENT,
  `batchID` int(11) NOT NULL,
  `batchVI_attachement_type_name` varchar(255) NOT NULL,
  `batchVI_attachement_file_name` varchar(255) NOT NULL,
  `batchVI_attachement_file_size` varchar(255) NOT NULL,
  `batchVI_attachement_file_type` varchar(255) NOT NULL,
  `batchVI_attachement_show_status` int(11) NOT NULL DEFAULT 1,
  `batchVI_attachement_createOn` datetime NOT NULL,
  `batchVI_attachement_createBy` int(11) NOT NULL,
  `batchVI_attachement_updateOn` datetime NOT NULL,
  `batchVI_attachement_updateBy` int(11) NOT NULL,
  PRIMARY KEY (`batchVI_attachement_id`),
  KEY `batchID` (`batchID`)
) ENGINE=MyISAM DEFAULT CHARSET=latin1;

-- --------------------------------------------------------

--
-- Table structure for table `jr_batch_attachement`
--

DROP TABLE IF EXISTS `jr_batch_attachement`;
CREATE TABLE IF NOT EXISTS `jr_batch_attachement` (
  `attachement_batch_id` int(11) NOT NULL AUTO_INCREMENT,
  `batchID` int(11) NOT NULL,
  `batch_attachement_type_name` varchar(255) NOT NULL,
  `batch_attachement_file_name` varchar(255) NOT NULL,
  `batch_attachement_file_size` varchar(255) NOT NULL,
  `batch_attachement_file_type` varchar(255) NOT NULL,
  `batch_attachement_show_status` int(11) NOT NULL DEFAULT 1,
  `batch_attachement_createOn` datetime NOT NULL,
  `batch_attachement_createBy` int(11) NOT NULL,
  `batch_attachement_updateOn` datetime NOT NULL,
  `batch_attachement_updateBy` int(11) NOT NULL,
  PRIMARY KEY (`attachement_batch_id`),
  KEY `batch_id` (`batchID`)
) ENGINE=MyISAM DEFAULT CHARSET=latin1;

-- --------------------------------------------------------

--
-- Table structure for table `jr_batch_ndt`
--

DROP TABLE IF EXISTS `jr_batch_ndt`;
CREATE TABLE IF NOT EXISTS `jr_batch_ndt` (
  `batchNDT_id` int(11) NOT NULL AUTO_INCREMENT,
  `batchID` int(11) NOT NULL,
  `batchNDT_ndt_type` int(11) NOT NULL,
  `batchNDT_technician_name` varchar(255) NOT NULL,
  `batchNDT_date` date NOT NULL,
  `batchNDT_issued_date` date NOT NULL,
  `batchNDT_remarks` text NOT NULL,
  `batchNDT_show_status` int(11) NOT NULL DEFAULT 1,
  `batchNDT_createOn` datetime NOT NULL,
  `batchNDT_createBy` int(11) NOT NULL,
  `batchNDT_updateOn` datetime NOT NULL,
  `batchNDT_updateBy` int(11) NOT NULL,
  PRIMARY KEY (`batchNDT_id`),
  KEY `batchID` (`batchID`)
) ENGINE=MyISAM DEFAULT CHARSET=latin1;

-- --------------------------------------------------------

--
-- Table structure for table `jr_batch_vi`
--

DROP TABLE IF EXISTS `jr_batch_vi`;
CREATE TABLE IF NOT EXISTS `jr_batch_vi` (
  `batchVI_id` int(11) NOT NULL AUTO_INCREMENT,
  `batchID` int(11) NOT NULL,
  `batchVI_certified_welding_inspector` int(11) NOT NULL,
  `batchVI_weld_thickness` varchar(255) NOT NULL,
  `batchVI_ndt_contractor` int(11) NOT NULL,
  `batchVI_remarks` text NOT NULL,
  `batchVI_show_status` int(11) NOT NULL DEFAULT 1,
  `batchVI_createOn` datetime NOT NULL,
  `batchVI_createBy` int(11) NOT NULL,
  `batchVI_updateOn` datetime NOT NULL,
  `batchVI_updateBy` int(11) NOT NULL,
  PRIMARY KEY (`batchVI_id`),
  KEY `batchID` (`batchID`)
) ENGINE=MyISAM DEFAULT CHARSET=latin1;

-- --------------------------------------------------------

--
-- Table structure for table `jr_batch_wpq_additional`
--

DROP TABLE IF EXISTS `jr_batch_wpq_additional`;
CREATE TABLE IF NOT EXISTS `jr_batch_wpq_additional` (
  `batchWPQ_additional_id` int(11) NOT NULL AUTO_INCREMENT,
  `batchID` int(11) NOT NULL,
  `batchWPQ_additional_notes` text NOT NULL,
  `batchWPQ_additional_conducted_by` varchar(255) NOT NULL,
  `batchWPQ_additional_date` date NOT NULL,
  `batchWPQ_additional_show_status` int(11) NOT NULL DEFAULT 1,
  `batchWPQ_additional_createOn` datetime NOT NULL,
  `batchWPQ_additional_createBy` int(11) NOT NULL,
  `batchWPQ_additional_updateOn` datetime NOT NULL,
  `batchWPQ_additional_updateBy` int(11) NOT NULL,
  PRIMARY KEY (`batchWPQ_additional_id`),
  KEY `jr_batch_wpq_additional_ftfsk` (`batchID`)
) ENGINE=MyISAM DEFAULT CHARSET=latin1;

-- --------------------------------------------------------

--
-- Table structure for table `jr_batch_wpq_report`
--

DROP TABLE IF EXISTS `jr_batch_wpq_report`;
CREATE TABLE IF NOT EXISTS `jr_batch_wpq_report` (
  `batchWPQ_id` int(11) NOT NULL AUTO_INCREMENT,
  `batchID` int(11) NOT NULL,
  `batchForm_welding_processes_lbl` varchar(150) NOT NULL,
  `batchForm_welding_processes_val` varchar(150) NOT NULL,
  `batchForm_welding_processes_val1` varchar(150) DEFAULT NULL,
  `batchForm_welding_processes_val2` varchar(150) DEFAULT NULL,
  `batchForm_welding_processes_range` varchar(150) NOT NULL,
  `batchForm_welding_type_lbl` varchar(150) NOT NULL,
  `batchForm_welding_type_val` varchar(150) NOT NULL,
  `batchForm_welding_type_range` varchar(150) NOT NULL,
  `batchForm_pno_groupno_lbl` varchar(150) NOT NULL,
  `batchForm_pno_groupno_val` varchar(150) NOT NULL,
  `batchForm_pno_groupno_val_qnt` varchar(150) NOT NULL,
  `batchForm_pno_groupno_range` varchar(150) NOT NULL,
  `batchForm_test_specimen_lbl` varchar(150) NOT NULL,
  `batchForm_test_specimen_val` varchar(150) NOT NULL,
  `batchForm_test_specimen_range` varchar(150) NOT NULL,
  `batchForm_pipe_tube_lbl` varchar(150) NOT NULL,
  `batchForm_pipe_tube_val` varchar(150) NOT NULL,
  `batchForm_pipe_tube_range` varchar(150) NOT NULL,
  `batchForm_pipe_plate_lbl` varchar(150) NOT NULL,
  `batchForm_pipe_plate_val` varchar(150) NOT NULL,
  `batchForm_pipe_plate_val_qnt` varchar(15) NOT NULL,
  `batchForm_pipe_plate_range` varchar(150) NOT NULL,
  `batchForm_pno_groupno_val1` varchar(150) NOT NULL,
  `batchForm_pno_groupno_val_qnt1` varchar(150) NOT NULL,
  `batchForm_type_of_joint_lbl` varchar(150) NOT NULL,
  `batchForm_type_of_joint_val` varchar(150) NOT NULL,
  `batchForm_type_of_joint_range` varchar(150) NOT NULL,
  `batchForm_type_of_weld_lbl` varchar(150) NOT NULL,
  `batchForm_type_of_weld_val` varchar(150) NOT NULL,
  `batchForm_type_of_weld_range` varchar(150) NOT NULL,
  `batchForm_joint_backing_lbl` varchar(150) NOT NULL,
  `batchForm_joint_backing_val` varchar(150) NOT NULL,
  `batchForm_joint_backing_range` varchar(150) NOT NULL,
  `batchForm_filler_metal_spec_lbl` varchar(150) NOT NULL,
  `batchForm_filler_metal_spec_val` varchar(150) NOT NULL,
  `batchForm_filler_metal_spec_range` varchar(150) NOT NULL,
  `batchForm_filler_metal_aws_lbl` varchar(150) NOT NULL,
  `batchForm_filler_metal_aws_val` varchar(150) NOT NULL,
  `batchForm_filler_metal_aws_range` varchar(150) NOT NULL,
  `batchForm_filler_metal_fno_lbl` varchar(150) NOT NULL,
  `batchForm_filler_metal_fno_val` varchar(150) NOT NULL,
  `batchForm_filler_metal_fno_range` text NOT NULL,
  `batchForm_filler_metal_brand_lbl` varchar(150) NOT NULL,
  `batchForm_filler_metal_brand_val` varchar(150) NOT NULL,
  `batchForm_filler_metal_brand_range` varchar(150) NOT NULL,
  `batchForm_deposit_weld_lbl` varchar(150) NOT NULL,
  `batchForm_deposit_weld_val` varchar(150) NOT NULL,
  `batchForm_deposit_weld_range` varchar(150) NOT NULL,
  `batchForm_consumable_insert_lbl` varchar(150) NOT NULL,
  `batchForm_consumable_insert_val` varchar(150) NOT NULL,
  `batchForm_consumable_insert_range` varchar(150) NOT NULL,
  `batchForm_filler_metal_product_lbl` varchar(150) NOT NULL,
  `batchForm_filler_metal_product_val` varchar(150) NOT NULL,
  `batchForm_filler_metal_product_range` varchar(150) NOT NULL,
  `batchForm_welding_position_lbl` varchar(150) NOT NULL,
  `batchForm_welding_position_val` varchar(150) NOT NULL,
  `batchForm_welding_position_range` text DEFAULT NULL,
  `batchForm_vertical_progression_lbl` varchar(150) NOT NULL,
  `batchForm_vertical_progression_val` varchar(150) NOT NULL,
  `batchForm_vertical_progression_range` varchar(150) NOT NULL,
  `batchForm_insert_gas_lbl` varchar(150) NOT NULL,
  `batchForm_insert_gas_val` varchar(150) NOT NULL,
  `batchForm_insert_gas_range` varchar(150) NOT NULL,
  `batchForm_transfer_mode_lbl` varchar(150) NOT NULL,
  `batchForm_transfer_mode_val` varchar(150) NOT NULL,
  `batchForm_transfer_mode_range` varchar(150) NOT NULL,
  `batchForm_current_type_lbl` varchar(150) NOT NULL,
  `batchForm_current_type_val` varchar(150) NOT NULL,
  `batchForm_current_type_range` varchar(150) NOT NULL,
  `batchWPQ_show_status` int(11) NOT NULL DEFAULT 1,
  `batchWPQ_createOn` datetime NOT NULL,
  `batchWPQ_createBy` int(11) NOT NULL,
  `batchWPQ_updateOn` datetime NOT NULL,
  `batchWPQ_updateBy` int(11) NOT NULL,
  PRIMARY KEY (`batchWPQ_id`),
  KEY `batchID` (`batchID`)
) ENGINE=MyISAM AUTO_INCREMENT=364 DEFAULT CHARSET=latin1;

--
-- Dumping data for table `jr_batch_wpq_report`
--

INSERT INTO `jr_batch_wpq_report` (`batchWPQ_id`, `batchID`, `batchForm_welding_processes_lbl`, `batchForm_welding_processes_val`, `batchForm_welding_processes_val1`, `batchForm_welding_processes_val2`, `batchForm_welding_processes_range`, `batchForm_welding_type_lbl`, `batchForm_welding_type_val`, `batchForm_welding_type_range`, `batchForm_pno_groupno_lbl`, `batchForm_pno_groupno_val`, `batchForm_pno_groupno_val_qnt`, `batchForm_pno_groupno_range`, `batchForm_test_specimen_lbl`, `batchForm_test_specimen_val`, `batchForm_test_specimen_range`, `batchForm_pipe_tube_lbl`, `batchForm_pipe_tube_val`, `batchForm_pipe_tube_range`, `batchForm_pipe_plate_lbl`, `batchForm_pipe_plate_val`, `batchForm_pipe_plate_val_qnt`, `batchForm_pipe_plate_range`, `batchForm_pno_groupno_val1`, `batchForm_pno_groupno_val_qnt1`, `batchForm_type_of_joint_lbl`, `batchForm_type_of_joint_val`, `batchForm_type_of_joint_range`, `batchForm_type_of_weld_lbl`, `batchForm_type_of_weld_val`, `batchForm_type_of_weld_range`, `batchForm_joint_backing_lbl`, `batchForm_joint_backing_val`, `batchForm_joint_backing_range`, `batchForm_filler_metal_spec_lbl`, `batchForm_filler_metal_spec_val`, `batchForm_filler_metal_spec_range`, `batchForm_filler_metal_aws_lbl`, `batchForm_filler_metal_aws_val`, `batchForm_filler_metal_aws_range`, `batchForm_filler_metal_fno_lbl`, `batchForm_filler_metal_fno_val`, `batchForm_filler_metal_fno_range`, `batchForm_filler_metal_brand_lbl`, `batchForm_filler_metal_brand_val`, `batchForm_filler_metal_brand_range`, `batchForm_deposit_weld_lbl`, `batchForm_deposit_weld_val`, `batchForm_deposit_weld_range`, `batchForm_consumable_insert_lbl`, `batchForm_consumable_insert_val`, `batchForm_consumable_insert_range`, `batchForm_filler_metal_product_lbl`, `batchForm_filler_metal_product_val`, `batchForm_filler_metal_product_range`, `batchForm_welding_position_lbl`, `batchForm_welding_position_val`, `batchForm_welding_position_range`, `batchForm_vertical_progression_lbl`, `batchForm_vertical_progression_val`, `batchForm_vertical_progression_range`, `batchForm_insert_gas_lbl`, `batchForm_insert_gas_val`, `batchForm_insert_gas_range`, `batchForm_transfer_mode_lbl`, `batchForm_transfer_mode_val`, `batchForm_transfer_mode_range`, `batchForm_current_type_lbl`, `batchForm_current_type_val`, `batchForm_current_type_range`, `batchWPQ_show_status`, `batchWPQ_createOn`, `batchWPQ_createBy`, `batchWPQ_updateOn`, `batchWPQ_updateBy`) VALUES
(363, 5, 'Welding Process(es)', '', '', '', '', 'Type (Manual, Sem-auto, Auto, Mechanized) used', '', '', 'Base Metals P-Number to P-Number / /Group to Group', 'P-No. 1', 'P-No. 1', 'P-No. 1 through P-No. 15F, P-No. 34, and P-No. 41 through P-No. 49', 'Test Specimen (Pipe / Plate)', '', '', 'Pipe / Tube Diameter', '', '', 'Pipe / Plate Tickness', '', 'mm', '', '23', 'Others', 'Type of Joint (Butt, Lap, etc.)', '', '', 'Type of Weld (Groove, Fillet)', '', '', 'Backing (Metal, Weld Metal, Double Welded, Without)', '', '', 'Filler Metal or Electrode specification (s) (SFA No.)', '', '', 'Filler Metal or Electrode AWS classification', '', '', 'Filler Metal F-Number(s)', '', '', 'Filler Metal or Electrode Diameter / Brand Name', '', '', 'Deposit Weld Metal Thickness', '', '', 'Consumable insert (GTAW or PAW)', '', '', 'Filler metal product form (GTAW or PAW)', '', '', 'Welding Position (s)', '', '', 'Vertical progression (Uphill or Downhill)', '', '', 'Inert gas backing (GMAW, GTAW, PAW) ', '', '', 'Transfer mode (spray/globular or pluse to short circuit-GMAW)', '', '', 'Current Type / Polarity (AC, DCEN, DCEP)', '', '', 1, '2019-09-25 23:17:29', 11, '2019-09-25 23:17:43', 11);

-- --------------------------------------------------------

--
-- Table structure for table `jr_batch_wpq_test_result`
--

DROP TABLE IF EXISTS `jr_batch_wpq_test_result`;
CREATE TABLE IF NOT EXISTS `jr_batch_wpq_test_result` (
  `batchWPQ_test_result_id` int(11) NOT NULL AUTO_INCREMENT,
  `batchID` int(11) NOT NULL,
  `batchForm_visual_inspection_result_lbl` varchar(150) NOT NULL,
  `batchForm_visual_inspection_result_val` varchar(150) NOT NULL,
  `batchForm_visual_inspection_result_report` varchar(150) NOT NULL,
  `batchForm_radoigraphy_result_lbl` varchar(150) NOT NULL,
  `batchForm_radoigraphy_result_val` varchar(150) NOT NULL,
  `batchForm_radoigraphy_result_report` varchar(150) NOT NULL,
  `batchForm_bend_result_lbl` varchar(150) NOT NULL,
  `batchForm_bend_result_val` varchar(150) NOT NULL,
  `batchForm_bend_result_report` varchar(150) NOT NULL,
  `batchForm_fillet_fracture_result_lbl` varchar(150) NOT NULL,
  `batchForm_fillet_fracture_result_val` varchar(150) NOT NULL,
  `batchForm_fillet_fracture_result_report` varchar(150) NOT NULL,
  `batchForm_macro_examination_result_lbl` varchar(150) NOT NULL,
  `batchForm_macro_examination_result_val` varchar(150) NOT NULL,
  `batchForm_macro_examination_result_report` varchar(150) NOT NULL,
  `batchForm_other_test_result_lbl` varchar(150) NOT NULL,
  `batchForm_other_test_result_val` varchar(150) NOT NULL,
  `batchForm_other_test_result_report` varchar(150) NOT NULL,
  `batchWPQ_test_result_show_status` int(11) NOT NULL DEFAULT 1,
  `batchWPQ_test_createOn` datetime NOT NULL,
  `batchWPQ_test_createBy` int(11) NOT NULL,
  `batchWPQ_test_updateOn` datetime NOT NULL,
  `batchWPQ_test_updateBy` int(11) NOT NULL,
  PRIMARY KEY (`batchWPQ_test_result_id`),
  KEY `batchID` (`batchID`)
) ENGINE=MyISAM DEFAULT CHARSET=latin1;

-- --------------------------------------------------------

--
-- Table structure for table `jr_category`
--

DROP TABLE IF EXISTS `jr_category`;
CREATE TABLE IF NOT EXISTS `jr_category` (
  `category_id` int(11) NOT NULL AUTO_INCREMENT,
  `category_name` varchar(255) NOT NULL,
  `category_show_status` int(11) NOT NULL DEFAULT 1,
  `category_createOn` datetime NOT NULL,
  `category_createBy` int(11) NOT NULL,
  `category_updateOn` datetime NOT NULL,
  `category_updateBy` int(11) NOT NULL,
  PRIMARY KEY (`category_id`)
) ENGINE=MyISAM AUTO_INCREMENT=3 DEFAULT CHARSET=latin1;

--
-- Dumping data for table `jr_category`
--

INSERT INTO `jr_category` (`category_id`, `category_name`, `category_show_status`, `category_createOn`, `category_createBy`, `category_updateOn`, `category_updateBy`) VALUES
(1, 'Temp Programmer', 1, '2019-01-05 11:43:20', 11, '2019-01-05 11:43:20', 11),
(2, 'UT Machine', 1, '2019-01-05 11:43:20', 11, '2019-01-05 11:43:20', 11);

-- --------------------------------------------------------

--
-- Table structure for table `jr_certification_body`
--

DROP TABLE IF EXISTS `jr_certification_body`;
CREATE TABLE IF NOT EXISTS `jr_certification_body` (
  `certification_id` int(11) NOT NULL AUTO_INCREMENT,
  `certification_body` varchar(255) NOT NULL,
  `certification_body_type` varchar(255) NOT NULL,
  `certification_show_status` int(11) NOT NULL DEFAULT 1,
  `certification_createOn` datetime NOT NULL,
  `certification_createBy` int(11) NOT NULL,
  `certification_updateOn` datetime NOT NULL,
  `certification_updateBy` int(11) NOT NULL,
  PRIMARY KEY (`certification_id`),
  KEY `department_id` (`certification_id`)
) ENGINE=MyISAM AUTO_INCREMENT=6 DEFAULT CHARSET=latin1;

--
-- Dumping data for table `jr_certification_body`
--

INSERT INTO `jr_certification_body` (`certification_id`, `certification_body`, `certification_body_type`, `certification_show_status`, `certification_createOn`, `certification_createBy`, `certification_updateOn`, `certification_updateBy`) VALUES
(1, 'CWI', '1', 1, '2019-09-02 00:00:00', 11, '2019-09-02 00:00:00', 11),
(2, 'SCWI', '1', 1, '2019-09-02 00:00:00', 11, '2019-09-02 00:00:00', 11),
(3, 'CWE', '1', 1, '2019-09-02 00:00:00', 11, '2019-09-02 00:00:00', 11),
(4, 'CSWIP 3.1', '0', 1, '2019-09-02 00:00:00', 11, '2019-09-02 00:00:00', 11),
(5, 'CSWIP 3.2', '0', 1, '2019-09-02 00:00:00', 11, '2019-09-02 00:00:00', 11);

-- --------------------------------------------------------

--
-- Table structure for table `jr_cleaning`
--

DROP TABLE IF EXISTS `jr_cleaning`;
CREATE TABLE IF NOT EXISTS `jr_cleaning` (
  `cleaning_id` int(11) NOT NULL AUTO_INCREMENT,
  `cleaning_name` varchar(100) NOT NULL,
  `cleaning_show_status` int(11) NOT NULL DEFAULT 1,
  `createOn` datetime DEFAULT NULL,
  `createBy` int(11) NOT NULL,
  `updateOn` datetime DEFAULT NULL,
  `updateBy` int(11) NOT NULL,
  PRIMARY KEY (`cleaning_id`)
) ENGINE=MyISAM AUTO_INCREMENT=2 DEFAULT CHARSET=latin1;

--
-- Dumping data for table `jr_cleaning`
--

INSERT INTO `jr_cleaning` (`cleaning_id`, `cleaning_name`, `cleaning_show_status`, `createOn`, `createBy`, `updateOn`, `updateBy`) VALUES
(1, 'Cleaning One', 1, '2020-07-28 20:29:47', 11, '2020-07-28 20:31:41', 11);

-- --------------------------------------------------------

--
-- Table structure for table `jr_client`
--

DROP TABLE IF EXISTS `jr_client`;
CREATE TABLE IF NOT EXISTS `jr_client` (
  `client_id` int(11) NOT NULL AUTO_INCREMENT,
  `client_name` varchar(255) NOT NULL,
  `client_email` varchar(100) NOT NULL,
  `client_phone` varchar(50) NOT NULL,
  `client_office_no` varchar(50) NOT NULL,
  `client_fax` varchar(50) NOT NULL,
  `client_website` text NOT NULL,
  `client_abbreviations` varchar(255) NOT NULL,
  `client_address` text NOT NULL,
  `client_photo` varchar(255) NOT NULL,
  `client_show_status` int(11) NOT NULL DEFAULT 1,
  `client_createOn` datetime NOT NULL,
  `client_createBy` int(11) NOT NULL,
  `client_updateOn` datetime NOT NULL,
  `client_updateBy` int(11) NOT NULL,
  PRIMARY KEY (`client_id`)
) ENGINE=MyISAM AUTO_INCREMENT=3 DEFAULT CHARSET=latin1;

--
-- Dumping data for table `jr_client`
--

INSERT INTO `jr_client` (`client_id`, `client_name`, `client_email`, `client_phone`, `client_office_no`, `client_fax`, `client_website`, `client_abbreviations`, `client_address`, `client_photo`, `client_show_status`, `client_createOn`, `client_createBy`, `client_updateOn`, `client_updateBy`) VALUES
(1, 'Test', 'test@gmail.com', '', '', '', 'https://aljoysgroup.com', 'tesr', '', '~cdn/photoClient/10.jpg', 1, '2019-03-04 08:16:48', 11, '2019-10-06 15:48:23', 11),
(2, 'Sf', 's@gmail.com', '', '', '', '', 'test', '', '~cdn/photoClient/envato-logo.png', 1, '2019-04-21 20:53:15', 11, '2019-09-22 10:39:14', 11);

-- --------------------------------------------------------

--
-- Table structure for table `jr_code`
--

DROP TABLE IF EXISTS `jr_code`;
CREATE TABLE IF NOT EXISTS `jr_code` (
  `code_id` int(11) NOT NULL AUTO_INCREMENT,
  `code_name` varchar(100) NOT NULL,
  `code_show_status` int(11) NOT NULL DEFAULT 1,
  `createOn` datetime NOT NULL,
  `createBy` int(11) NOT NULL,
  `updateOn` datetime NOT NULL,
  `updateBy` int(11) NOT NULL,
  PRIMARY KEY (`code_id`)
) ENGINE=MyISAM AUTO_INCREMENT=5 DEFAULT CHARSET=latin1;

--
-- Dumping data for table `jr_code`
--

INSERT INTO `jr_code` (`code_id`, `code_name`, `code_show_status`, `createOn`, `createBy`, `updateOn`, `updateBy`) VALUES
(1, 'ASME Sec. IX', 1, '2020-07-21 21:54:20', 11, '2020-07-21 21:54:20', 11),
(2, 'AWS D1.1', 1, '2020-07-21 21:55:12', 11, '2020-07-21 21:55:12', 11),
(3, 'API 1104', 1, '2020-07-21 21:55:22', 11, '2020-07-21 21:55:22', 11),
(4, 'ASME B31.3, B31.4 & B31.8', 1, '2020-07-21 21:55:38', 11, '2020-07-21 21:55:38', 11);

-- --------------------------------------------------------

--
-- Table structure for table `jr_company_details`
--

DROP TABLE IF EXISTS `jr_company_details`;
CREATE TABLE IF NOT EXISTS `jr_company_details` (
  `company_id` int(11) NOT NULL AUTO_INCREMENT,
  `company_name` varchar(255) NOT NULL,
  `company_email` varchar(100) NOT NULL,
  `company_phone` varchar(50) NOT NULL,
  `company_address` text NOT NULL,
  `company_logo` varchar(255) NOT NULL,
  `company_show_status` int(11) NOT NULL DEFAULT 1,
  `createOn` datetime DEFAULT NULL,
  `createBy` int(11) NOT NULL,
  `updateOn` datetime DEFAULT NULL,
  `updateBy` int(11) NOT NULL,
  PRIMARY KEY (`company_id`)
) ENGINE=MyISAM AUTO_INCREMENT=2 DEFAULT CHARSET=latin1;

--
-- Dumping data for table `jr_company_details`
--

INSERT INTO `jr_company_details` (`company_id`, `company_name`, `company_email`, `company_phone`, `company_address`, `company_logo`, `company_show_status`, `createOn`, `createBy`, `updateOn`, `updateBy`) VALUES
(1, 'CUTECH ARABIA LLC', 'test1@gmail.com', '1234567897890', 'Testing Address 1', '~cdn/companyLogo/demologo.jpg', 1, '2020-03-08 14:27:29', 11, '2020-03-08 14:33:48', 11);

-- --------------------------------------------------------

--
-- Table structure for table `jr_cupsize`
--

DROP TABLE IF EXISTS `jr_cupsize`;
CREATE TABLE IF NOT EXISTS `jr_cupsize` (
  `cupsize_id` int(11) NOT NULL AUTO_INCREMENT,
  `cupsize_name` varchar(100) NOT NULL,
  `cupsize_show_status` int(11) NOT NULL DEFAULT 1,
  `createOn` datetime DEFAULT NULL,
  `createBy` int(11) NOT NULL,
  `updateOn` datetime DEFAULT NULL,
  `updateBy` int(11) NOT NULL,
  PRIMARY KEY (`cupsize_id`)
) ENGINE=MyISAM AUTO_INCREMENT=2 DEFAULT CHARSET=latin1;

--
-- Dumping data for table `jr_cupsize`
--

INSERT INTO `jr_cupsize` (`cupsize_id`, `cupsize_name`, `cupsize_show_status`, `createOn`, `createBy`, `updateOn`, `updateBy`) VALUES
(1, '2.44 mm', 1, '2020-07-28 19:36:35', 11, '2020-07-28 19:36:47', 11);

-- --------------------------------------------------------

--
-- Table structure for table `jr_department`
--

DROP TABLE IF EXISTS `jr_department`;
CREATE TABLE IF NOT EXISTS `jr_department` (
  `department_id` int(11) NOT NULL AUTO_INCREMENT,
  `department_name` varchar(255) NOT NULL,
  `department_show_status` int(11) NOT NULL DEFAULT 1,
  `department_createOn` datetime NOT NULL,
  `department_createBy` int(11) NOT NULL,
  `department_updateOn` datetime NOT NULL,
  `department_updateBy` int(11) NOT NULL,
  PRIMARY KEY (`department_id`),
  KEY `department_id` (`department_id`)
) ENGINE=MyISAM AUTO_INCREMENT=3 DEFAULT CHARSET=latin1;

--
-- Dumping data for table `jr_department`
--

INSERT INTO `jr_department` (`department_id`, `department_name`, `department_show_status`, `department_createOn`, `department_createBy`, `department_updateOn`, `department_updateBy`) VALUES
(1, 'Operation', 1, '2019-01-02 00:00:00', 11, '2019-01-30 00:00:00', 11),
(2, 'Test', 1, '2019-01-13 00:00:00', 11, '2019-01-13 00:00:00', 11);

-- --------------------------------------------------------

--
-- Table structure for table `jr_designation`
--

DROP TABLE IF EXISTS `jr_designation`;
CREATE TABLE IF NOT EXISTS `jr_designation` (
  `designation_id` int(11) NOT NULL AUTO_INCREMENT,
  `designation_name` varchar(255) NOT NULL,
  `designation_abbr` varchar(250) NOT NULL,
  `designation_show_status` int(11) NOT NULL DEFAULT 1,
  `designation_createOn` datetime NOT NULL,
  `designation_createBy` int(11) NOT NULL,
  `designation_updateOn` datetime NOT NULL,
  `designation_updateBy` int(11) NOT NULL,
  PRIMARY KEY (`designation_id`),
  KEY `designation_id` (`designation_id`)
) ENGINE=MyISAM AUTO_INCREMENT=9 DEFAULT CHARSET=latin1;

--
-- Dumping data for table `jr_designation`
--

INSERT INTO `jr_designation` (`designation_id`, `designation_name`, `designation_abbr`, `designation_show_status`, `designation_createOn`, `designation_createBy`, `designation_updateOn`, `designation_updateBy`) VALUES
(1, 'Inspector', 'Ins', 1, '2019-01-05 11:43:20', 11, '2019-01-05 11:43:45', 11),
(2, 'Auditor', 'AI', 1, '2019-01-05 11:44:16', 11, '2019-01-05 11:44:49', 11),
(3, 'sdad', 'rr', 1, '2019-03-16 18:12:25', 11, '2019-03-16 18:12:25', 11),
(4, 'dfdsdfsdfds', 'dgfgf', 1, '2019-03-16 19:29:57', 11, '2019-03-16 19:29:57', 11),
(5, 'dfxdfdsf', 'dfdsf', 1, '2019-03-16 19:32:27', 11, '2019-03-16 19:32:27', 11),
(6, 'sdsasdasfas', 'fd', 1, '2019-03-16 19:48:55', 11, '2019-03-16 19:48:55', 11),
(7, 'dfdsf', 'dfsdf', 1, '2019-03-16 20:16:45', 11, '2019-03-16 20:16:45', 11),
(8, 'Radiographer', 'RT', 1, '2020-02-01 21:34:49', 11, '2020-02-01 21:34:49', 11);

-- --------------------------------------------------------

--
-- Table structure for table `jr_diameter`
--

DROP TABLE IF EXISTS `jr_diameter`;
CREATE TABLE IF NOT EXISTS `jr_diameter` (
  `diameter_id` int(11) NOT NULL AUTO_INCREMENT,
  `diameter_name` varchar(100) NOT NULL,
  `diameter_show_status` int(11) NOT NULL DEFAULT 1,
  `createOn` datetime NOT NULL,
  `createBy` int(11) NOT NULL,
  `updateOn` datetime NOT NULL,
  `updateBy` int(11) NOT NULL,
  PRIMARY KEY (`diameter_id`)
) ENGINE=MyISAM AUTO_INCREMENT=2 DEFAULT CHARSET=latin1;

--
-- Dumping data for table `jr_diameter`
--

INSERT INTO `jr_diameter` (`diameter_id`, `diameter_name`, `diameter_show_status`, `createOn`, `createBy`, `updateOn`, `updateBy`) VALUES
(1, '1\"', 1, '2020-07-26 18:09:21', 11, '2020-07-26 18:14:39', 11);

-- --------------------------------------------------------

--
-- Table structure for table `jr_eccontractor`
--

DROP TABLE IF EXISTS `jr_eccontractor`;
CREATE TABLE IF NOT EXISTS `jr_eccontractor` (
  `ecContractor_id` int(11) NOT NULL AUTO_INCREMENT,
  `ecContractor_name` varchar(255) NOT NULL,
  `ecContractor_abbr` varchar(250) NOT NULL,
  `ecContractor_email` varchar(100) NOT NULL,
  `ecContractor_phone` varchar(50) NOT NULL,
  `ecContractor_office_no` varchar(50) NOT NULL,
  `ecContractor_fax` varchar(50) NOT NULL,
  `ecContractor_website` varchar(100) NOT NULL,
  `ecContractor_address` text NOT NULL,
  `ecContractor_photo` varchar(255) NOT NULL,
  `ecContractor_show_status` int(11) NOT NULL DEFAULT 1,
  `ecContractor_createOn` datetime NOT NULL,
  `ecContractor_createBy` int(11) NOT NULL,
  `ecContractor_updateOn` datetime NOT NULL,
  `ecContractor_updateBy` int(11) NOT NULL,
  PRIMARY KEY (`ecContractor_id`)
) ENGINE=MyISAM DEFAULT CHARSET=latin1;

-- --------------------------------------------------------

--
-- Table structure for table `jr_equipment`
--

DROP TABLE IF EXISTS `jr_equipment`;
CREATE TABLE IF NOT EXISTS `jr_equipment` (
  `equipment_id` int(11) NOT NULL AUTO_INCREMENT,
  `equipment_category` int(11) NOT NULL,
  `equipment_serial_number` varchar(255) NOT NULL,
  `equipment_calibration_frequency` int(11) NOT NULL,
  `equipment_status` int(11) NOT NULL,
  `equipment_test_equipment` varchar(255) NOT NULL,
  `equipment_recommended_range` varchar(255) NOT NULL,
  `equipment_alert_frequency` int(11) NOT NULL,
  `equipment_least_count` varchar(255) NOT NULL,
  `equipment_manufacturer` varchar(255) NOT NULL,
  `equipment_range` varchar(255) NOT NULL,
  `equipment_acceptance_criteria` varchar(255) NOT NULL,
  `equipment_asset_tag_number` varchar(255) NOT NULL,
  `equipment_purpose` varchar(255) NOT NULL,
  `equipment_remarks` varchar(255) NOT NULL,
  `equipment_show_status` int(11) NOT NULL DEFAULT 1,
  `equipment_createOn` datetime NOT NULL,
  `equipment_createBy` int(11) NOT NULL,
  `equipment_updateOn` datetime NOT NULL,
  `equipment_updateBy` int(11) NOT NULL,
  PRIMARY KEY (`equipment_id`),
  KEY `equipment_category` (`equipment_category`),
  KEY `equipment_status` (`equipment_status`)
) ENGINE=MyISAM AUTO_INCREMENT=3 DEFAULT CHARSET=latin1;

--
-- Dumping data for table `jr_equipment`
--

INSERT INTO `jr_equipment` (`equipment_id`, `equipment_category`, `equipment_serial_number`, `equipment_calibration_frequency`, `equipment_status`, `equipment_test_equipment`, `equipment_recommended_range`, `equipment_alert_frequency`, `equipment_least_count`, `equipment_manufacturer`, `equipment_range`, `equipment_acceptance_criteria`, `equipment_asset_tag_number`, `equipment_purpose`, `equipment_remarks`, `equipment_show_status`, `equipment_createOn`, `equipment_createBy`, `equipment_updateOn`, `equipment_updateBy`) VALUES
(1, 1, '0765165', 12, 1, 'Digital Clamp Meter	', '', 30, '', 'KYORITSU', '', '', '2007A', '', '', 1, '2019-03-01 08:19:54', 11, '2019-03-01 08:19:54', 11),
(2, 1, '424FSDF', 12, 1, 'Trxx', '25', 52, '', 'ara', '', '', 'FSDF45435', '', '', 1, '2019-03-10 18:21:04', 11, '0000-00-00 00:00:00', 0);

-- --------------------------------------------------------

--
-- Table structure for table `jr_equipment_additional`
--

DROP TABLE IF EXISTS `jr_equipment_additional`;
CREATE TABLE IF NOT EXISTS `jr_equipment_additional` (
  `equipment_additional_id` int(11) NOT NULL AUTO_INCREMENT,
  `equipmentCalibrationID` int(11) NOT NULL,
  `equipment_additional_nominial_value` varchar(255) NOT NULL,
  `equipment_additional_measured_value` varchar(255) NOT NULL,
  `equipment_additional_createOn` datetime NOT NULL,
  `equipment_additional_createBy` int(11) NOT NULL,
  `equipment_additional_updateOn` datetime NOT NULL,
  `equipment_additional_updateBy` int(11) NOT NULL,
  PRIMARY KEY (`equipment_additional_id`),
  KEY `equipmentCalibrationID` (`equipmentCalibrationID`)
) ENGINE=MyISAM AUTO_INCREMENT=90 DEFAULT CHARSET=latin1;

--
-- Dumping data for table `jr_equipment_additional`
--

INSERT INTO `jr_equipment_additional` (`equipment_additional_id`, `equipmentCalibrationID`, `equipment_additional_nominial_value`, `equipment_additional_measured_value`, `equipment_additional_createOn`, `equipment_additional_createBy`, `equipment_additional_updateOn`, `equipment_additional_updateBy`) VALUES
(89, 2, 'tes', '', '2019-02-27 00:27:00', 11, '2019-02-27 00:27:00', 11);

-- --------------------------------------------------------

--
-- Table structure for table `jr_equipment_calibration`
--

DROP TABLE IF EXISTS `jr_equipment_calibration`;
CREATE TABLE IF NOT EXISTS `jr_equipment_calibration` (
  `equipment_calibration_id` int(11) NOT NULL AUTO_INCREMENT,
  `equipmentID` int(11) NOT NULL,
  `equipment_calibration_report_number` varchar(255) NOT NULL,
  `equipment_calibration_date` date NOT NULL,
  `equipment_calibration_by` varchar(255) NOT NULL,
  `equipment_calibration_due_date` date NOT NULL,
  `equipment_calibration_createOn` datetime NOT NULL,
  `equipment_calibration_createBy` int(11) NOT NULL,
  `equipment_calibration_updateOn` datetime NOT NULL,
  `equipment_calibration_updateBy` int(11) NOT NULL,
  PRIMARY KEY (`equipment_calibration_id`),
  KEY `equipmentID` (`equipmentID`)
) ENGINE=MyISAM AUTO_INCREMENT=3 DEFAULT CHARSET=latin1;

--
-- Dumping data for table `jr_equipment_calibration`
--

INSERT INTO `jr_equipment_calibration` (`equipment_calibration_id`, `equipmentID`, `equipment_calibration_report_number`, `equipment_calibration_date`, `equipment_calibration_by`, `equipment_calibration_due_date`, `equipment_calibration_createOn`, `equipment_calibration_createBy`, `equipment_calibration_updateOn`, `equipment_calibration_updateBy`) VALUES
(2, 1, 'MTE-CC-S22736', '2018-02-02', 'MT ENTERPRISES	', '2019-02-02', '2019-02-17 10:18:03', 11, '2019-03-01 08:18:52', 11);

-- --------------------------------------------------------

--
-- Table structure for table `jr_equipment_calibration_attachement`
--

DROP TABLE IF EXISTS `jr_equipment_calibration_attachement`;
CREATE TABLE IF NOT EXISTS `jr_equipment_calibration_attachement` (
  `attachement_equipment_calibration_id` int(11) NOT NULL AUTO_INCREMENT,
  `equipmentCalibrationID` int(11) NOT NULL,
  `equipment_calibration_attachement_type_name` varchar(255) NOT NULL,
  `equipment_calibration_attachement_file_name` varchar(255) NOT NULL,
  `equipment_calibration_attachement_file_size` varchar(255) NOT NULL,
  `equipment_calibration_attachement_file_type` varchar(255) NOT NULL,
  `equipment_calibration_attachement_show_status` int(11) NOT NULL DEFAULT 1,
  `equipment_calibration_attachement_createOn` datetime NOT NULL,
  `equipment_calibration_attachement_createBy` int(11) NOT NULL,
  `equipment_calibration_attachement_updateOn` datetime NOT NULL,
  `equipment_calibration_attachement_updateBy` int(11) NOT NULL,
  PRIMARY KEY (`attachement_equipment_calibration_id`),
  KEY `jr_equipment_attachment_FTFSK` (`equipmentCalibrationID`)
) ENGINE=MyISAM AUTO_INCREMENT=3 DEFAULT CHARSET=latin1;

--
-- Dumping data for table `jr_equipment_calibration_attachement`
--

INSERT INTO `jr_equipment_calibration_attachement` (`attachement_equipment_calibration_id`, `equipmentCalibrationID`, `equipment_calibration_attachement_type_name`, `equipment_calibration_attachement_file_name`, `equipment_calibration_attachement_file_size`, `equipment_calibration_attachement_file_type`, `equipment_calibration_attachement_show_status`, `equipment_calibration_attachement_createOn`, `equipment_calibration_attachement_createBy`, `equipment_calibration_attachement_updateOn`, `equipment_calibration_attachement_updateBy`) VALUES
(1, 2, 'fdf', '~cdn/attachementCalibration/banner1.png', '66249', 'image/png', 1, '2019-03-01 07:29:34', 11, '2019-03-01 07:29:33', 11),
(2, 2, 'fdf', '~cdn/attachementCalibration/banner-img.jpg', '19901', 'image/jpeg', 1, '2019-03-01 07:31:31', 11, '2019-03-01 07:31:31', 11);

-- --------------------------------------------------------

--
-- Table structure for table `jr_equipment_pressure`
--

DROP TABLE IF EXISTS `jr_equipment_pressure`;
CREATE TABLE IF NOT EXISTS `jr_equipment_pressure` (
  `equipment_pressure_id` int(11) NOT NULL AUTO_INCREMENT,
  `equipmentCalibrationID` int(11) NOT NULL,
  `equipment_pressure_input1` varchar(255) NOT NULL,
  `equipment_pressure_output1` varchar(255) NOT NULL,
  `equipment_pressure_error1` varchar(255) NOT NULL,
  `equipment_pressure_input2` varchar(255) NOT NULL,
  `equipment_pressure_output2` varchar(255) NOT NULL,
  `equipment_pressure_error2` varchar(255) NOT NULL,
  `equipment_pressure_show_status` int(11) NOT NULL DEFAULT 1,
  `equipment_pressure_createOn` datetime NOT NULL,
  `equipment_pressure_createBy` int(11) NOT NULL,
  `equipment_pressure_updateOn` datetime NOT NULL,
  `equipment_pressure_updateBy` int(11) NOT NULL,
  PRIMARY KEY (`equipment_pressure_id`),
  KEY `equipmentCalibrationID` (`equipmentCalibrationID`)
) ENGINE=MyISAM DEFAULT CHARSET=latin1;

-- --------------------------------------------------------

--
-- Table structure for table `jr_equipment_recorder`
--

DROP TABLE IF EXISTS `jr_equipment_recorder`;
CREATE TABLE IF NOT EXISTS `jr_equipment_recorder` (
  `equipmentRecorderID` int(11) NOT NULL AUTO_INCREMENT,
  `equipmentCalibrationID` int(11) NOT NULL,
  `equipment_recorder_serial_no` varchar(255) NOT NULL,
  `equipment_recorder_certificate_no` varchar(255) NOT NULL,
  `equipment_recorder_date_of_issue` date NOT NULL,
  `equipment_recorder_expiry_date` date NOT NULL,
  `equipment_recorder_range` varchar(50) NOT NULL,
  `equipment_recorder_zero` varchar(50) NOT NULL,
  `equipmen_recordert_createOn` datetime NOT NULL,
  `equipment_recorder_createBy` int(11) NOT NULL,
  `equipment_recorder_updateOn` datetime NOT NULL,
  `equipment_recorder_updateBy` int(11) NOT NULL,
  PRIMARY KEY (`equipmentRecorderID`),
  KEY `equipmentCalibrationID` (`equipmentCalibrationID`)
) ENGINE=MyISAM AUTO_INCREMENT=3 DEFAULT CHARSET=latin1;

--
-- Dumping data for table `jr_equipment_recorder`
--

INSERT INTO `jr_equipment_recorder` (`equipmentRecorderID`, `equipmentCalibrationID`, `equipment_recorder_serial_no`, `equipment_recorder_certificate_no`, `equipment_recorder_date_of_issue`, `equipment_recorder_expiry_date`, `equipment_recorder_range`, `equipment_recorder_zero`, `equipmen_recordert_createOn`, `equipment_recorder_createBy`, `equipment_recorder_updateOn`, `equipment_recorder_updateBy`) VALUES
(2, 2, '', '52', '0000-00-00', '2019-03-01', '25', '', '2019-02-28 07:52:22', 11, '2019-03-01 00:10:34', 11);

-- --------------------------------------------------------

--
-- Table structure for table `jr_equipment_temperature`
--

DROP TABLE IF EXISTS `jr_equipment_temperature`;
CREATE TABLE IF NOT EXISTS `jr_equipment_temperature` (
  `equipment_temperature_id` int(11) NOT NULL AUTO_INCREMENT,
  `equipmentCalibrationID` int(11) NOT NULL,
  `equipment_temperature_degress` varchar(255) NOT NULL,
  `equipment_temperature_ambient` varchar(255) NOT NULL,
  `equipment_temperature_dergrees` varchar(255) NOT NULL,
  `equipment_temperature_show_status` int(11) NOT NULL DEFAULT 1,
  `equipment_temperature_createOn` datetime NOT NULL,
  `equipment_temperature_createBy` int(11) NOT NULL,
  `equipment_temperature_updateOn` datetime NOT NULL,
  `equipment_temperature_updateBy` int(11) NOT NULL,
  PRIMARY KEY (`equipment_temperature_id`),
  KEY `equipmentCalibrationID` (`equipmentCalibrationID`)
) ENGINE=MyISAM AUTO_INCREMENT=9 DEFAULT CHARSET=latin1;

--
-- Dumping data for table `jr_equipment_temperature`
--

INSERT INTO `jr_equipment_temperature` (`equipment_temperature_id`, `equipmentCalibrationID`, `equipment_temperature_degress`, `equipment_temperature_ambient`, `equipment_temperature_dergrees`, `equipment_temperature_show_status`, `equipment_temperature_createOn`, `equipment_temperature_createBy`, `equipment_temperature_updateOn`, `equipment_temperature_updateBy`) VALUES
(7, 2, '5', '12', '33', 1, '2019-03-01 00:25:33', 11, '2019-03-01 00:25:33', 11),
(8, 2, '52', '12', '33', 1, '2019-03-01 00:25:33', 11, '2019-03-01 00:25:33', 11);

-- --------------------------------------------------------

--
-- Table structure for table `jr_fno`
--

DROP TABLE IF EXISTS `jr_fno`;
CREATE TABLE IF NOT EXISTS `jr_fno` (
  `fno_id` int(11) NOT NULL AUTO_INCREMENT,
  `fno_name` varchar(100) NOT NULL,
  `a_no` varchar(100) DEFAULT NULL,
  `sfa_no` varchar(100) DEFAULT NULL,
  `aws_classfication` varchar(100) DEFAULT NULL,
  `uns_no` varchar(100) DEFAULT NULL,
  `fno_show_status` int(11) NOT NULL DEFAULT 1,
  `createOn` datetime DEFAULT NULL,
  `createBy` int(11) NOT NULL,
  `updateOn` datetime NOT NULL,
  `updateBy` int(11) NOT NULL,
  PRIMARY KEY (`fno_id`)
) ENGINE=MyISAM AUTO_INCREMENT=2 DEFAULT CHARSET=latin1;

--
-- Dumping data for table `jr_fno`
--

INSERT INTO `jr_fno` (`fno_id`, `fno_name`, `a_no`, `sfa_no`, `aws_classfication`, `uns_no`, `fno_show_status`, `createOn`, `createBy`, `updateOn`, `updateBy`) VALUES
(1, '3', '2', 'SFA-5.5', 'E7010-P1', '', 1, '2020-07-26 21:24:17', 11, '2020-07-26 21:32:58', 11);

-- --------------------------------------------------------

--
-- Table structure for table `jr_grade`
--

DROP TABLE IF EXISTS `jr_grade`;
CREATE TABLE IF NOT EXISTS `jr_grade` (
  `grade_id` int(11) NOT NULL AUTO_INCREMENT,
  `grade_name` varchar(100) NOT NULL,
  `grade_show_status` int(11) NOT NULL DEFAULT 1,
  `createOn` datetime NOT NULL,
  `createBy` int(11) NOT NULL,
  `updateOn` datetime NOT NULL,
  `updateBy` int(11) NOT NULL,
  PRIMARY KEY (`grade_id`)
) ENGINE=MyISAM AUTO_INCREMENT=2 DEFAULT CHARSET=latin1;

--
-- Dumping data for table `jr_grade`
--

INSERT INTO `jr_grade` (`grade_id`, `grade_name`, `grade_show_status`, `createOn`, `createBy`, `updateOn`, `updateBy`) VALUES
(1, 'Grade one', 1, '2020-03-14 13:48:48', 11, '2020-03-14 13:48:55', 11);

-- --------------------------------------------------------

--
-- Table structure for table `jr_inspector`
--

DROP TABLE IF EXISTS `jr_inspector`;
CREATE TABLE IF NOT EXISTS `jr_inspector` (
  `inspector_id` int(11) NOT NULL AUTO_INCREMENT,
  `inspector_client` int(11) NOT NULL,
  `inspector_project` int(11) NOT NULL,
  `inspector_job` int(11) NOT NULL,
  `inspector_name` int(11) NOT NULL,
  `inspector_show_status` int(11) NOT NULL DEFAULT 1,
  `inspector_createOn` date NOT NULL,
  `inspector_createBy` int(11) NOT NULL,
  `inspector_updateOn` date NOT NULL,
  `inspector_updateBy` int(11) NOT NULL,
  PRIMARY KEY (`inspector_id`),
  KEY `jr_client_inspector_ftfsk` (`inspector_client`),
  KEY `jr_project_inspector_ftfsk` (`inspector_project`),
  KEY `jr_jobno_inspector_ftfsk` (`inspector_job`)
) ENGINE=MyISAM AUTO_INCREMENT=3 DEFAULT CHARSET=latin1;

--
-- Dumping data for table `jr_inspector`
--

INSERT INTO `jr_inspector` (`inspector_id`, `inspector_client`, `inspector_project`, `inspector_job`, `inspector_name`, `inspector_show_status`, `inspector_createOn`, `inspector_createBy`, `inspector_updateOn`, `inspector_updateBy`) VALUES
(1, 1, 2, 1, 5, 1, '2019-03-16', 11, '2019-03-16', 11),
(2, 2, 3, 2, 32, 1, '2019-09-22', 11, '2019-09-22', 11);

-- --------------------------------------------------------

--
-- Table structure for table `jr_job_no`
--

DROP TABLE IF EXISTS `jr_job_no`;
CREATE TABLE IF NOT EXISTS `jr_job_no` (
  `job_no_id` int(11) NOT NULL AUTO_INCREMENT,
  `job_no` varchar(100) NOT NULL,
  `choose_project` int(11) NOT NULL,
  `job_no_show_status` int(11) NOT NULL DEFAULT 1,
  `job_no_createOn` datetime NOT NULL,
  `job_no_createBy` int(11) NOT NULL,
  `job_no_updateOn` datetime NOT NULL,
  `job_no_updateBy` int(11) NOT NULL,
  PRIMARY KEY (`job_no_id`),
  KEY `jr_choose_project_ftfsk` (`choose_project`)
) ENGINE=MyISAM AUTO_INCREMENT=3 DEFAULT CHARSET=latin1;

--
-- Dumping data for table `jr_job_no`
--

INSERT INTO `jr_job_no` (`job_no_id`, `job_no`, `choose_project`, `job_no_show_status`, `job_no_createOn`, `job_no_createBy`, `job_no_updateOn`, `job_no_updateBy`) VALUES
(1, 'J768786', 2, 1, '2019-03-16 01:21:14', 11, '2019-03-16 12:11:22', 11),
(2, '445556', 3, 1, '2019-09-22 10:40:22', 11, '2019-09-22 10:40:22', 11);

-- --------------------------------------------------------

--
-- Table structure for table `jr_master_documents`
--

DROP TABLE IF EXISTS `jr_master_documents`;
CREATE TABLE IF NOT EXISTS `jr_master_documents` (
  `master_documents_id` int(11) NOT NULL AUTO_INCREMENT,
  `master_documents_name` varchar(255) NOT NULL,
  `master_documents_description` text NOT NULL,
  `master_documents_show_status` int(11) NOT NULL DEFAULT 1,
  `master_documents_createOn` datetime NOT NULL,
  `master_documents_createBy` int(11) NOT NULL,
  `master_documents_updateOn` datetime NOT NULL,
  `master_documents_updateBy` int(11) NOT NULL,
  PRIMARY KEY (`master_documents_id`)
) ENGINE=MyISAM AUTO_INCREMENT=2 DEFAULT CHARSET=latin1;

--
-- Dumping data for table `jr_master_documents`
--

INSERT INTO `jr_master_documents` (`master_documents_id`, `master_documents_name`, `master_documents_description`, `master_documents_show_status`, `master_documents_createOn`, `master_documents_createBy`, `master_documents_updateOn`, `master_documents_updateBy`) VALUES
(1, 'AWS ATF REFERENCE DOCUMENTS	', 'CV & Certificates1', 1, '2019-02-07 00:31:58', 11, '2019-02-16 16:22:37', 11);

-- --------------------------------------------------------

--
-- Table structure for table `jr_master_documents_attachement`
--

DROP TABLE IF EXISTS `jr_master_documents_attachement`;
CREATE TABLE IF NOT EXISTS `jr_master_documents_attachement` (
  `attachement_documents_id` int(11) NOT NULL AUTO_INCREMENT,
  `master_documentsID` int(11) NOT NULL,
  `attachement_type_name` varchar(255) NOT NULL,
  `attachement_file_name` varchar(255) NOT NULL,
  `attachement_file_size` varchar(255) NOT NULL,
  `attachement_file_type` varchar(255) NOT NULL,
  `attachement_show_status` int(11) NOT NULL DEFAULT 1,
  `attachement_createOn` datetime NOT NULL,
  `attachement_createBy` int(11) NOT NULL,
  `attachement_updateOn` datetime NOT NULL,
  `attachement_updateBy` int(11) NOT NULL,
  PRIMARY KEY (`attachement_documents_id`),
  KEY `master_documents_id` (`master_documentsID`)
) ENGINE=MyISAM AUTO_INCREMENT=72 DEFAULT CHARSET=latin1;

--
-- Dumping data for table `jr_master_documents_attachement`
--

INSERT INTO `jr_master_documents_attachement` (`attachement_documents_id`, `master_documentsID`, `attachement_type_name`, `attachement_file_name`, `attachement_file_size`, `attachement_file_type`, `attachement_show_status`, `attachement_createOn`, `attachement_createBy`, `attachement_updateOn`, `attachement_updateBy`) VALUES
(63, 1, 'jhjfj', 'MasterDocumentsAttachement/banner1.png', '66249', 'image/png', 1, '2019-02-07 22:49:05', 11, '2019-02-07 22:49:05', 11),
(69, 1, 'sdas', 'MasterDocumentsAttachement/banner13.png', '46857', 'image/png', 1, '2019-02-07 23:05:00', 11, '2019-02-07 23:05:00', 11),
(71, 1, 'dfds', 'MasterDocumentsAttachement/banner11.png', '66249', 'image/png', 1, '2019-02-16 16:26:21', 11, '2019-02-16 16:26:21', 11);

-- --------------------------------------------------------

--
-- Table structure for table `jr_material`
--

DROP TABLE IF EXISTS `jr_material`;
CREATE TABLE IF NOT EXISTS `jr_material` (
  `material_id` int(11) NOT NULL AUTO_INCREMENT,
  `material_name` varchar(100) NOT NULL,
  `material_show_status` int(11) NOT NULL DEFAULT 1,
  `createOn` datetime NOT NULL,
  `createBy` int(11) NOT NULL,
  `updateOn` datetime NOT NULL,
  `updateBy` int(11) NOT NULL,
  PRIMARY KEY (`material_id`)
) ENGINE=MyISAM AUTO_INCREMENT=2 DEFAULT CHARSET=latin1;

--
-- Dumping data for table `jr_material`
--

INSERT INTO `jr_material` (`material_id`, `material_name`, `material_show_status`, `createOn`, `createBy`, `updateOn`, `updateBy`) VALUES
(1, 'Material Specification One', 1, '2020-03-14 13:38:49', 11, '2020-03-14 13:38:58', 11);

-- --------------------------------------------------------

--
-- Table structure for table `jr_menu_module`
--

DROP TABLE IF EXISTS `jr_menu_module`;
CREATE TABLE IF NOT EXISTS `jr_menu_module` (
  `menu_id` int(11) NOT NULL AUTO_INCREMENT,
  `menu_name` varchar(255) NOT NULL,
  `menu_area` varchar(255) NOT NULL,
  `menu_link` varchar(255) NOT NULL,
  `menu_path` varchar(155) NOT NULL,
  `menu_active_name` varchar(50) NOT NULL,
  `menu_position` int(11) NOT NULL,
  `menu_parent` int(11) NOT NULL DEFAULT 0,
  `menu_status` int(11) NOT NULL DEFAULT 1,
  `top_menu_position` int(11) NOT NULL,
  `menu_createOn` datetime NOT NULL,
  `menu_createBy` int(11) NOT NULL,
  `menu_updateOn` datetime NOT NULL,
  `menu_updateBy` int(11) NOT NULL,
  PRIMARY KEY (`menu_id`)
) ENGINE=MyISAM AUTO_INCREMENT=198 DEFAULT CHARSET=latin1;

--
-- Dumping data for table `jr_menu_module`
--

INSERT INTO `jr_menu_module` (`menu_id`, `menu_name`, `menu_area`, `menu_link`, `menu_path`, `menu_active_name`, `menu_position`, `menu_parent`, `menu_status`, `top_menu_position`, `menu_createOn`, `menu_createBy`, `menu_updateOn`, `menu_updateBy`) VALUES
(29, 'Staffs', 'HRM', 'staffs.php', 'auth/staffsList', 'auth', 1, 0, 1, 2, '2019-01-05 11:43:20', 11, '2019-01-05 11:43:20', 11),
(30, 'Staffs add and edit', 'HRM', 'staffs.php', 'auth/staffsList', 'auth', 1, 29, 1, 2, '2019-01-05 11:43:20', 11, '2019-10-01 06:22:05', 11),
(31, 'Quotation', 'Operation', 'Quotation.php', '', '', 2, 0, 1, 3, '2019-01-05 11:43:20', 11, '2019-09-15 23:27:15', 5),
(32, 'Clients', 'Operation', 'ClientsManage.php', 'operation/ClientsManage', 'operation', 1, 0, 1, 3, '2019-01-05 11:43:20', 11, '2019-09-15 21:02:24', 11),
(33, 'Project', 'Operation', 'ProjectManage.php', 'operation/ProjectManage', 'operation', 3, 0, 1, 3, '2019-01-05 11:43:20', 11, '2019-01-05 11:43:20', 11),
(34, 'Role Group', 'Admin', 'RoleGroup.php', 'admin/RoleGroup', 'admin', 1, 0, 1, 1, '2019-01-05 11:43:20', 11, '2019-01-05 11:43:20', 11),
(35, 'Admin Role', 'Admin', 'AdminRole.php', 'admin/AdminModule', 'admin', 2, 0, 1, 1, '2019-09-15 20:49:28', 11, '2019-09-15 23:03:20', 5),
(37, 'Job No', 'Operation', 'JobNo.php', 'operation/JobNo', 'operation', 4, 0, 1, 3, '2019-09-15 21:06:30', 11, '2019-09-15 21:06:30', 11),
(38, 'Inspector ', 'Operation', 'Inspector.php', 'operation/inspector', 'operation', 5, 0, 1, 3, '2019-09-15 21:07:59', 11, '2019-09-15 21:07:59', 11),
(39, 'NDT Contractor', 'Thirdparty', 'NDTContractor.php', 'thirdparty/NDTContractor', 'thirdparty', 1, 0, 1, 4, '2019-09-15 21:12:27', 11, '2019-09-15 21:12:27', 11),
(40, 'Equipment Calibration Contractor', 'Thirdparty', 'ECContractor.php', 'thirdparty/ECContractor', 'thirdparty', 2, 0, 1, 4, '2019-09-15 21:14:42', 11, '2019-09-15 21:14:42', 11),
(41, 'Mechanical Testing Lab Contractors', 'Thirdparty', 'MTLContractor.php', 'thirdparty/MTLContractor', 'thirdparty', 3, 0, 1, 4, '2019-09-15 21:16:56', 11, '2019-09-15 21:16:56', 11),
(42, 'Batch', 'QA/QC', 'Batch.php', 'masters/Batch', 'masters', 1, 0, 1, 5, '2019-09-15 21:18:38', 11, '2019-09-15 21:18:38', 11),
(43, 'Welder', 'QA/QC', 'Welder.php', 'masters/Welder', 'masters', 2, 0, 1, 5, '2019-09-15 21:19:41', 11, '2019-09-15 21:19:41', 11),
(44, 'Equipment', 'QA/QC', 'Equipment.php', 'masters/Equipment', 'masters', 3, 0, 1, 5, '2019-09-15 21:20:25', 11, '2019-09-15 21:20:25', 11),
(45, 'Rt Report', 'NDT', 'RtReport.php', '', '', 1, 0, 1, 6, '2019-09-15 21:24:46', 11, '2019-09-15 23:25:08', 5),
(46, 'Bend Test Report', 'NDT', 'BendTestReport.php', '', '', 2, 0, 1, 6, '2019-09-15 21:26:17', 11, '2019-09-15 23:25:24', 5),
(47, 'Fillet Fracture', 'NDT', 'FilletFracture.php', '', '', 3, 0, 1, 6, '2019-09-15 21:27:16', 11, '2019-09-15 23:25:37', 5),
(48, 'Macro Examination', 'NDT', 'MacroExamination.php', '', '', 4, 0, 1, 6, '2019-09-15 21:28:05', 11, '2019-09-15 23:25:50', 5),
(49, 'Invoice', 'Finance', 'Invoice.php', '', '', 1, 0, 1, 7, '2019-09-15 21:30:42', 11, '2019-09-15 23:23:55', 5),
(50, 'Account Statement', 'Finance', 'AccountStatement.php', '', '', 2, 0, 1, 7, '2019-09-15 21:31:52', 11, '2019-09-15 23:24:29', 5),
(51, 'Auditor Report', 'Auditor', 'Auditor.php', '', '', 1, 0, 1, 7, '2019-09-15 21:33:10', 11, '2019-09-15 23:18:25', 5),
(52, 'Staffs delete', 'HRM', 'staffs.php', 'auth/staffsList', 'auth', 2, 29, 1, 2, '2019-09-30 09:34:28', 11, '2019-09-30 09:34:28', 11),
(53, 'Staffs Certificate', 'HRM', 'staffs.php', 'auth/staffsList', 'auth', 3, 29, 1, 2, '2019-09-30 18:30:03', 11, '2019-09-30 18:30:03', 11),
(54, 'Staffs Attachement', 'HRM', 'staffs.php', 'auth/staffsList', 'auth', 4, 29, 1, 2, '2019-09-30 18:30:31', 11, '2019-09-30 18:30:31', 11),
(55, 'Staffs all details download pdf', 'HRM', 'staffs.php', 'auth/staffsList', 'auth', 5, 29, 1, 2, '2019-10-01 06:24:45', 11, '2019-10-01 06:24:45', 11),
(56, 'Staffs all details download excel', 'HRM', 'staffs.php', 'auth/staffsList', 'auth', 6, 29, 1, 2, '2019-10-01 06:25:01', 11, '2019-10-01 06:25:01', 11),
(57, 'Clients all details download excel', 'Operation', 'ClientsManage.php', 'operation/ClientsManage', 'operation', 4, 32, 1, 3, '2019-10-01 06:28:33', 11, '2019-10-01 06:30:04', 11),
(58, 'Clients all details download pdf', 'Operation', 'ClientsManage.php', 'operation/ClientsManage', 'operation', 3, 32, 1, 3, '2019-10-01 06:28:48', 11, '2019-10-01 06:29:58', 11),
(59, 'Clients add and edit', 'Operation', 'ClientsManage.php', 'operation/ClientsManage', 'operation', 2, 32, 1, 3, '2019-10-01 06:31:13', 11, '2019-10-01 06:31:13', 11),
(60, 'Clients delete', 'Operation', 'ClientsManage.php', 'operation/ClientsManage', 'operation', 1, 32, 1, 3, '2019-10-01 06:31:27', 11, '2019-10-01 06:31:27', 11),
(61, 'Project delete', 'Operation', 'ProjectManage.php', 'operation/ProjectManage', 'operation', 1, 33, 1, 3, '2019-10-01 06:34:48', 11, '2019-10-01 06:34:48', 11),
(62, 'Project add and edit', 'Operation', 'ProjectManage.php', 'operation/ProjectManage', 'operation', 2, 33, 1, 3, '2019-10-01 06:35:08', 11, '2019-10-01 06:35:08', 11),
(63, 'Project all details download pdf', 'Operation', 'ProjectManage.php', 'operation/ProjectManage', 'operation', 3, 33, 1, 3, '2019-10-01 06:36:07', 11, '2019-10-01 06:36:07', 11),
(64, 'Project all details download excel', 'Operation', 'ProjectManage.php', 'operation/ProjectManage', 'operation', 4, 33, 1, 3, '2019-10-01 06:36:39', 11, '2019-10-01 06:36:39', 11),
(65, 'JobNo all details download excel', 'Operation', 'JobNo.php', 'operation/JobNo', 'operation', 4, 37, 1, 3, '2019-10-01 06:39:07', 11, '2019-10-01 06:39:46', 11),
(66, 'JobNo all details download pdf', 'Operation', 'JobNo.php', 'operation/JobNo', 'operation', 3, 37, 1, 3, '2019-10-01 06:40:10', 11, '2019-10-01 06:40:10', 11),
(67, 'JobNo add and edit', 'Operation', 'JobNo.php', 'operation/JobNo', 'operation', 2, 37, 1, 3, '2019-10-01 06:40:33', 11, '2019-10-01 06:40:53', 11),
(68, 'JobNo delete', 'Operation', 'JobNo.php', 'operation/JobNo', 'operation', 1, 37, 1, 3, '2019-10-01 06:41:11', 11, '2019-10-01 06:41:11', 11),
(69, 'Inspector delete', 'Operation', 'Inspector.php', 'operation/inspector', 'operation', 1, 38, 1, 3, '2019-10-01 06:44:26', 11, '2019-10-01 06:44:26', 11),
(70, 'Inspector add and edit', 'Operation', 'Inspector.php', 'operation/inspector', 'operation', 2, 38, 1, 3, '2019-10-01 06:44:42', 11, '2019-10-01 06:44:42', 11),
(71, 'Inspector all details download pdf', 'Operation', 'Inspector.php', 'operation/inspector', 'operation', 3, 38, 1, 3, '2019-10-01 06:45:19', 11, '2019-10-01 06:45:19', 11),
(72, 'Inspector all details download excel', 'Operation', 'Inspector.php', 'operation/inspector', 'operation', 4, 38, 1, 3, '2019-10-01 06:45:32', 11, '2019-10-01 06:45:32', 11),
(73, 'NDTContractor all details download excel', 'Thirdparty', 'NDTContractor.php', 'operation/NDTContractor', 'thirdparty', 4, 39, 1, 4, '2019-10-01 06:49:43', 11, '2019-10-01 06:49:43', 11),
(74, 'NDTContractor all details download pdf', 'Thirdparty', 'NDTContractor.php', 'operation/NDTContractor', 'thirdparty', 3, 39, 1, 4, '2019-10-01 06:50:05', 11, '2019-10-01 06:50:05', 11),
(75, 'NDTContractor add and edit', 'Thirdparty', 'NDTContractor.php', 'operation/NDTContractor', 'thirdparty', 2, 39, 1, 4, '2019-10-01 06:50:35', 11, '2019-10-01 06:50:35', 11),
(76, 'NDTContractor delete', 'Thirdparty', 'NDTContractor.php', 'operation/NDTContractor', 'thirdparty', 1, 39, 1, 4, '2019-10-01 06:50:54', 11, '2019-10-01 06:50:54', 11),
(77, 'ECContractor delete', 'Thirdparty', 'ECContractor.php', 'operation/ECContractor', 'thirdparty', 1, 40, 1, 4, '2019-10-01 06:52:03', 11, '2019-10-01 06:52:03', 11),
(78, 'ECContractor add and edit', 'Thirdparty', 'ECContractor.php', 'operation/ECContractor', 'thirdparty', 2, 40, 1, 4, '2019-10-01 06:52:21', 11, '2019-10-01 06:52:21', 11),
(79, 'ECContractor all details download pdf', 'Thirdparty', 'ECContractor.php', 'operation/ECContractor', 'thirdparty', 3, 40, 1, 4, '2019-10-01 06:53:03', 11, '2019-10-01 06:53:03', 11),
(80, 'ECContractor all details download excel', 'Thirdparty', 'ECContractor.php', 'operation/ECContractor', 'thirdparty', 4, 40, 1, 4, '2019-10-01 06:53:12', 11, '2019-10-01 06:53:12', 11),
(81, 'MTLContractor all details download excel', 'Thirdparty', 'MTLContractor.php', 'operation/MTLContractor', 'thirdparty', 4, 41, 1, 4, '2019-10-01 06:54:22', 11, '2019-10-01 06:54:22', 11),
(82, 'MTLContractor all details download pdf', 'Thirdparty', 'MTLContractor.php', 'operation/MTLContractor', 'thirdparty', 3, 41, 1, 4, '2019-10-01 06:54:33', 11, '2019-10-01 06:54:33', 11),
(83, 'MTLContractor add and edit', 'Thirdparty', 'MTLContractor.php', 'operation/MTLContractor', 'thirdparty', 2, 41, 1, 4, '2019-10-01 06:54:50', 11, '2019-10-01 06:54:50', 11),
(84, 'MTLContractor delete', 'Thirdparty', 'MTLContractor.php', 'operation/MTLContractor', 'thirdparty', 1, 41, 1, 4, '2019-10-01 06:55:07', 11, '2019-10-01 06:55:07', 11),
(85, 'Batch delete', 'QA/QC', 'Batch.php', 'operation/Batch', 'masters', 1, 42, 1, 5, '2019-10-01 06:58:09', 11, '2019-10-01 06:58:09', 11),
(86, 'Batch add and edit', 'QA/QC', 'Batch.php', 'operation/Batch', 'masters', 2, 42, 1, 5, '2019-10-01 06:58:33', 11, '2019-10-01 06:58:33', 11),
(87, 'Batch all details download pdf', 'QA/QC', 'Batch.php', 'operation/Batch', 'masters', 3, 42, 1, 5, '2019-10-01 06:59:01', 11, '2019-10-01 06:59:01', 11),
(88, 'Batch all details download excel', 'QA/QC', 'Batch.php', 'operation/Batch', 'masters', 4, 42, 1, 5, '2019-10-01 06:59:13', 11, '2019-10-01 06:59:13', 11),
(89, 'Batch Table Check list View', 'QA/QC', 'Batch.php', 'operation/Batch', 'masters', 5, 42, 1, 5, '2019-10-01 07:00:37', 11, '2019-10-01 07:00:37', 11),
(90, 'Batch Table NDT View', 'QA/QC', 'Batch.php', 'operation/Batch', 'masters', 6, 42, 1, 5, '2019-10-01 07:00:56', 11, '2019-10-01 07:00:56', 11),
(91, 'Batch Qualification Record View', 'QA/QC', 'Batch.php', 'operation/Batch', 'masters', 7, 42, 1, 5, '2019-10-01 07:01:50', 11, '2019-10-01 07:01:50', 11),
(92, 'Batch Bulk Report View', 'QA/QC', 'Batch.php', 'operation/Batch', 'masters', 8, 42, 1, 5, '2019-10-01 07:02:14', 11, '2019-10-01 07:02:14', 11),
(93, 'Batch Table Attachment View', 'QA/QC', 'Batch.php', 'operation/Batch', 'masters', 8, 42, 1, 5, '2019-10-01 07:03:22', 11, '2019-10-01 07:03:22', 11),
(94, 'Welder Table Attachment View', 'QA/QC', 'Welder.php', 'operation/Welder', 'masters', 6, 43, 1, 5, '2019-10-01 07:05:50', 11, '2019-10-01 07:05:50', 11),
(95, 'Welder Table Report View', 'QA/QC', 'Welder.php', 'operation/Welder', 'masters', 7, 43, 1, 5, '2019-10-01 07:06:11', 11, '2019-10-01 07:06:11', 11),
(96, 'Welder Table Results View', 'QA/QC', 'Welder.php', 'operation/Welder', 'masters', 5, 43, 1, 5, '2019-10-01 07:07:02', 11, '2019-10-01 07:07:02', 11),
(97, 'Welder all details download excel', 'QA/QC', 'Welder.php', 'operation/Welder', 'masters', 4, 43, 1, 5, '2019-10-01 07:07:24', 11, '2019-10-01 07:07:24', 11),
(98, 'Welder all details download pdf', 'QA/QC', 'Welder.php', 'operation/Welder', 'masters', 3, 43, 1, 5, '2019-10-01 07:07:33', 11, '2019-10-01 07:07:33', 11),
(99, 'Welder add and edit', 'QA/QC', 'Welder.php', 'operation/Welder', 'masters', 2, 43, 1, 5, '2019-10-01 07:08:07', 11, '2019-10-01 07:08:07', 11),
(100, 'Welder delete', 'QA/QC', 'Welder.php', 'operation/Welder', 'masters', 1, 43, 1, 5, '2019-10-01 07:08:29', 11, '2019-10-01 07:08:29', 11),
(101, 'Equipment delete', 'QA/QC', 'Equipment.php', 'operation/Equipment', 'masters', 1, 44, 1, 5, '2019-10-01 07:09:52', 11, '2019-10-01 07:09:52', 11),
(102, 'Equipment add and edit', 'QA/QC', 'Equipment.php', 'operation/Equipment', 'masters', 2, 44, 1, 5, '2019-10-01 07:10:56', 11, '2019-10-01 07:10:56', 11),
(103, 'Equipment all details download pdf', 'QA/QC', 'Equipment.php', 'operation/Equipment', 'masters', 3, 44, 1, 5, '2019-10-01 07:11:18', 11, '2019-10-01 07:11:18', 11),
(104, 'Equipment all details download excel', 'QA/QC', 'Equipment.php', 'operation/Equipment', 'masters', 4, 44, 1, 5, '2019-10-01 07:11:33', 11, '2019-10-01 07:11:33', 11),
(105, 'Equipment Sub Grid delete', 'QA/QC', 'Equipment.php', 'operation/Equipment', 'masters', 5, 44, 1, 5, '2019-10-02 00:57:03', 11, '2019-10-02 00:57:03', 11),
(106, 'Equipment Sub Grid add and edit', 'QA/QC', 'Equipment.php', 'operation/Equipment', 'masters', 6, 44, 1, 5, '2019-10-02 00:57:25', 11, '2019-10-02 00:57:25', 11),
(107, 'RoleGroup add and edit', 'Admin', 'RoleGroup.php', 'admin/RoleGroup', 'admin', 1, 34, 1, 1, '2019-10-02 01:11:36', 11, '2019-10-02 01:11:36', 11),
(108, 'RoleGroup delete', 'Admin', 'RoleGroup.php', 'admin/RoleGroup', 'admin', 2, 34, 1, 1, '2019-10-02 01:12:16', 11, '2019-10-02 01:12:16', 11),
(109, 'RoleGroup all details download pdf', 'Admin', 'RoleGroup.php', 'admin/RoleGroup', 'admin', 3, 34, 1, 1, '2019-10-02 01:12:51', 11, '2019-10-02 01:12:51', 11),
(110, 'RoleGroup all details download excel', 'Admin', 'RoleGroup.php', 'admin/RoleGroup', 'admin', 4, 34, 1, 1, '2019-10-02 01:13:08', 11, '2019-10-02 01:13:08', 11),
(111, 'AdminRole add and edit', 'Admin', 'AdminRole.php', 'admin/AdminModule', 'admin', 1, 35, 1, 1, '2019-10-02 01:17:09', 11, '2019-10-02 01:17:09', 11),
(112, 'AdminRole delete', 'Admin', 'AdminRole.php', 'admin/AdminModule', 'admin', 2, 35, 1, 1, '2019-10-02 01:17:40', 11, '2019-10-02 01:17:40', 11),
(113, 'AdminRole all details download pdf', 'Admin', 'AdminRole.php', 'admin/AdminModule', 'admin', 3, 35, 1, 1, '2019-10-02 01:18:13', 11, '2019-10-02 01:18:13', 11),
(114, 'AdminRole all details download excel', 'Admin', 'AdminRole.php', 'admin/AdminModule', 'admin', 4, 35, 1, 1, '2019-10-02 01:18:39', 11, '2019-10-02 01:18:39', 11),
(115, 'Staffs roles edit', 'HRM', 'staffs.php', 'auth/staffsList', 'auth', 7, 29, 1, 2, '2019-10-08 11:25:22', 11, '2019-10-08 11:25:22', 11),
(116, 'RT Procedure', 'Master', 'RTProcedure.php', 'master/RTProcedure', 'master', 1, 0, 1, 1, '2019-12-15 10:52:33', 11, '2019-12-15 10:52:33', 11),
(117, 'RT Procedure add and edit', 'Master', 'RTProcedure.php', 'master/RTProcedure', 'master', 1, 116, 1, 1, '2019-12-15 10:59:11', 11, '2019-12-15 10:59:11', 11),
(118, 'RT Procedure delete', 'Master', 'RTProcedure.php', 'master/RTProcedure', 'master', 2, 116, 1, 1, '2019-12-15 11:02:24', 11, '2019-12-15 11:02:24', 11),
(119, 'RT Procedure all details download excel', 'Master', 'RTProcedure.php', 'master/RTProcedure', 'master', 3, 116, 1, 1, '2019-12-15 11:02:48', 11, '2019-12-15 11:02:48', 11),
(120, 'RT Procedure all details download pdf', 'Master', 'RTProcedure.php', 'master/RTProcedure', 'master', 4, 116, 1, 1, '2019-12-15 11:03:08', 11, '2019-12-15 11:03:08', 11),
(121, 'Radiographer First', 'Master', 'Radiographer1.php', 'master/Radiographer1', 'master', 2, 0, 1, 1, '2019-12-15 17:50:56', 11, '2019-12-15 17:50:56', 11),
(122, 'Radiographer Second', 'Master', 'Radiographer2.php', 'master/Radiographer2', 'master', 3, 0, 1, 1, '2019-12-15 17:51:22', 11, '2019-12-15 17:51:22', 11),
(123, 'Radiographer Third', 'Master', 'Radiographer3.php', 'master/Radiographer3', 'master', 4, 0, 1, 1, '2019-12-15 17:52:19', 11, '2019-12-15 17:52:19', 11),
(124, 'Radiographer first add and edit', 'Master', 'Radiographer1.php', 'master/Radiographer1', 'master', 1, 121, 1, 1, '2019-12-15 18:05:56', 11, '2019-12-15 18:15:00', 11),
(125, 'Radiographer first delete', 'Master', 'Radiographer1.php', 'master/Radiographer1', 'master', 2, 121, 1, 1, '2019-12-15 18:09:47', 11, '2019-12-15 18:14:55', 11),
(126, 'Radiographer first all details download excel', 'Master', 'Radiographer1.php', 'master/Radiographer1', 'master', 3, 121, 1, 1, '2019-12-15 18:10:18', 11, '2019-12-15 18:14:49', 11),
(127, 'Radiographer first all details download pdf', 'Master', 'Radiographer1.php', 'master/Radiographer1', 'master', 4, 121, 1, 1, '2019-12-15 18:10:30', 11, '2019-12-15 18:14:43', 11),
(128, 'Radiographer second all details download pdf', 'Master', 'Radiographer2.php', 'master/Radiographer2', 'master', 4, 122, 1, 1, '2019-12-15 18:11:54', 11, '2019-12-15 18:11:54', 11),
(129, 'Radiographer second all details download excel', 'Master', 'Radiographer2.php', 'master/Radiographer2', 'master', 3, 122, 1, 1, '2019-12-15 18:12:10', 11, '2019-12-15 18:12:10', 11),
(130, 'Radiographer second delete', 'Master', 'Radiographer2.php', 'master/Radiographer2', 'master', 2, 122, 1, 1, '2019-12-15 18:12:30', 11, '2019-12-15 18:12:30', 11),
(131, 'Radiographer second add and edit', 'Master', 'Radiographer2.php', 'master/Radiographer2', 'master', 1, 122, 1, 1, '2019-12-15 18:12:48', 11, '2019-12-15 18:12:48', 11),
(132, 'Radiographer third add and edit', 'Master', 'Radiographer3.php', 'master/Radiographer3', 'master', 1, 123, 1, 1, '2019-12-15 18:13:23', 11, '2019-12-15 18:13:23', 11),
(133, 'Radiographer third delete', 'Master', 'Radiographer3.php', 'master/Radiographer3', 'master', 2, 123, 1, 1, '2019-12-15 18:13:44', 11, '2019-12-15 18:13:44', 11),
(134, 'Radiographer third all details download excel', 'Master', 'Radiographer3.php', 'master/Radiographer3', 'master', 3, 123, 1, 1, '2019-12-15 18:14:09', 11, '2019-12-15 18:14:09', 11),
(135, 'Radiographer third all details download pdf', 'Master', 'Radiographer3.php', 'master/Radiographer3', 'master', 4, 123, 1, 1, '2019-12-15 18:14:23', 11, '2019-12-15 18:14:23', 11),
(136, 'Radiographic Abbreviation', 'Master', 'RadiographicAbbreviation.php', 'master/RadiographicAbbreviation', 'master', 4, 0, 1, 1, '2019-12-15 21:24:05', 11, '2019-12-15 21:24:05', 11),
(137, ' Radiographic Abbreviation add and edit', 'Master', 'RadiographicAbbreviation.php', 'master/RadiographicAbbreviation', 'master', 1, 136, 1, 1, '2019-12-15 21:40:07', 11, '2019-12-15 21:40:07', 11),
(138, ' Radiographic Abbreviation delete', 'Master', 'RadiographicAbbreviation.php', 'master/RadiographicAbbreviation', 'master', 2, 136, 1, 1, '2019-12-15 21:40:27', 11, '2019-12-15 21:40:27', 11),
(139, ' Radiographic Abbreviation all details download excel', 'Master', 'RadiographicAbbreviation.php', 'master/RadiographicAbbreviation', 'master', 3, 136, 1, 1, '2019-12-15 21:40:47', 11, '2019-12-15 21:40:47', 11),
(140, ' Radiographic Abbreviation all details download pdf', 'Master', 'RadiographicAbbreviation.php', 'master/RadiographicAbbreviation', 'master', 4, 136, 1, 1, '2019-12-15 21:45:49', 11, '2019-12-15 21:45:49', 11),
(141, 'Radiographic Examination', 'Master', 'RadiographicExamination.php', 'master/RadiographicExamination', 'master', 5, 0, 1, 1, '2019-12-15 21:58:20', 11, '2019-12-15 21:58:20', 11),
(142, 'Radiographic Examination add and edit', 'Master', 'RadiographicExamination.php', 'master/RadiographicExamination', 'master', 1, 141, 1, 1, '2019-12-15 21:59:49', 11, '2019-12-15 21:59:49', 11),
(143, 'Radiographic Examination delete', 'Master', 'RadiographicExamination.php', 'master/RadiographicExamination', 'master', 2, 141, 1, 1, '2019-12-15 22:00:10', 11, '2019-12-15 22:00:10', 11),
(144, 'Radiographic Examination all details download excel', 'Master', 'RadiographicExamination.php', 'master/RadiographicExamination', 'master', 3, 141, 1, 1, '2019-12-15 22:00:31', 11, '2019-12-15 22:00:31', 11),
(145, 'Radiographic Examination all details download pdf', 'Master', 'RadiographicExamination.php', 'master/RadiographicExamination', 'master', 4, 141, 1, 1, '2019-12-15 22:00:49', 11, '2019-12-15 22:00:49', 11),
(146, 'Company Details', 'Admin', 'CompanyDetails.php', 'admin/CompanyDetails', 'admin', 3, 0, 1, 1, '2020-03-07 21:35:12', 11, '2020-03-08 10:56:25', 11),
(147, 'CompanyDetails add and edit', 'Admin', 'CompanyDetails.php', 'admin/CompanyDetails', 'admin', 1, 146, 1, 1, '2020-03-07 21:43:54', 11, '2020-03-07 21:43:54', 11),
(148, 'EmployeeDetails', 'Admin', 'EmployeeDetails.php', 'admin/EmployeeDetails', 'admin', 4, 0, 1, 1, '2020-03-07 21:45:38', 11, '2020-03-07 21:45:38', 11),
(149, 'Employee add and edit', 'Admin', 'EmployeeDetails.php', 'admin/EmployeeDetails', 'admin', 1, 148, 1, 1, '2020-03-07 21:46:52', 11, '2020-03-07 21:46:52', 11),
(150, 'Employee delete', 'Admin', 'EmployeeDetails.php', 'admin/EmployeeDetails', 'admin', 2, 148, 1, 1, '2020-03-07 21:47:57', 11, '2020-03-07 21:47:57', 11),
(151, 'Process', 'Master', 'Process.php', 'master/Process', 'master', 6, 0, 1, 1, '2020-03-08 15:12:58', 11, '2020-03-08 15:30:56', 11),
(152, 'Process add and edit', 'Master', 'Process.php', 'master/Process', 'master', 1, 151, 1, 1, '2020-03-08 15:16:44', 11, '2020-03-08 15:16:44', 11),
(153, 'Process delete', 'Master', 'Process.php', 'master/Process', 'master', 2, 151, 1, 1, '2020-03-08 15:17:57', 11, '2020-03-08 15:37:15', 11),
(154, 'Process all details download excel', 'Master', 'Process.php', 'master/Process', 'master', 3, 151, 1, 1, '2020-03-08 15:21:02', 11, '2020-03-08 15:38:13', 11),
(155, 'Process all details download pdf', 'Master', 'Process.php', 'master/Process', 'master', 4, 151, 1, 1, '2020-03-08 15:22:47', 11, '2020-03-08 15:38:45', 11),
(156, 'Type', 'Master', 'Type.php', 'master/Type', 'master', 7, 0, 1, 1, '2020-03-12 21:02:57', 11, '2020-03-12 21:02:57', 11),
(157, 'Type add and edit', 'Master', 'Type.php', 'master/Type', 'master', 1, 156, 1, 1, '2020-03-12 21:05:29', 11, '2020-03-12 21:05:29', 11),
(158, 'Type delete', 'Master', 'Type.php', 'master/Type', 'master', 2, 156, 1, 1, '2020-03-12 21:07:00', 11, '2020-03-12 21:07:00', 11),
(159, 'Applicable Code', 'Master', 'ApplicableCode.php', 'master/ApplicableCode', 'master', 8, 0, 1, 1, '2020-03-13 10:48:47', 11, '2020-03-14 08:54:01', 11),
(160, 'Applicable Code add and edit', 'Master', 'ApplicableCode.php', 'master/ApplicableCode', 'master', 1, 159, 1, 1, '2020-03-13 10:49:52', 11, '2020-03-13 10:49:52', 11),
(161, 'Applicable Code delete', 'Master', 'ApplicationCode.php', 'master/ApplicableCode', 'master', 2, 159, 1, 1, '2020-03-13 10:50:39', 11, '2020-03-13 10:50:39', 11),
(162, 'Material Specification', 'Master', 'MaterialSpecification.php', 'master/MaterialSpecification', 'master', 9, 0, 1, 1, '2020-03-13 10:52:11', 11, '2020-03-13 10:52:11', 11),
(163, 'Material Specification add and edit', 'Master', 'MaterialSpecification.php', 'master/MaterialSpecification', 'master', 1, 162, 1, 1, '2020-03-13 10:53:22', 11, '2020-03-13 10:53:22', 11),
(164, 'Material Specification delete', 'Master', 'MaterialSpecification.php', 'master/MaterialSpecification', 'master', 2, 162, 1, 1, '2020-03-13 10:54:20', 11, '2020-03-13 10:54:20', 11),
(165, 'Grade', 'Master', 'Grade.php', 'master/Grade', 'master', 10, 0, 1, 1, '2020-03-13 10:55:16', 11, '2020-03-13 10:55:16', 11),
(166, 'Grade add and edit', 'Master', 'Grade.php', 'master/Grade', 'master', 1, 165, 1, 1, '2020-03-13 10:56:00', 11, '2020-03-13 10:56:00', 11),
(167, 'Grade delete', 'Master', 'Grade.php', 'master/Grade', 'master', 2, 165, 1, 1, '2020-03-13 10:56:34', 11, '2020-03-13 10:56:34', 11),
(168, 'Welder', 'Master', 'Welder.php', 'master/Welder', 'master', 11, 0, 1, 1, '2020-03-13 10:57:51', 11, '2020-03-13 10:57:51', 11),
(169, 'Welder add and edit', 'Master', 'Welder.php', 'master/Welder', 'master', 1, 168, 1, 1, '2020-03-13 10:59:17', 11, '2020-03-13 10:59:17', 11),
(170, 'Welder delete', 'Master', 'Welder.php', 'master/Welder', 'master', 2, 168, 1, 1, '2020-03-13 10:59:52', 11, '2020-03-13 10:59:52', 11),
(171, 'SFA', 'Master', 'SFA.php', 'master/SFA', 'master', 12, 0, 1, 1, '2020-03-14 19:18:49', 11, '2020-03-14 19:18:49', 11),
(172, 'SFA add and edit', 'Master', 'SFA.php', 'master/SFA', 'master', 1, 171, 1, 1, '2020-03-14 19:19:43', 11, '2020-03-14 19:19:43', 11),
(173, 'SFA delete', 'Master', 'SFA.php', 'master/SFA', 'master', 2, 171, 1, 1, '2020-03-14 19:20:21', 11, '2020-03-14 19:20:21', 11),
(174, 'PQR', 'Operation', 'PQR.php', 'operation/PQR', 'operation', 6, 0, 1, 1, '2020-03-22 09:35:08', 11, '2020-03-22 09:35:08', 11),
(175, 'PQR add and Edit', 'Operation', 'PQR.php', 'operation/PQR', 'operation', 1, 174, 1, 1, '2020-03-22 09:40:38', 11, '2020-03-22 09:40:38', 11),
(176, 'PQR delete', 'Operation', 'PQR.php', 'operation/PQR', 'operation', 2, 174, 1, 1, '2020-03-22 09:42:13', 11, '2020-03-22 09:42:13', 11),
(177, 'PNO', 'Master', 'PNO.php', 'master/PNO', 'master', 12, 0, 1, 1, '2020-04-05 16:14:30', 11, '2020-04-05 16:18:14', 11),
(178, 'PNO add and edit', 'Master', 'PNO.php', 'master/PNO', 'master', 1, 177, 1, 1, '2020-04-05 16:15:31', 11, '2020-04-05 16:17:35', 11),
(179, 'PNO delete', 'Master', 'PNO.php', 'master/PNO', 'master', 2, 177, 1, 1, '2020-04-05 16:16:18', 11, '2020-04-05 16:17:55', 11),
(180, 'Qualification Code', 'Master', 'Code.php', 'master/Code', 'master', 1, 0, 1, 1, '2020-07-21 21:29:03', 11, '2020-07-26 17:32:45', 11),
(181, 'Code add and edit', 'Master', 'Code.php', 'master/Code', 'master', 1, 180, 1, 1, '2020-07-21 21:31:07', 11, '2020-07-21 21:31:07', 11),
(182, 'Code delete', 'Master', 'Code.php', 'master/Code', 'master', 2, 180, 1, 1, '2020-07-21 21:32:47', 11, '2020-07-21 21:32:47', 11),
(183, 'Diameter', 'Master', 'Diameter.php', 'master/Diameter', 'master', 9, 0, 1, 1, '2020-07-26 17:34:13', 11, '2020-07-26 17:34:13', 11),
(184, 'Diameter add and edit', 'Master', 'Diameter.php', 'master/Diameter', 'master', 1, 183, 1, 1, '2020-07-26 17:35:57', 11, '2020-07-26 17:35:57', 11),
(185, 'Diameter delete', 'Master', 'Diameter.php', 'master/Diameter', 'master', 2, 183, 1, 1, '2020-07-26 17:37:44', 11, '2020-07-26 17:37:44', 11),
(186, 'F-No', 'Master', 'FNO.php', 'master/FNO', 'master', 10, 0, 1, 1, '2020-07-26 17:40:28', 11, '2020-07-26 17:40:28', 11),
(187, 'FNO add and edit', 'Master', 'FNO.php', 'master/FNO', 'master', 1, 186, 1, 1, '2020-07-26 17:41:20', 11, '2020-07-26 17:41:20', 11),
(188, 'FNO delete', 'Master', 'FNO.php', 'master/FNO', 'master', 2, 186, 1, 1, '2020-07-26 17:42:42', 11, '2020-07-26 17:42:42', 11),
(189, 'Position', 'Master', 'Position.php', 'master/Position', 'master', 13, 0, 1, 1, '2020-07-28 07:10:54', 11, '2020-07-28 07:10:54', 11),
(190, 'Position add and edit', 'Master', 'Position.php', 'master/Position', 'master', 1, 189, 1, 1, '2020-07-28 07:12:12', 11, '2020-07-28 07:12:12', 11),
(191, 'Position delete', 'Master', 'Position.php', 'master/Position', 'master', 2, 189, 1, 1, '2020-07-28 07:13:00', 11, '2020-07-28 07:13:00', 11),
(192, 'Cup Size', 'Master', 'Cupsize.php', 'master/Cupsize', 'master', 14, 0, 1, 1, '2020-07-28 07:15:12', 11, '2020-07-28 07:15:12', 11),
(193, 'Cup Size add and edit', 'Master', 'Cupsize.php', 'master/Cupsize', 'master', 1, 192, 1, 1, '2020-07-28 07:16:24', 11, '2020-07-28 19:36:00', 11),
(194, 'Cup Size delete', 'master', 'Cupsize.php', 'master/Cupsize', 'master', 2, 192, 1, 1, '2020-07-28 07:17:49', 11, '2020-07-28 07:17:49', 11),
(195, 'Cleaning Method', 'Master', 'CleaningMethod.php', 'master/CleaningMethod', 'master', 15, 0, 1, 1, '2020-07-28 07:22:09', 11, '2020-07-28 07:22:09', 11),
(196, 'Cleaning Method add and edit', 'master', 'CleaningMethod.php', 'master/CleaningMethod', 'master', 1, 195, 1, 1, '2020-07-28 07:24:20', 11, '2020-07-28 19:55:59', 11),
(197, 'Cleaning Method delete', 'Master', 'CleaningMethod.php', 'master/CleaningMethod', 'master', 2, 195, 1, 1, '2020-07-28 07:28:07', 11, '2020-07-28 07:28:07', 11);

-- --------------------------------------------------------

--
-- Table structure for table `jr_menu_moudle`
--

DROP TABLE IF EXISTS `jr_menu_moudle`;
CREATE TABLE IF NOT EXISTS `jr_menu_moudle` (
  `menu_module_id` int(11) NOT NULL AUTO_INCREMENT,
  `menu_module_name` varchar(250) NOT NULL,
  `menu_module_position` int(11) NOT NULL,
  `menu_module_status` int(11) NOT NULL DEFAULT 1,
  `menu_module_createOn` datetime NOT NULL,
  `menu_module_createBy` int(11) NOT NULL,
  `menu_module_updateOn` datetime NOT NULL,
  `menu_module_updateBy` int(11) NOT NULL,
  PRIMARY KEY (`menu_module_id`)
) ENGINE=MyISAM AUTO_INCREMENT=9 DEFAULT CHARSET=latin1;

--
-- Dumping data for table `jr_menu_moudle`
--

INSERT INTO `jr_menu_moudle` (`menu_module_id`, `menu_module_name`, `menu_module_position`, `menu_module_status`, `menu_module_createOn`, `menu_module_createBy`, `menu_module_updateOn`, `menu_module_updateBy`) VALUES
(1, 'Admin', 1, 1, '2019-01-05 11:43:20', 11, '2019-01-05 11:43:20', 11),
(2, 'HRM', 2, 1, '2019-01-05 11:43:20', 11, '2019-01-05 11:43:20', 11),
(3, 'Operation', 3, 1, '2019-01-05 11:43:20', 11, '2019-01-05 11:43:20', 11),
(4, 'Thirdparty', 4, 1, '2019-01-05 11:43:20', 11, '2019-01-05 11:43:20', 11),
(5, 'QA/QC ', 5, 1, '2019-01-05 11:43:20', 11, '2019-01-05 11:43:20', 11),
(6, 'NDT', 6, 1, '2019-01-05 11:43:20', 11, '2019-01-05 11:43:20', 11),
(7, 'Finance', 7, 1, '2019-01-05 11:43:20', 11, '2019-01-05 11:43:20', 11),
(8, 'Auditor', 8, 1, '2019-01-05 11:43:20', 11, '2019-01-05 11:43:20', 11);

-- --------------------------------------------------------

--
-- Table structure for table `jr_menu_page`
--

DROP TABLE IF EXISTS `jr_menu_page`;
CREATE TABLE IF NOT EXISTS `jr_menu_page` (
  `menu_page_id` int(11) NOT NULL AUTO_INCREMENT,
  `menu_module_id` int(11) NOT NULL,
  `menu_page_name` varchar(255) NOT NULL,
  `menu_page_position` int(11) NOT NULL,
  `menu_page_parent` int(11) NOT NULL DEFAULT 0,
  `menu_page_status` int(11) NOT NULL DEFAULT 1,
  `menu_module_createOn` datetime NOT NULL,
  `menu_module_createBy` int(11) NOT NULL,
  `menu_module_updateOn` datetime NOT NULL,
  `menu_module_updateBy` int(11) NOT NULL,
  PRIMARY KEY (`menu_page_id`),
  KEY `menu_module_id` (`menu_module_id`)
) ENGINE=MyISAM AUTO_INCREMENT=28 DEFAULT CHARSET=latin1;

--
-- Dumping data for table `jr_menu_page`
--

INSERT INTO `jr_menu_page` (`menu_page_id`, `menu_module_id`, `menu_page_name`, `menu_page_position`, `menu_page_parent`, `menu_page_status`, `menu_module_createOn`, `menu_module_createBy`, `menu_module_updateOn`, `menu_module_updateBy`) VALUES
(1, 1, 'Admin', 1, 0, 1, '2019-01-05 11:43:20', 11, '2019-01-05 11:43:20', 11),
(2, 2, 'Staffs', 2, 0, 1, '2019-01-05 11:43:20', 11, '2019-01-05 11:43:20', 11),
(3, 3, 'Quotation', 1, 0, 1, '2019-01-05 11:43:20', 11, '2019-01-05 11:43:20', 11),
(4, 3, 'Clients', 2, 0, 1, '2019-01-05 11:43:20', 11, '2019-01-05 11:43:20', 11),
(5, 3, 'Project', 3, 0, 1, '2019-01-05 11:43:20', 11, '2019-01-05 11:43:20', 11),
(6, 3, 'Job No', 4, 0, 1, '2019-01-05 11:43:20', 11, '2019-01-05 11:43:20', 11),
(7, 3, 'Inspector', 5, 0, 0, '2019-01-05 11:43:20', 11, '2019-01-05 11:43:20', 11),
(8, 4, 'NDT Contractor', 1, 0, 0, '2019-01-05 11:43:20', 11, '2019-01-05 11:43:20', 11),
(9, 4, 'Equipment Calibration Contractor', 2, 0, 1, '2019-01-05 11:43:20', 11, '2019-01-05 11:43:20', 11),
(10, 4, 'Mechanical Testing Lab Contractors', 3, 0, 1, '2019-01-05 11:43:20', 11, '2019-01-05 11:43:20', 11),
(11, 5, 'Batch', 1, 0, 1, '2019-01-05 11:43:20', 11, '2019-01-05 11:43:20', 11),
(12, 5, 'Welders', 2, 0, 1, '2019-01-05 11:43:20', 11, '2019-01-05 11:43:20', 11),
(13, 5, 'Equipments', 3, 0, 1, '2019-01-05 11:43:20', 11, '2019-01-05 11:43:20', 11),
(14, 5, 'Certificates', 4, 0, 1, '2019-01-05 11:43:20', 11, '2019-01-05 11:43:20', 11),
(15, 5, 'Welder Card', 5, 0, 1, '2019-01-05 11:43:20', 11, '2019-01-05 11:43:20', 11),
(16, 5, 'Masters Documents', 6, 0, 1, '2019-01-05 11:43:20', 11, '2019-01-05 11:43:20', 11),
(17, 6, 'Rt Report', 1, 0, 1, '2019-01-05 11:43:20', 11, '2019-01-05 11:43:20', 11),
(18, 6, 'Bend Test Report', 2, 0, 1, '2019-01-05 11:43:20', 11, '2019-01-05 11:43:20', 11),
(19, 6, 'Fillet Fracture', 3, 0, 1, '2019-01-05 11:43:20', 11, '2019-01-05 11:43:20', 11),
(20, 6, 'Macro Examination', 4, 0, 1, '2019-01-05 11:43:20', 11, '2019-01-05 11:43:20', 11),
(21, 7, 'Invoice', 1, 0, 1, '2019-01-05 11:43:20', 11, '2019-01-05 11:43:20', 11),
(22, 7, 'Account Statement', 2, 0, 1, '2019-01-05 11:43:20', 11, '2019-01-05 11:43:20', 11),
(23, 8, 'Auditor', 1, 0, 1, '2019-01-05 11:43:20', 11, '2019-01-05 11:43:20', 11),
(24, 1, 'View Form', 1, 1, 1, '2019-01-05 11:43:20', 11, '2019-01-05 11:43:20', 11),
(25, 1, 'Add/Update Form', 2, 1, 1, '2019-01-05 11:43:20', 11, '2019-01-05 11:43:20', 11),
(26, 1, 'Edit Form', 3, 1, 1, '2019-01-05 11:43:20', 11, '2019-01-05 11:43:20', 11),
(27, 1, 'Delete Form', 4, 1, 1, '2019-01-05 11:43:20', 11, '2019-01-05 11:43:20', 11);

-- --------------------------------------------------------

--
-- Table structure for table `jr_mtlcontractor`
--

DROP TABLE IF EXISTS `jr_mtlcontractor`;
CREATE TABLE IF NOT EXISTS `jr_mtlcontractor` (
  `mtlContractor_id` int(11) NOT NULL AUTO_INCREMENT,
  `mtlContractor_name` varchar(255) NOT NULL,
  `mtlContractor_abbr` varchar(250) NOT NULL,
  `mtlContractor_email` varchar(100) NOT NULL,
  `mtlContractor_phone` varchar(50) NOT NULL,
  `mtlContractor_office_no` varchar(50) NOT NULL,
  `mtlContractor_fax` varchar(50) NOT NULL,
  `mtlContractor_website` varchar(100) NOT NULL,
  `mtlContractor_address` text NOT NULL,
  `mtlContractor_photo` varchar(255) NOT NULL,
  `mtlContractor_show_status` int(11) NOT NULL DEFAULT 1,
  `mtlContractor_createOn` datetime NOT NULL,
  `mtlContractor_createBy` int(11) NOT NULL,
  `mtlContractor_updateOn` datetime NOT NULL,
  `mtlContractor_updateBy` int(11) NOT NULL,
  PRIMARY KEY (`mtlContractor_id`)
) ENGINE=MyISAM AUTO_INCREMENT=2 DEFAULT CHARSET=latin1;

--
-- Dumping data for table `jr_mtlcontractor`
--

INSERT INTO `jr_mtlcontractor` (`mtlContractor_id`, `mtlContractor_name`, `mtlContractor_abbr`, `mtlContractor_email`, `mtlContractor_phone`, `mtlContractor_office_no`, `mtlContractor_fax`, `mtlContractor_website`, `mtlContractor_address`, `mtlContractor_photo`, `mtlContractor_show_status`, `mtlContractor_createOn`, `mtlContractor_createBy`, `mtlContractor_updateOn`, `mtlContractor_updateBy`) VALUES
(1, 'Test', 'tssss', 'test@gmail.com', '', '', '', '', '', '', 1, '2019-04-21 20:23:36', 11, '2019-04-21 20:23:47', 11);

-- --------------------------------------------------------

--
-- Table structure for table `jr_ndtcontractor`
--

DROP TABLE IF EXISTS `jr_ndtcontractor`;
CREATE TABLE IF NOT EXISTS `jr_ndtcontractor` (
  `ndtContractor_id` int(11) NOT NULL AUTO_INCREMENT,
  `ndtContractor_name` varchar(255) NOT NULL,
  `ndtContractor_abbr` varchar(250) NOT NULL,
  `ndtContractor_email` varchar(100) NOT NULL,
  `ndtContractor_phone` varchar(50) NOT NULL,
  `ndtContractor_office_no` varchar(50) NOT NULL,
  `ndtContractor_fax` varchar(50) NOT NULL,
  `ndtContractor_website` varchar(100) NOT NULL,
  `ndtContractor_address` text NOT NULL,
  `ndtContractor_photo` varchar(255) NOT NULL,
  `ndtContractor_show_status` int(11) NOT NULL DEFAULT 1,
  `ndtContractor_createOn` datetime NOT NULL,
  `ndtContractor_createBy` int(11) NOT NULL,
  `ndtContractor_updateOn` datetime NOT NULL,
  `ndtContractor_updateBy` int(11) NOT NULL,
  PRIMARY KEY (`ndtContractor_id`)
) ENGINE=MyISAM AUTO_INCREMENT=4 DEFAULT CHARSET=latin1;

--
-- Dumping data for table `jr_ndtcontractor`
--

INSERT INTO `jr_ndtcontractor` (`ndtContractor_id`, `ndtContractor_name`, `ndtContractor_abbr`, `ndtContractor_email`, `ndtContractor_phone`, `ndtContractor_office_no`, `ndtContractor_fax`, `ndtContractor_website`, `ndtContractor_address`, `ndtContractor_photo`, `ndtContractor_show_status`, `ndtContractor_createOn`, `ndtContractor_createBy`, `ndtContractor_updateOn`, `ndtContractor_updateBy`) VALUES
(1, 'Zeppelin Systems Gulf Co. ltd	', 'Contractor', 'test@gmail.com', '55555546', '', '', '', '', '~cdn/photoNdtContractor/81.jpg', 1, '2019-01-05 12:16:39', 11, '2019-03-15 01:18:04', 11),
(2, 'AMO', 'AMO', '', '', '', '', '', '', '', 1, '2019-01-05 12:19:00', 11, '2019-03-15 01:14:40', 11),
(3, 'Sdas', 'ewt', 'sd@er.fd', '', '', '', '', '', '', 1, '2019-10-06 22:15:04', 11, '2019-10-06 22:19:22', 11);

-- --------------------------------------------------------

--
-- Table structure for table `jr_ndtcontractors`
--

DROP TABLE IF EXISTS `jr_ndtcontractors`;
CREATE TABLE IF NOT EXISTS `jr_ndtcontractors` (
  `ndtContractors_id` int(11) NOT NULL AUTO_INCREMENT,
  `ndtContractors_name` varchar(255) NOT NULL,
  `ndtContractors_email` varchar(255) NOT NULL,
  `ndtContractors_phone` varchar(255) NOT NULL,
  `ndtContractors_office_no` varchar(255) NOT NULL,
  `ndtContractors_fax` varchar(255) NOT NULL,
  `ndtContractors_website` text NOT NULL,
  `ndtContractors_abbreviations` varchar(255) NOT NULL,
  `ndtContractors_address` text NOT NULL,
  `ndtContractors_show_status` int(11) NOT NULL DEFAULT 1,
  `ndtContractors_createOn` datetime NOT NULL,
  `ndtContractors_createBy` int(11) NOT NULL,
  `ndtContractors_updateOn` datetime NOT NULL,
  `ndtContractors_updateBy` int(11) NOT NULL,
  PRIMARY KEY (`ndtContractors_id`)
) ENGINE=MyISAM AUTO_INCREMENT=2 DEFAULT CHARSET=latin1;

--
-- Dumping data for table `jr_ndtcontractors`
--

INSERT INTO `jr_ndtcontractors` (`ndtContractors_id`, `ndtContractors_name`, `ndtContractors_email`, `ndtContractors_phone`, `ndtContractors_office_no`, `ndtContractors_fax`, `ndtContractors_website`, `ndtContractors_abbreviations`, `ndtContractors_address`, `ndtContractors_show_status`, `ndtContractors_createOn`, `ndtContractors_createBy`, `ndtContractors_updateOn`, `ndtContractors_updateBy`) VALUES
(1, 'test', 'es@gmail.com', '', '', '', '', '', '', 1, '2019-03-04 08:47:33', 11, '2019-03-04 08:48:23', 11);

-- --------------------------------------------------------

--
-- Table structure for table `jr_ndttype`
--

DROP TABLE IF EXISTS `jr_ndttype`;
CREATE TABLE IF NOT EXISTS `jr_ndttype` (
  `ndttype_id` int(11) NOT NULL AUTO_INCREMENT,
  `ndttype_name` varchar(255) NOT NULL,
  `ndttype_show_status` int(11) NOT NULL DEFAULT 1,
  `ndttype_createOn` datetime NOT NULL,
  `ndttype_createBy` int(11) NOT NULL,
  `ndttype_updateOn` datetime NOT NULL,
  `ndttype_updateBy` int(11) NOT NULL,
  PRIMARY KEY (`ndttype_id`)
) ENGINE=MyISAM AUTO_INCREMENT=3 DEFAULT CHARSET=latin1;

--
-- Dumping data for table `jr_ndttype`
--

INSERT INTO `jr_ndttype` (`ndttype_id`, `ndttype_name`, `ndttype_show_status`, `ndttype_createOn`, `ndttype_createBy`, `ndttype_updateOn`, `ndttype_updateBy`) VALUES
(1, 'Mechanical Test', 1, '2019-01-01 00:00:00', 11, '2019-01-01 00:00:00', 11),
(2, 'RadioGraphy Test', 1, '2019-01-01 00:00:00', 11, '2019-01-01 00:00:00', 11);

-- --------------------------------------------------------

--
-- Table structure for table `jr_pno`
--

DROP TABLE IF EXISTS `jr_pno`;
CREATE TABLE IF NOT EXISTS `jr_pno` (
  `pno_id` int(11) NOT NULL AUTO_INCREMENT,
  `pno_name` varchar(100) NOT NULL,
  `group_no` varchar(100) DEFAULT NULL,
  `specification_no` varchar(100) DEFAULT NULL,
  `dtg_name` varchar(100) DEFAULT NULL,
  `uns_number` varchar(100) DEFAULT NULL,
  `pno_show_status` int(11) NOT NULL DEFAULT 1,
  `createOn` datetime DEFAULT NULL,
  `createBy` int(11) NOT NULL,
  `updateOn` datetime DEFAULT NULL,
  `updateBy` int(11) NOT NULL,
  PRIMARY KEY (`pno_id`)
) ENGINE=MyISAM AUTO_INCREMENT=6 DEFAULT CHARSET=latin1;

--
-- Dumping data for table `jr_pno`
--

INSERT INTO `jr_pno` (`pno_id`, `pno_name`, `group_no`, `specification_no`, `dtg_name`, `uns_number`, `pno_show_status`, `createOn`, `createBy`, `updateOn`, `updateBy`) VALUES
(1, '1', '1', '1', '1', NULL, 1, '2020-07-26 17:20:59', 11, '2020-07-26 17:20:59', 11);

-- --------------------------------------------------------

--
-- Table structure for table `jr_position`
--

DROP TABLE IF EXISTS `jr_position`;
CREATE TABLE IF NOT EXISTS `jr_position` (
  `position_id` int(11) NOT NULL AUTO_INCREMENT,
  `position_name` varchar(100) NOT NULL,
  `position_show_status` int(11) NOT NULL DEFAULT 1,
  `createOn` datetime DEFAULT NULL,
  `createBy` int(11) NOT NULL,
  `updateOn` datetime DEFAULT NULL,
  `updateBy` int(11) NOT NULL,
  PRIMARY KEY (`position_id`)
) ENGINE=MyISAM AUTO_INCREMENT=2 DEFAULT CHARSET=latin1;

--
-- Dumping data for table `jr_position`
--

INSERT INTO `jr_position` (`position_id`, `position_name`, `position_show_status`, `createOn`, `createBy`, `updateOn`, `updateBy`) VALUES
(1, 'Position 1', 1, '2020-07-28 19:13:43', 11, '2020-07-28 19:13:58', 11);

-- --------------------------------------------------------

--
-- Table structure for table `jr_pqr`
--

DROP TABLE IF EXISTS `jr_pqr`;
CREATE TABLE IF NOT EXISTS `jr_pqr` (
  `pqr_id` int(11) NOT NULL AUTO_INCREMENT,
  `pqr_no` varchar(50) DEFAULT NULL,
  `company_id` int(11) DEFAULT NULL,
  `process_id` int(11) DEFAULT NULL,
  `type_id` int(11) DEFAULT NULL,
  `material_id` varchar(50) DEFAULT NULL,
  `to_material_id` varchar(50) DEFAULT NULL,
  `pno_id` int(11) DEFAULT NULL,
  `grp_no` varchar(50) DEFAULT NULL,
  `to_pno_id` int(11) DEFAULT NULL,
  `to_grp_no` varchar(50) DEFAULT NULL,
  `thickness_test_coupon` varchar(50) DEFAULT NULL,
  `diameter_test_coupon` varchar(50) DEFAULT NULL,
  `cast_no` varchar(50) DEFAULT NULL,
  `weld_metal_analysis_no` varchar(50) DEFAULT NULL,
  `sizeof_filler_metal` varchar(50) DEFAULT NULL,
  `f_no` varchar(50) DEFAULT NULL,
  `sfa_id` int(11) DEFAULT NULL,
  `classfication_no` varchar(50) DEFAULT NULL,
  `filler_metal_product_form` varchar(50) DEFAULT NULL,
  `electrode_brand_name` varchar(50) DEFAULT NULL,
  `lot_no` varchar(50) DEFAULT NULL,
  `deposited_weld_thickness` varchar(50) DEFAULT NULL,
  `position_groove` varchar(50) DEFAULT NULL,
  `weld_progression` varchar(50) DEFAULT NULL,
  `position_other` varchar(50) DEFAULT NULL,
  `preheat_temp_min` varchar(50) DEFAULT NULL,
  `interpass_temp_max` varchar(50) DEFAULT NULL,
  `temp_range` varchar(50) DEFAULT NULL,
  `soak_period` varchar(50) DEFAULT NULL,
  `heating_rate` varchar(50) DEFAULT NULL,
  `cooling_rate` varchar(50) DEFAULT NULL,
  `post_heat_other` varchar(50) DEFAULT NULL,
  `shielding_gas` varchar(50) DEFAULT NULL,
  `shielding_percent` varchar(50) DEFAULT NULL,
  `shielding_rate` varchar(50) DEFAULT NULL,
  `backing_gas` varchar(50) DEFAULT NULL,
  `backing_percent` varchar(50) DEFAULT NULL,
  `backing_rate` varchar(50) DEFAULT NULL,
  `trailing_gas` varchar(50) DEFAULT NULL,
  `trailing_percent` varchar(50) DEFAULT NULL,
  `trailing_rate` text DEFAULT NULL,
  `travel_speed` varchar(50) DEFAULT NULL,
  `bead` varchar(50) DEFAULT NULL,
  `cup_size` varchar(50) DEFAULT NULL,
  `per_side` varchar(50) DEFAULT NULL,
  `electrode` varchar(50) DEFAULT NULL,
  `cleaing` varchar(50) DEFAULT NULL,
  `tungesten_electrode` varchar(50) DEFAULT NULL,
  `result_statificatory` varchar(50) DEFAULT NULL,
  `penetration_into_partent_metal` varchar(50) DEFAULT NULL,
  `maro_result` varchar(50) DEFAULT NULL,
  `type_test` varchar(50) DEFAULT NULL,
  `deposit_analysis` varchar(50) DEFAULT NULL,
  `test_others` varchar(50) DEFAULT NULL,
  `welder_staff_id` varchar(50) DEFAULT NULL,
  `stamp_no` varchar(50) DEFAULT NULL,
  `conducted_by` varchar(50) DEFAULT NULL,
  `laboratory_test_1` varchar(50) DEFAULT NULL,
  `laboratory_test_2` varchar(50) DEFAULT NULL,
  `laboratory_test_3` varchar(50) DEFAULT NULL,
  `createOn` datetime DEFAULT NULL,
  `createBy` int(11) DEFAULT NULL,
  `updateOn` datetime DEFAULT NULL,
  `updateBy` int(11) DEFAULT NULL,
  `pqr_show_status` int(1) DEFAULT 1,
  PRIMARY KEY (`pqr_id`)
) ENGINE=MyISAM AUTO_INCREMENT=12 DEFAULT CHARSET=latin1;

--
-- Dumping data for table `jr_pqr`
--

INSERT INTO `jr_pqr` (`pqr_id`, `pqr_no`, `company_id`, `process_id`, `type_id`, `material_id`, `to_material_id`, `pno_id`, `grp_no`, `to_pno_id`, `to_grp_no`, `thickness_test_coupon`, `diameter_test_coupon`, `cast_no`, `weld_metal_analysis_no`, `sizeof_filler_metal`, `f_no`, `sfa_id`, `classfication_no`, `filler_metal_product_form`, `electrode_brand_name`, `lot_no`, `deposited_weld_thickness`, `position_groove`, `weld_progression`, `position_other`, `preheat_temp_min`, `interpass_temp_max`, `temp_range`, `soak_period`, `heating_rate`, `cooling_rate`, `post_heat_other`, `shielding_gas`, `shielding_percent`, `shielding_rate`, `backing_gas`, `backing_percent`, `backing_rate`, `trailing_gas`, `trailing_percent`, `trailing_rate`, `travel_speed`, `bead`, `cup_size`, `per_side`, `electrode`, `cleaing`, `tungesten_electrode`, `result_statificatory`, `penetration_into_partent_metal`, `maro_result`, `type_test`, `deposit_analysis`, `test_others`, `welder_staff_id`, `stamp_no`, `conducted_by`, `laboratory_test_1`, `laboratory_test_2`, `laboratory_test_3`, `createOn`, `createBy`, `updateOn`, `updateBy`, `pqr_show_status`) VALUES
(11, 'PQRNO11', 1, 2, 1, '1', '1', 1, '1', 1, '1', 'test', 'test', 'test', 'test', 'test', 'test', 1, 'test', 'test', 'test', 'test', 'test', 'test', 'test', 'test', 'test', 'test', 'test', 'test', 'test', 'test', 'test', 'test', 'test', 'test', 'test', 'test', 'test', 'test', 'test', 'test', 'test', 'test', 'test', NULL, 'test', 'test', 'test', 'Yes', 'Yes', NULL, 'test', 'test', 'test', '1', 'test', 'test', 'test', 'test', 'test', '2020-05-11 11:24:32', 11, '2020-05-11 11:24:32', 11, 1),
(10, 'PQRNO10', 1, 2, 1, '1', '1', 1, '1', 1, '1', 'test', 'test', 'test', 'test', 'test', 'test', 1, 'test', 'test', 'test', 'test', 'test', 'test', 'test', 'test', 'test', 'test', 'test', 'test', 'test', 'test', 'test', 'test', 'test', 'test', 'test', 'test', 'test', 'test', 'test', 'test', 'test', 'test', 'test', NULL, 'test', 'test', 'test', 'Yes', 'Yes', NULL, 'test', 'test', 'test', '1', 'test', 'test', 'test', 'test', 'test', '2020-05-11 11:16:07', 11, '2020-05-11 11:16:07', 11, 1);

-- --------------------------------------------------------

--
-- Table structure for table `jr_pqr_electrical`
--

DROP TABLE IF EXISTS `jr_pqr_electrical`;
CREATE TABLE IF NOT EXISTS `jr_pqr_electrical` (
  `pqr_electrical_id` int(11) NOT NULL AUTO_INCREMENT,
  `pqr_id` int(11) DEFAULT NULL,
  `layer` varchar(50) DEFAULT NULL,
  `typer_polority` varchar(50) DEFAULT NULL,
  `current_amperage_range` varchar(50) DEFAULT NULL,
  `current_voltage_range` varchar(50) DEFAULT NULL,
  `travel_speed_range` varchar(50) DEFAULT NULL,
  `heat_input` varchar(50) DEFAULT NULL,
  `createOn` datetime DEFAULT NULL,
  `createBy` int(11) DEFAULT NULL,
  `updateOn` datetime DEFAULT NULL,
  `updateBy` int(11) DEFAULT NULL,
  `pqr_electrical_show_status` int(11) DEFAULT 0,
  PRIMARY KEY (`pqr_electrical_id`)
) ENGINE=MyISAM AUTO_INCREMENT=37 DEFAULT CHARSET=latin1;

--
-- Dumping data for table `jr_pqr_electrical`
--

INSERT INTO `jr_pqr_electrical` (`pqr_electrical_id`, `pqr_id`, `layer`, `typer_polority`, `current_amperage_range`, `current_voltage_range`, `travel_speed_range`, `heat_input`, `createOn`, `createBy`, `updateOn`, `updateBy`, `pqr_electrical_show_status`) VALUES
(25, 10, 'test', 'test', 'test', 'test', 'test', 'test', '2020-05-11 11:16:07', 11, '2020-05-11 11:16:07', 11, 0),
(26, 10, 'test', 'test', 'test', 'test', 'test', 'test', '2020-05-11 11:16:07', 11, '2020-05-11 11:16:07', 11, 0),
(27, 10, 'test', 'test', 'test', 'test', 'test', 'test', '2020-05-11 11:16:07', 11, '2020-05-11 11:16:07', 11, 0),
(28, 10, 'test', 'test', 'test', 'test', 'test', 'test', '2020-05-11 11:16:07', 11, '2020-05-11 11:16:07', 11, 0),
(29, 10, 'test', 'test', 'test', 'test', 'test', 'test', '2020-05-11 11:16:07', 11, '2020-05-11 11:16:07', 11, 0),
(30, 10, '', '', '', '', '', '', '2020-05-11 11:16:07', 11, '2020-05-11 11:16:07', 11, 0),
(31, 11, 'test', 'test', 'test', 'test', 'test', 'test', '2020-05-11 11:24:32', 11, '2020-05-11 11:24:32', 11, 0),
(32, 11, 'test', 'test', 'test', 'test', 'test', 'test', '2020-05-11 11:24:32', 11, '2020-05-11 11:24:32', 11, 0),
(33, 11, 'test', 'test', 'test', 'test', 'test', 'test', '2020-05-11 11:24:32', 11, '2020-05-11 11:24:32', 11, 0),
(34, 11, 'test', 'test', 'test', 'test', 'test', 'test', '2020-05-11 11:24:32', 11, '2020-05-11 11:24:32', 11, 0),
(35, 11, 'test', 'test', 'test', 'test', 'test', 'test', '2020-05-11 11:24:32', 11, '2020-05-11 11:24:32', 11, 0),
(36, 11, '', '', '', '', '', '', '2020-05-11 11:24:32', 11, '2020-05-11 11:24:32', 11, 0);

-- --------------------------------------------------------

--
-- Table structure for table `jr_pqr_guided_ben_test`
--

DROP TABLE IF EXISTS `jr_pqr_guided_ben_test`;
CREATE TABLE IF NOT EXISTS `jr_pqr_guided_ben_test` (
  `pqr_guided_ben_test_id` int(11) NOT NULL AUTO_INCREMENT,
  `pqr_id` int(11) DEFAULT NULL,
  `type_and_figure_no` varchar(50) DEFAULT NULL,
  `ben_test_result` varchar(50) DEFAULT NULL,
  `createOn` datetime DEFAULT NULL,
  `createBy` int(11) DEFAULT NULL,
  `updateOn` datetime DEFAULT NULL,
  `updateBy` int(11) DEFAULT NULL,
  `pqr_guided_show_status` int(11) DEFAULT 0,
  PRIMARY KEY (`pqr_guided_ben_test_id`)
) ENGINE=MyISAM AUTO_INCREMENT=13 DEFAULT CHARSET=latin1;

--
-- Dumping data for table `jr_pqr_guided_ben_test`
--

INSERT INTO `jr_pqr_guided_ben_test` (`pqr_guided_ben_test_id`, `pqr_id`, `type_and_figure_no`, `ben_test_result`, `createOn`, `createBy`, `updateOn`, `updateBy`, `pqr_guided_show_status`) VALUES
(9, 10, 'test', 'test', '2020-05-11 11:16:07', 11, '2020-05-11 11:16:07', 11, 0),
(10, 10, 'test', 'test', '2020-05-11 11:16:07', 11, '2020-05-11 11:16:07', 11, 0),
(11, 11, 'test', 'test', '2020-05-11 11:24:32', 11, '2020-05-11 11:24:32', 11, 0),
(12, 11, 'test', 'test', '2020-05-11 11:24:32', 11, '2020-05-11 11:24:32', 11, 0);

-- --------------------------------------------------------

--
-- Table structure for table `jr_pqr_tensile_test`
--

DROP TABLE IF EXISTS `jr_pqr_tensile_test`;
CREATE TABLE IF NOT EXISTS `jr_pqr_tensile_test` (
  `pqr_tensile_test_id` int(11) NOT NULL AUTO_INCREMENT,
  `pqr_id` int(11) DEFAULT NULL,
  `specimen_no` varchar(50) DEFAULT NULL,
  `thickness` varchar(50) DEFAULT NULL,
  `width` varchar(50) DEFAULT NULL,
  `area` varchar(50) DEFAULT NULL,
  `ultimate_tensile_load` varchar(50) DEFAULT NULL,
  `ultimate_tensile_strength` varchar(50) DEFAULT NULL,
  `fracture_location` varchar(50) DEFAULT NULL,
  `tensile_test_result` varchar(50) DEFAULT NULL,
  `createOn` datetime DEFAULT NULL,
  `createBy` int(11) DEFAULT NULL,
  `updateOn` datetime DEFAULT NULL,
  `updateBy` int(11) DEFAULT NULL,
  `pqr_electrical_show_status` int(11) DEFAULT 0,
  PRIMARY KEY (`pqr_tensile_test_id`)
) ENGINE=MyISAM AUTO_INCREMENT=13 DEFAULT CHARSET=latin1;

--
-- Dumping data for table `jr_pqr_tensile_test`
--

INSERT INTO `jr_pqr_tensile_test` (`pqr_tensile_test_id`, `pqr_id`, `specimen_no`, `thickness`, `width`, `area`, `ultimate_tensile_load`, `ultimate_tensile_strength`, `fracture_location`, `tensile_test_result`, `createOn`, `createBy`, `updateOn`, `updateBy`, `pqr_electrical_show_status`) VALUES
(9, 10, 'test', 'test', 'test', 'test', 'test', 'test', 'test', 'test', '2020-05-11 11:16:07', 11, '2020-05-11 11:16:07', 11, 0),
(10, 10, 'test', 'test', 'test', 'test', 'test', 'test', 'test', 'test', '2020-05-11 11:16:07', 11, '2020-05-11 11:16:07', 11, 0),
(11, 11, 'test', 'test', 'test', 'test', 'test', 'test', 'test', 'test', '2020-05-11 11:24:32', 11, '2020-05-11 11:24:32', 11, 0),
(12, 11, 'test', 'test', 'test', 'test', 'test', 'test', 'test', 'test', '2020-05-11 11:24:32', 11, '2020-05-11 11:24:32', 11, 0);

-- --------------------------------------------------------

--
-- Table structure for table `jr_pqr_touchness_test`
--

DROP TABLE IF EXISTS `jr_pqr_touchness_test`;
CREATE TABLE IF NOT EXISTS `jr_pqr_touchness_test` (
  `pqr_touchness_test_id` int(11) NOT NULL AUTO_INCREMENT,
  `pqr_id` int(11) DEFAULT NULL,
  `touchness_specimen_no` varchar(50) DEFAULT NULL,
  `notch_location` varchar(50) DEFAULT NULL,
  `notch_type` varchar(50) DEFAULT NULL,
  `test_temp` varchar(50) DEFAULT NULL,
  `impact_values` varchar(50) DEFAULT NULL,
  `lateral_exp_shear` varchar(50) DEFAULT NULL,
  `lateral_exp_mils` varchar(50) DEFAULT NULL,
  `drop_break` varchar(50) DEFAULT NULL,
  `drop_no_break` varchar(50) DEFAULT NULL,
  `createOn` datetime DEFAULT NULL,
  `createBy` int(11) DEFAULT NULL,
  `updateOn` datetime DEFAULT NULL,
  `updateBy` int(11) DEFAULT NULL,
  `pqr_touchness_show_status` int(11) DEFAULT 0,
  PRIMARY KEY (`pqr_touchness_test_id`)
) ENGINE=MyISAM AUTO_INCREMENT=7 DEFAULT CHARSET=latin1;

--
-- Dumping data for table `jr_pqr_touchness_test`
--

INSERT INTO `jr_pqr_touchness_test` (`pqr_touchness_test_id`, `pqr_id`, `touchness_specimen_no`, `notch_location`, `notch_type`, `test_temp`, `impact_values`, `lateral_exp_shear`, `lateral_exp_mils`, `drop_break`, `drop_no_break`, `createOn`, `createBy`, `updateOn`, `updateBy`, `pqr_touchness_show_status`) VALUES
(5, 10, 'test', 'test', 'test', 'test', 'test', 'test', 'test', 'test', 'test', '2020-05-11 11:16:07', 11, '2020-05-11 11:16:07', 11, 0),
(6, 11, 'test', 'test', 'test', 'test', 'test', 'test', 'test', 'test', 'test', '2020-05-11 11:24:32', 11, '2020-05-11 11:24:32', 11, 0);

-- --------------------------------------------------------

--
-- Table structure for table `jr_process`
--

DROP TABLE IF EXISTS `jr_process`;
CREATE TABLE IF NOT EXISTS `jr_process` (
  `process_id` int(11) NOT NULL AUTO_INCREMENT,
  `process_name` varchar(100) NOT NULL,
  `process_show_status` int(11) NOT NULL DEFAULT 1,
  `createOn` datetime NOT NULL,
  `createBy` int(11) NOT NULL,
  `updateOn` datetime NOT NULL,
  `updateBy` int(11) NOT NULL,
  PRIMARY KEY (`process_id`)
) ENGINE=MyISAM AUTO_INCREMENT=5 DEFAULT CHARSET=latin1;

--
-- Dumping data for table `jr_process`
--

INSERT INTO `jr_process` (`process_id`, `process_name`, `process_show_status`, `createOn`, `createBy`, `updateOn`, `updateBy`) VALUES
(2, 'GTAW', 1, '2020-04-05 15:51:16', 11, '2020-04-05 15:51:16', 11),
(3, 'testprocess', 1, '2020-06-25 12:01:36', 11, '2020-06-25 12:01:36', 11),
(4, 'process test 1', 1, '2020-07-18 21:15:26', 11, '2020-07-18 21:15:26', 11);

-- --------------------------------------------------------

--
-- Table structure for table `jr_project`
--

DROP TABLE IF EXISTS `jr_project`;
CREATE TABLE IF NOT EXISTS `jr_project` (
  `project_id` int(11) NOT NULL AUTO_INCREMENT,
  `project_no` varchar(255) NOT NULL,
  `project_name` varchar(250) NOT NULL,
  `project_client_name` int(11) NOT NULL,
  `project_request_number` varchar(255) NOT NULL,
  `project_representative_name` varchar(255) NOT NULL,
  `project_representative_contact_no` varchar(50) NOT NULL,
  `project_representative_alternate_contact_no` varchar(50) NOT NULL,
  `project_representative_email` varchar(100) NOT NULL,
  `project_show_status` int(11) NOT NULL DEFAULT 1,
  `project_createOn` datetime NOT NULL,
  `project_createBy` int(11) NOT NULL,
  `project_updateOn` datetime NOT NULL,
  `project_updateBy` int(11) NOT NULL,
  PRIMARY KEY (`project_id`),
  KEY `project_client_name_ftfsk` (`project_client_name`)
) ENGINE=MyISAM AUTO_INCREMENT=4 DEFAULT CHARSET=latin1;

--
-- Dumping data for table `jr_project`
--

INSERT INTO `jr_project` (`project_id`, `project_no`, `project_name`, `project_client_name`, `project_request_number`, `project_representative_name`, `project_representative_contact_no`, `project_representative_alternate_contact_no`, `project_representative_email`, `project_show_status`, `project_createOn`, `project_createBy`, `project_updateOn`, `project_updateBy`) VALUES
(2, 'TF890009809', 'project', 1, '', '', '', '', '', 1, '2019-03-16 01:20:46', 11, '2019-03-16 21:05:47', 11),
(3, 'P55345', 'Project2', 2, '545353453', '', '', '', '', 1, '2019-09-22 10:39:59', 11, '2019-09-22 10:39:59', 11);

-- --------------------------------------------------------

--
-- Table structure for table `jr_radiographer_first`
--

DROP TABLE IF EXISTS `jr_radiographer_first`;
CREATE TABLE IF NOT EXISTS `jr_radiographer_first` (
  `radiographer_first_id` int(11) NOT NULL AUTO_INCREMENT,
  `radiographer_first_name` varchar(100) NOT NULL,
  `radiographer_first_show_status` int(11) NOT NULL DEFAULT 1,
  `radiographer_first_createOn` datetime NOT NULL,
  `radiographer_first_createBy` int(11) NOT NULL,
  `radiographer_first_updateOn` datetime NOT NULL,
  `radiographer_first_updateBy` int(11) NOT NULL,
  PRIMARY KEY (`radiographer_first_id`)
) ENGINE=MyISAM AUTO_INCREMENT=2 DEFAULT CHARSET=latin1;

--
-- Dumping data for table `jr_radiographer_first`
--

INSERT INTO `jr_radiographer_first` (`radiographer_first_id`, `radiographer_first_name`, `radiographer_first_show_status`, `radiographer_first_createOn`, `radiographer_first_createBy`, `radiographer_first_updateOn`, `radiographer_first_updateBy`) VALUES
(1, 'DEEPU', 1, '2019-12-15 18:19:18', 11, '2019-12-15 18:22:42', 11);

-- --------------------------------------------------------

--
-- Table structure for table `jr_radiographer_second`
--

DROP TABLE IF EXISTS `jr_radiographer_second`;
CREATE TABLE IF NOT EXISTS `jr_radiographer_second` (
  `radiographer_second_id` int(11) NOT NULL AUTO_INCREMENT,
  `radiographer_second_name` varchar(100) NOT NULL,
  `radiographer_second_show_status` int(11) NOT NULL DEFAULT 1,
  `radiographer_second_createOn` datetime NOT NULL,
  `radiographer_second_createBy` int(11) NOT NULL,
  `radiographer_second_updateOn` datetime NOT NULL,
  `radiographer_second_updateBy` int(11) NOT NULL,
  PRIMARY KEY (`radiographer_second_id`)
) ENGINE=MyISAM AUTO_INCREMENT=5 DEFAULT CHARSET=latin1;

--
-- Dumping data for table `jr_radiographer_second`
--

INSERT INTO `jr_radiographer_second` (`radiographer_second_id`, `radiographer_second_name`, `radiographer_second_show_status`, `radiographer_second_createOn`, `radiographer_second_createBy`, `radiographer_second_updateOn`, `radiographer_second_updateBy`) VALUES
(4, 'Tikka', 1, '2019-12-15 18:23:31', 11, '2019-12-15 18:23:38', 11);

-- --------------------------------------------------------

--
-- Table structure for table `jr_radiographer_third`
--

DROP TABLE IF EXISTS `jr_radiographer_third`;
CREATE TABLE IF NOT EXISTS `jr_radiographer_third` (
  `radiographer_third_id` int(11) NOT NULL AUTO_INCREMENT,
  `radiographer_third_name` varchar(100) NOT NULL,
  `radiographer_third_show_status` int(11) NOT NULL DEFAULT 1,
  `radiographer_third_createOn` datetime NOT NULL,
  `radiographer_third_createBy` int(11) NOT NULL,
  `radiographer_third_updateOn` datetime NOT NULL,
  `radiographer_third_updateBy` int(11) NOT NULL,
  PRIMARY KEY (`radiographer_third_id`)
) ENGINE=MyISAM AUTO_INCREMENT=5 DEFAULT CHARSET=latin1;

--
-- Dumping data for table `jr_radiographer_third`
--

INSERT INTO `jr_radiographer_third` (`radiographer_third_id`, `radiographer_third_name`, `radiographer_third_show_status`, `radiographer_third_createOn`, `radiographer_third_createBy`, `radiographer_third_updateOn`, `radiographer_third_updateBy`) VALUES
(4, 'test', 1, '2019-12-15 18:24:31', 11, '2019-12-15 18:24:37', 11);

-- --------------------------------------------------------

--
-- Table structure for table `jr_radiographic_abbreviation`
--

DROP TABLE IF EXISTS `jr_radiographic_abbreviation`;
CREATE TABLE IF NOT EXISTS `jr_radiographic_abbreviation` (
  `radiographic_abbreviation_id` int(11) NOT NULL AUTO_INCREMENT,
  `radiographic_abbreviation_name` varchar(100) NOT NULL,
  `radiographic_abbreviation_show_status` int(11) NOT NULL DEFAULT 1,
  `radiographic_abbreviation_createOn` datetime NOT NULL,
  `radiographic_abbreviation_createBy` int(11) NOT NULL,
  `radiographic_abbreviation_updateOn` datetime NOT NULL,
  `radiographic_abbreviation_updateBy` int(11) NOT NULL,
  PRIMARY KEY (`radiographic_abbreviation_id`)
) ENGINE=MyISAM AUTO_INCREMENT=5 DEFAULT CHARSET=latin1;

--
-- Dumping data for table `jr_radiographic_abbreviation`
--

INSERT INTO `jr_radiographic_abbreviation` (`radiographic_abbreviation_id`, `radiographic_abbreviation_name`, `radiographic_abbreviation_show_status`, `radiographic_abbreviation_createOn`, `radiographic_abbreviation_createBy`, `radiographic_abbreviation_updateOn`, `radiographic_abbreviation_updateBy`) VALUES
(4, 'PO-Porosity', 1, '2019-12-15 21:47:36', 11, '2019-12-15 21:47:45', 11);

-- --------------------------------------------------------

--
-- Table structure for table `jr_report_template`
--

DROP TABLE IF EXISTS `jr_report_template`;
CREATE TABLE IF NOT EXISTS `jr_report_template` (
  `report_template_id` int(11) NOT NULL AUTO_INCREMENT,
  `report_template_name` varchar(255) NOT NULL,
  `report_template_show_status` int(11) NOT NULL DEFAULT 1,
  `report_template_createOn` datetime NOT NULL,
  `report_template_createBy` int(11) NOT NULL,
  `report_template_updateOn` datetime NOT NULL,
  `report_template_updateBy` int(11) NOT NULL,
  PRIMARY KEY (`report_template_id`)
) ENGINE=MyISAM AUTO_INCREMENT=6 DEFAULT CHARSET=latin1;

--
-- Dumping data for table `jr_report_template`
--

INSERT INTO `jr_report_template` (`report_template_id`, `report_template_name`, `report_template_show_status`, `report_template_createOn`, `report_template_createBy`, `report_template_updateOn`, `report_template_updateBy`) VALUES
(1, 'Default', 0, '2019-01-05 11:43:20', 11, '2019-01-05 11:43:20', 11),
(2, 'With 6 Rows', 0, '2019-01-05 11:43:20', 11, '2019-01-05 11:43:20', 11),
(3, 'ASME SEC IX', 1, '2019-01-05 11:43:20', 11, '2019-01-05 11:43:20', 11),
(4, 'API 1104', 1, '2019-01-05 11:43:20', 11, '2019-01-05 11:43:20', 11),
(5, 'AWS D1.1', 1, '2019-01-05 11:43:20', 11, '2019-01-05 11:43:20', 11);

-- --------------------------------------------------------

--
-- Table structure for table `jr_rt_procedure`
--

DROP TABLE IF EXISTS `jr_rt_procedure`;
CREATE TABLE IF NOT EXISTS `jr_rt_procedure` (
  `rt_procedure_id` int(11) NOT NULL AUTO_INCREMENT,
  `rt_procedure_name` varchar(100) NOT NULL,
  `rt_procedure_show_status` int(11) NOT NULL DEFAULT 1,
  `rt_procedure_createOn` datetime NOT NULL,
  `rt_procedure_createBy` int(11) NOT NULL,
  `rt_procedure_updateOn` datetime NOT NULL,
  `rt_procedure_updateBy` int(11) NOT NULL,
  PRIMARY KEY (`rt_procedure_id`)
) ENGINE=MyISAM AUTO_INCREMENT=4 DEFAULT CHARSET=latin1;

--
-- Dumping data for table `jr_rt_procedure`
--

INSERT INTO `jr_rt_procedure` (`rt_procedure_id`, `rt_procedure_name`, `rt_procedure_show_status`, `rt_procedure_createOn`, `rt_procedure_createBy`, `rt_procedure_updateOn`, `rt_procedure_updateBy`) VALUES
(3, 'DICL', 1, '2019-12-15 16:21:46', 11, '2019-12-15 16:21:46', 11);

-- --------------------------------------------------------

--
-- Table structure for table `jr_services`
--

DROP TABLE IF EXISTS `jr_services`;
CREATE TABLE IF NOT EXISTS `jr_services` (
  `services_id` int(11) NOT NULL AUTO_INCREMENT,
  `services_name` varchar(255) NOT NULL,
  `services_show_status` int(11) NOT NULL DEFAULT 1,
  `services_createOn` datetime NOT NULL,
  `services_createBy` int(11) NOT NULL,
  `services_updateOn` datetime NOT NULL,
  `services_updateBy` int(11) NOT NULL,
  PRIMARY KEY (`services_id`)
) ENGINE=MyISAM AUTO_INCREMENT=3 DEFAULT CHARSET=latin1;

--
-- Dumping data for table `jr_services`
--

INSERT INTO `jr_services` (`services_id`, `services_name`, `services_show_status`, `services_createOn`, `services_createBy`, `services_updateOn`, `services_updateBy`) VALUES
(1, 'ARAMCO', 1, '2019-01-05 11:43:20', 11, '2019-01-05 11:43:20', 11),
(2, 'ATF ', 1, '2019-01-05 11:43:20', 11, '2019-01-05 11:43:20', 11);

-- --------------------------------------------------------

--
-- Table structure for table `jr_sfa`
--

DROP TABLE IF EXISTS `jr_sfa`;
CREATE TABLE IF NOT EXISTS `jr_sfa` (
  `sfa_id` int(11) NOT NULL AUTO_INCREMENT,
  `sfa_name` varchar(100) NOT NULL,
  `sfa_show_status` int(11) NOT NULL DEFAULT 1,
  `createOn` datetime NOT NULL,
  `createBy` int(11) NOT NULL,
  `updateOn` datetime NOT NULL,
  `updateBy` int(11) NOT NULL,
  PRIMARY KEY (`sfa_id`)
) ENGINE=MyISAM AUTO_INCREMENT=2 DEFAULT CHARSET=latin1;

--
-- Dumping data for table `jr_sfa`
--

INSERT INTO `jr_sfa` (`sfa_id`, `sfa_name`, `sfa_show_status`, `createOn`, `createBy`, `updateOn`, `updateBy`) VALUES
(1, 'SFA ONE', 1, '2020-03-14 19:29:35', 11, '2020-03-14 19:29:43', 11);

-- --------------------------------------------------------

--
-- Table structure for table `jr_staffs`
--

DROP TABLE IF EXISTS `jr_staffs`;
CREATE TABLE IF NOT EXISTS `jr_staffs` (
  `staffs_id` int(11) NOT NULL AUTO_INCREMENT,
  `user_id` int(11) UNSIGNED NOT NULL,
  `staffs_employee_id` varchar(255) NOT NULL,
  `staffs_employee_name` varchar(255) NOT NULL,
  `staffs_employee_middle_name` varchar(255) NOT NULL,
  `staffs_employee_last_name` varchar(255) NOT NULL,
  `staffs_designation` int(11) NOT NULL,
  `staffs_gender` enum('Male','Female') NOT NULL,
  `staffs_dob` date NOT NULL,
  `staffs_doj` date NOT NULL,
  `staffs_phone_number` varchar(25) NOT NULL,
  `staffs_home_phone_number` varchar(15) NOT NULL,
  `staffs_mobile_phone_number` varchar(15) NOT NULL,
  `staffs_email` varchar(60) NOT NULL,
  `staffs_alternative_email` varchar(60) NOT NULL,
  `staffs_passport_no` varchar(255) NOT NULL,
  `staffs_passport_expiry_date` date NOT NULL,
  `staffs_passport_attachment` varchar(255) NOT NULL,
  `staffs_nationality` varchar(255) NOT NULL,
  `staffs_address` varchar(255) NOT NULL,
  `staffs_home_address` varchar(255) NOT NULL,
  `staffs_iqama_number` varchar(255) NOT NULL,
  `staffs_iqama_expairye_date` date NOT NULL,
  `staffs_iqama_attachment` varchar(255) NOT NULL,
  `staffs_emplove_cv` varchar(255) NOT NULL,
  `staffs_resigned_date` date NOT NULL,
  `staffs_resigned_reason` text NOT NULL,
  `staffs_resigned_attachment` varchar(255) NOT NULL,
  `staffs_department` varchar(255) NOT NULL,
  `staffs_CWI_body` text NOT NULL,
  `staffs_CWI` varchar(255) NOT NULL,
  `staffs_CWI_no` varchar(255) NOT NULL,
  `staffs_CWI_issued_date` date NOT NULL,
  `staffs_CWI_date` date NOT NULL,
  `staffs_cwi_attachment` varchar(255) NOT NULL,
  `staffs_photo` varchar(255) NOT NULL,
  `staffs_certificate_no` varchar(100) NOT NULL,
  `staffs_expiry_date` date NOT NULL,
  `staffs_certificate_issued_by` varchar(255) NOT NULL,
  `staffs_certificate_attachment` varchar(255) NOT NULL,
  `staffs_attachment` varchar(255) NOT NULL,
  `staffs_show_status` int(11) NOT NULL DEFAULT 1,
  `staffs_createOn` datetime NOT NULL,
  `staffs_createBy` int(11) NOT NULL,
  `staffs_updateOn` datetime NOT NULL,
  `staffs_updateBy` int(11) NOT NULL,
  PRIMARY KEY (`staffs_id`),
  KEY `staffs_designation` (`staffs_designation`),
  KEY `user_id` (`user_id`)
) ENGINE=MyISAM AUTO_INCREMENT=4 DEFAULT CHARSET=latin1;

--
-- Dumping data for table `jr_staffs`
--

INSERT INTO `jr_staffs` (`staffs_id`, `user_id`, `staffs_employee_id`, `staffs_employee_name`, `staffs_employee_middle_name`, `staffs_employee_last_name`, `staffs_designation`, `staffs_gender`, `staffs_dob`, `staffs_doj`, `staffs_phone_number`, `staffs_home_phone_number`, `staffs_mobile_phone_number`, `staffs_email`, `staffs_alternative_email`, `staffs_passport_no`, `staffs_passport_expiry_date`, `staffs_passport_attachment`, `staffs_nationality`, `staffs_address`, `staffs_home_address`, `staffs_iqama_number`, `staffs_iqama_expairye_date`, `staffs_iqama_attachment`, `staffs_emplove_cv`, `staffs_resigned_date`, `staffs_resigned_reason`, `staffs_resigned_attachment`, `staffs_department`, `staffs_CWI_body`, `staffs_CWI`, `staffs_CWI_no`, `staffs_CWI_issued_date`, `staffs_CWI_date`, `staffs_cwi_attachment`, `staffs_photo`, `staffs_certificate_no`, `staffs_expiry_date`, `staffs_certificate_issued_by`, `staffs_certificate_attachment`, `staffs_attachment`, `staffs_show_status`, `staffs_createOn`, `staffs_createBy`, `staffs_updateOn`, `staffs_updateBy`) VALUES
(1, 32, '54355435', 'Demo', 'user', 'user2', 1, 'Male', '1994-07-03', '2019-09-01', '0442252222', '414552266', '8675490094', 'demouser@gmail.com1', '', 'IW345905', '2020-06-16', '~cdn/passportAttachmentStaffs/envato-logo4.png', 'Indian', 'test', 'test2', 'IQMA54545', '2019-11-21', '~cdn/iqamaAttachmentStaffs/signature4.png', '~cdn/emploveCVvStaffs/jegatheesh_fire_134.pdf', '2019-09-27', 'Resigned Reason', '~cdn/resignedAttachmentStaffs/jegatheesh_fire_123.pdf', '', '1', '', 'CDE454534', '2019-09-02', '2019-10-17', '~cdn/cwiAttachmentStaffs/jegatheesh_fire_12.pdf', '~cdn/photoStaffs/profile-menu-image6.png', 'VCD5454555', '2019-10-24', 'Sha', '~cdn/certificateAttachmentStaffs/jegatheesh_fire_124.pdf', '', 1, '2019-09-22 09:51:11', 11, '2019-10-06 12:27:42', 11),
(2, 33, '54355435', 'demo2', 'user2', 'use2', 1, 'Female', '2019-09-23', '2019-09-09', '65646646', '8455225666', '8675490094', 'demouser2@gmail.com', '', 'ERR33455', '2019-09-23', '~cdn/passportAttachmentStaffs/jegatheesh_fire_13.pdf', 'indian', 'test2', 'test3', '5435IQMS', '2019-09-11', '~cdn/iqamaAttachmentStaffs/rubansign.jpg', '~cdn/emploveCVvStaffs/jegatheesh_fire_12.pdf', '2019-09-12', 'Resigned Reason22', '~cdn/resignedAttachmentStaffs/jegatheesh_fire_13.pdf', '', '1', '3', '5453453', '2019-09-27', '2019-09-28', '~cdn/cwiAttachmentStaffs/jegatheesh_fire_13.pdf', '~cdn/photoStaffs/profile-menu-image7.png', '5455525', '2019-09-28', 'sa', '~cdn/certificateAttachmentStaffs/jegatheesh_fire_125.pdf', '', 1, '2019-09-22 10:35:29', 11, '2019-10-06 14:09:07', 11),
(3, 11, '54355435', 'Demo11111', 'user', 'user2', 1, 'Male', '1994-07-03', '2019-09-01', '0442252222', '414552266', '8675490094', 'demouser1@gmail.com1', '', 'IW345905', '2020-06-16', '', '', '', '', '', '2019-10-02', '', '', '2019-10-16', '', '', '', '', '', '', '2019-10-30', '2019-10-25', '', '', '', '2019-10-03', '', '', '', 1, '2019-09-22 09:51:11', 11, '2019-09-22 09:51:11', 11);

-- --------------------------------------------------------

--
-- Table structure for table `jr_staffs_attachement`
--

DROP TABLE IF EXISTS `jr_staffs_attachement`;
CREATE TABLE IF NOT EXISTS `jr_staffs_attachement` (
  `attachement_staffs_id` int(11) NOT NULL AUTO_INCREMENT,
  `user_id` int(11) UNSIGNED NOT NULL,
  `staffs_attachement_type_name` varchar(255) NOT NULL,
  `staffs_attachement_file_name` varchar(255) NOT NULL,
  `staffs_attachement_file_size` varchar(255) NOT NULL,
  `staffs_attachement_file_type` varchar(255) NOT NULL,
  `staffs_attachement_show_status` int(11) NOT NULL DEFAULT 1,
  `staffs_attachement_createOn` datetime NOT NULL,
  `staffs_attachement_createBy` int(11) NOT NULL,
  `staffs_attachement_updateOn` datetime NOT NULL,
  `staffs_attachement_updateBy` int(11) NOT NULL,
  PRIMARY KEY (`attachement_staffs_id`),
  KEY `jr_users_ftsk_attachment` (`user_id`)
) ENGINE=MyISAM DEFAULT CHARSET=latin1;

-- --------------------------------------------------------

--
-- Table structure for table `jr_staffs_menu_module`
--

DROP TABLE IF EXISTS `jr_staffs_menu_module`;
CREATE TABLE IF NOT EXISTS `jr_staffs_menu_module` (
  `module_id` int(11) NOT NULL,
  `user_id` int(11) UNSIGNED NOT NULL,
  `page_id` int(11) NOT NULL,
  KEY `user_id` (`user_id`)
) ENGINE=MyISAM DEFAULT CHARSET=latin1;

-- --------------------------------------------------------

--
-- Table structure for table `jr_status`
--

DROP TABLE IF EXISTS `jr_status`;
CREATE TABLE IF NOT EXISTS `jr_status` (
  `status_id` int(11) NOT NULL AUTO_INCREMENT,
  `status_name` varchar(255) NOT NULL,
  `status_show_status` int(11) NOT NULL DEFAULT 1,
  `status_createOn` datetime NOT NULL,
  `status_createBy` int(11) NOT NULL,
  `status_updateOn` datetime NOT NULL,
  `status_updateBy` int(11) NOT NULL,
  PRIMARY KEY (`status_id`)
) ENGINE=MyISAM AUTO_INCREMENT=4 DEFAULT CHARSET=latin1;

--
-- Dumping data for table `jr_status`
--

INSERT INTO `jr_status` (`status_id`, `status_name`, `status_show_status`, `status_createOn`, `status_createBy`, `status_updateOn`, `status_updateBy`) VALUES
(1, 'Active', 1, '2019-01-05 11:43:20', 11, '2019-01-05 11:43:20', 11),
(2, 'InActive', 1, '2019-01-05 11:43:20', 11, '2019-01-05 11:43:20', 11),
(3, 'Discarded', 1, '2019-01-05 11:43:20', 11, '2019-01-05 11:43:20', 11);

-- --------------------------------------------------------

--
-- Table structure for table `jr_testresult`
--

DROP TABLE IF EXISTS `jr_testresult`;
CREATE TABLE IF NOT EXISTS `jr_testresult` (
  `tr_id` int(11) NOT NULL AUTO_INCREMENT,
  `tr_name` varchar(255) NOT NULL,
  `tr_show_status` int(11) NOT NULL DEFAULT 1,
  `tr_createOn` datetime NOT NULL,
  `tr_createBy` int(11) NOT NULL,
  `tr_updateOn` datetime NOT NULL,
  `tr_updateBy` int(11) NOT NULL,
  PRIMARY KEY (`tr_id`)
) ENGINE=MyISAM AUTO_INCREMENT=3 DEFAULT CHARSET=latin1;

--
-- Dumping data for table `jr_testresult`
--

INSERT INTO `jr_testresult` (`tr_id`, `tr_name`, `tr_show_status`, `tr_createOn`, `tr_createBy`, `tr_updateOn`, `tr_updateBy`) VALUES
(1, 'Accepted', 1, '2019-01-01 00:00:00', 11, '2019-01-01 00:00:00', 11),
(2, 'Rejected', 1, '2019-01-01 00:00:00', 11, '2019-01-01 00:00:00', 11);

-- --------------------------------------------------------

--
-- Table structure for table `jr_type`
--

DROP TABLE IF EXISTS `jr_type`;
CREATE TABLE IF NOT EXISTS `jr_type` (
  `type_id` int(11) NOT NULL AUTO_INCREMENT,
  `type_name` varchar(100) NOT NULL,
  `type_show_status` int(11) NOT NULL DEFAULT 1,
  `createOn` datetime NOT NULL,
  `createBy` int(11) NOT NULL,
  `updateOn` datetime NOT NULL,
  `updateBy` int(11) NOT NULL,
  PRIMARY KEY (`type_id`)
) ENGINE=MyISAM AUTO_INCREMENT=5 DEFAULT CHARSET=latin1;

--
-- Dumping data for table `jr_type`
--

INSERT INTO `jr_type` (`type_id`, `type_name`, `type_show_status`, `createOn`, `createBy`, `updateOn`, `updateBy`) VALUES
(1, 'Manual', 1, '2020-03-12 21:12:08', 11, '2020-03-14 19:34:18', 11),
(2, 'Automatic', 1, '2020-03-14 19:34:36', 11, '2020-03-14 19:38:14', 11),
(3, 'Semi-Auto', 1, '2020-03-14 19:34:50', 11, '2020-03-14 19:34:50', 11);

-- --------------------------------------------------------

--
-- Table structure for table `jr_welder`
--

DROP TABLE IF EXISTS `jr_welder`;
CREATE TABLE IF NOT EXISTS `jr_welder` (
  `welder_id` int(11) NOT NULL AUTO_INCREMENT,
  `welder_name` varchar(100) NOT NULL,
  `welder_show_status` int(11) NOT NULL DEFAULT 1,
  `createOn` datetime NOT NULL,
  `createBy` int(11) NOT NULL,
  `updateOn` datetime NOT NULL,
  `updateBy` int(11) NOT NULL,
  PRIMARY KEY (`welder_id`)
) ENGINE=MyISAM AUTO_INCREMENT=2 DEFAULT CHARSET=latin1;

--
-- Dumping data for table `jr_welder`
--

INSERT INTO `jr_welder` (`welder_id`, `welder_name`, `welder_show_status`, `createOn`, `createBy`, `updateOn`, `updateBy`) VALUES
(1, 'Welder one', 1, '2020-03-14 14:00:10', 11, '2020-03-14 14:00:16', 11);

-- --------------------------------------------------------

--
-- Table structure for table `jr_welder1`
--

DROP TABLE IF EXISTS `jr_welder1`;
CREATE TABLE IF NOT EXISTS `jr_welder1` (
  `welder_id` int(11) NOT NULL AUTO_INCREMENT,
  `batchID` int(11) NOT NULL,
  `welder_first_name` varchar(255) NOT NULL,
  `welder_middle_name` varchar(255) NOT NULL,
  `welder_last_name` varchar(255) NOT NULL,
  `welder_ref_no` varchar(255) NOT NULL,
  `welder_test_no` varchar(250) NOT NULL,
  `welder_no` varchar(250) NOT NULL,
  `welder_photo` varchar(250) DEFAULT NULL,
  `welder_iqama_no` varchar(250) NOT NULL,
  `welder_show_status` int(11) NOT NULL DEFAULT 1,
  `welder_createOn` datetime NOT NULL,
  `welder_createBy` int(11) NOT NULL,
  `welder_updateOn` datetime NOT NULL,
  `welder_updateBy` int(11) NOT NULL,
  PRIMARY KEY (`welder_id`),
  KEY `jr_welder_ftfsk_id` (`batchID`)
) ENGINE=MyISAM AUTO_INCREMENT=5 DEFAULT CHARSET=latin1;

--
-- Dumping data for table `jr_welder1`
--

INSERT INTO `jr_welder1` (`welder_id`, `batchID`, `welder_first_name`, `welder_middle_name`, `welder_last_name`, `welder_ref_no`, `welder_test_no`, `welder_no`, `welder_photo`, `welder_iqama_no`, `welder_show_status`, `welder_createOn`, `welder_createBy`, `welder_updateOn`, `welder_updateBy`) VALUES
(4, 1, 'df', 'df', 'dda', 'DIM-2020-346', '3214', '23', NULL, '', 1, '2020-02-04 23:18:55', 11, '2020-02-04 23:18:55', 11);

-- --------------------------------------------------------

--
-- Table structure for table `jr_welderdetails`
--

DROP TABLE IF EXISTS `jr_welderdetails`;
CREATE TABLE IF NOT EXISTS `jr_welderdetails` (
  `batch_welderDetails_id` int(11) NOT NULL AUTO_INCREMENT,
  `batchID` int(11) NOT NULL,
  `welderDetails_code` int(11) NOT NULL,
  `welderDetails_welding_process1` int(11) NOT NULL,
  `welderDetails_welding_process2` int(11) NOT NULL,
  `welderDetails_position` int(11) NOT NULL,
  `welderDetails_vertical_progression` int(11) NOT NULL,
  `welderDetails_backing` enum('Yes','No') NOT NULL DEFAULT 'Yes',
  `welderDetails_base_metal_spec` varchar(255) NOT NULL,
  `welderDetails_pNumber` varchar(255) NOT NULL,
  `welderDetails_pipe_thickness` varchar(255) NOT NULL,
  `welderDetails_pipe_diaMeter` varchar(255) NOT NULL,
  `welderDetails_plate_thickness` varchar(255) NOT NULL,
  `welderDetails_joint_type` varchar(255) NOT NULL,
  `welderDetails_groove_type` int(11) NOT NULL,
  `welderDetails_weld_type` varchar(255) NOT NULL,
  `welderDetails_filler_metal_spec` varchar(255) NOT NULL,
  `welderDetails_fNo` varchar(255) NOT NULL,
  `welderDetails_filler_metalDia` varchar(255) NOT NULL,
  `welderDetails_consumable_insert` enum('Yes','No') NOT NULL DEFAULT 'Yes',
  `welderDetails_penetration` int(11) NOT NULL,
  `welderDetails_currrent_polarity` int(11) NOT NULL,
  `welderDetails_shielding_gas1` varchar(255) NOT NULL,
  `welderDetails_shielding_gas2` varchar(255) NOT NULL,
  `welderDetails_shielding_gas_flow_rate` varchar(255) NOT NULL,
  `welderDetails_root_shielding_gas` varchar(255) NOT NULL,
  `welderDetails_tungsten_size` varchar(255) NOT NULL,
  `welderDetails_WQT_witnessedBy` int(11) NOT NULL,
  `welderDetails_amperage` varchar(255) NOT NULL,
  `welderDetails_thickness` varchar(255) NOT NULL,
  `welderDetails_voltage` varchar(255) NOT NULL,
  `welderDetails_electrode_class` varchar(255) NOT NULL,
  `welderDetails_authorisedBy` varchar(255) NOT NULL,
  `welderDetails_show_status` int(11) NOT NULL DEFAULT 1,
  `welderDetails_createOn` int(11) NOT NULL,
  `welderDetails_createBy` datetime NOT NULL,
  `welderDetails_updateOn` int(11) NOT NULL,
  `welderDetails_updateBy` datetime NOT NULL,
  PRIMARY KEY (`batch_welderDetails_id`),
  KEY `batchID` (`batchID`)
) ENGINE=MyISAM DEFAULT CHARSET=latin1;

-- --------------------------------------------------------

--
-- Table structure for table `jr_welderdetailscode`
--

DROP TABLE IF EXISTS `jr_welderdetailscode`;
CREATE TABLE IF NOT EXISTS `jr_welderdetailscode` (
  `welderDetailsCode_id` int(11) NOT NULL AUTO_INCREMENT,
  `welderDetailsCode_name` varchar(255) NOT NULL,
  `welderDetailsCode_show_status` int(11) NOT NULL DEFAULT 1,
  `welderDetailsCode_createOn` datetime NOT NULL,
  `welderDetailsCode_createBy` int(11) NOT NULL,
  `welderDetailsCode_updateOn` datetime NOT NULL,
  `welderDetailsCode_updateBy` int(11) NOT NULL,
  PRIMARY KEY (`welderDetailsCode_id`)
) ENGINE=MyISAM AUTO_INCREMENT=3 DEFAULT CHARSET=latin1;

--
-- Dumping data for table `jr_welderdetailscode`
--

INSERT INTO `jr_welderdetailscode` (`welderDetailsCode_id`, `welderDetailsCode_name`, `welderDetailsCode_show_status`, `welderDetailsCode_createOn`, `welderDetailsCode_createBy`, `welderDetailsCode_updateOn`, `welderDetailsCode_updateBy`) VALUES
(1, 'AWS D1.1', 1, '2019-01-05 11:43:20', 11, '2019-01-05 11:43:20', 11),
(2, 'ASME SEC IX-2017', 1, '2019-01-05 11:43:20', 11, '2019-01-05 11:43:20', 11);

-- --------------------------------------------------------

--
-- Table structure for table `jr_welderpass`
--

DROP TABLE IF EXISTS `jr_welderpass`;
CREATE TABLE IF NOT EXISTS `jr_welderpass` (
  `batch_welderPass_id` int(11) NOT NULL AUTO_INCREMENT,
  `batchID` int(11) NOT NULL,
  `welderPass_attProcess_name` varchar(255) NOT NULL,
  `welderPass_attProcess_value` varchar(255) NOT NULL,
  `welderPass_attProcessType_name` varchar(255) NOT NULL,
  `welderPass_attProcessType_value` varchar(255) NOT NULL,
  `welderPass_attPosition_name` varchar(255) NOT NULL,
  `welderPass_attPosition_value` varchar(255) NOT NULL,
  `welderPass_attPositionQul_name` varchar(255) NOT NULL,
  `welderPass_attPositionQul_value` varchar(255) NOT NULL,
  `welderPass_attJointType_name` varchar(255) NOT NULL,
  `welderPass_attJointType_value` varchar(255) NOT NULL,
  `welderPass_attTestThickness_name` varchar(255) NOT NULL,
  `welderPass_attTestThickness_value` varchar(255) NOT NULL,
  `welderPass_attTestDia_name` varchar(255) NOT NULL,
  `welderPass_attTestDia_value` varchar(255) NOT NULL,
  `welderPass_attRangeQul_name` varchar(255) NOT NULL,
  `welderPass_attRangeQul_value` varchar(255) NOT NULL,
  `welderPass_attPGrpNo_name` varchar(255) NOT NULL,
  `welderPass_attPGrpNo_value` varchar(255) NOT NULL,
  `welderPass_attElectrodeClass_name` varchar(255) NOT NULL,
  `welderPass_attElectrodeClass_value` varchar(255) NOT NULL,
  `welderPass_attFNo_name` varchar(255) NOT NULL,
  `welderPass_attFNo_value` varchar(255) NOT NULL,
  `welderPass_attContractorRep_name` varchar(255) NOT NULL,
  `welderPass_attBacking_name` varchar(255) NOT NULL,
  `welderPass_attBacking_value` varchar(255) NOT NULL,
  `welderPass_show_status` int(11) NOT NULL DEFAULT 1,
  `welderPass_createOn` int(11) NOT NULL,
  `welderPass_createBy` datetime NOT NULL,
  `welderPass_updateOn` int(11) NOT NULL,
  `welderPass_updateBy` datetime NOT NULL,
  PRIMARY KEY (`batch_welderPass_id`),
  KEY `batchID` (`batchID`)
) ENGINE=MyISAM DEFAULT CHARSET=latin1;

-- --------------------------------------------------------

--
-- Table structure for table `jr_welder_attachement`
--

DROP TABLE IF EXISTS `jr_welder_attachement`;
CREATE TABLE IF NOT EXISTS `jr_welder_attachement` (
  `attachement_welder_id` int(11) NOT NULL AUTO_INCREMENT,
  `welderID` int(11) NOT NULL,
  `attachement_type_name` varchar(255) NOT NULL,
  `attachement_file_name` varchar(255) NOT NULL,
  `attachement_file_size` varchar(255) NOT NULL,
  `attachement_file_type` varchar(255) NOT NULL,
  `attachement_show_status` int(11) NOT NULL DEFAULT 1,
  `attachement_createOn` datetime NOT NULL,
  `attachement_createBy` int(11) NOT NULL,
  `attachement_updateOn` datetime NOT NULL,
  `attachement_updateBy` int(11) NOT NULL,
  PRIMARY KEY (`attachement_welder_id`),
  KEY `welder_id` (`welderID`)
) ENGINE=MyISAM DEFAULT CHARSET=latin1;

-- --------------------------------------------------------

--
-- Table structure for table `jr_welder_ndt`
--

DROP TABLE IF EXISTS `jr_welder_ndt`;
CREATE TABLE IF NOT EXISTS `jr_welder_ndt` (
  `ndt_welder_id` int(11) NOT NULL AUTO_INCREMENT,
  `welderID` int(11) NOT NULL,
  `ndt_type` int(11) NOT NULL,
  `ndt_technician_name` varchar(255) NOT NULL,
  `ndt_date` date NOT NULL,
  `ndt_report_no` varchar(255) NOT NULL,
  `ndt_issued_date` date NOT NULL,
  `ndt_test_result` int(11) NOT NULL,
  `ndt_remarks` text NOT NULL,
  `ndt_show_status` int(11) NOT NULL DEFAULT 1,
  `ndt_createOn` datetime NOT NULL,
  `ndt_createBy` int(11) NOT NULL,
  `ndt_updateOn` datetime NOT NULL,
  `ndt_updateBy` int(11) NOT NULL,
  PRIMARY KEY (`ndt_welder_id`),
  KEY `welder_id` (`welderID`)
) ENGINE=MyISAM AUTO_INCREMENT=2 DEFAULT CHARSET=latin1;

--
-- Dumping data for table `jr_welder_ndt`
--

INSERT INTO `jr_welder_ndt` (`ndt_welder_id`, `welderID`, `ndt_type`, `ndt_technician_name`, `ndt_date`, `ndt_report_no`, `ndt_issued_date`, `ndt_test_result`, `ndt_remarks`, `ndt_show_status`, `ndt_createOn`, `ndt_createBy`, `ndt_updateOn`, `ndt_updateBy`) VALUES
(1, 4, 1, '', '0000-00-00', '', '0000-00-00', 0, '', 1, '2020-02-04 23:20:13', 11, '2020-02-04 23:20:13', 11);

-- --------------------------------------------------------

--
-- Table structure for table `jr_welder_vi`
--

DROP TABLE IF EXISTS `jr_welder_vi`;
CREATE TABLE IF NOT EXISTS `jr_welder_vi` (
  `vi_welder_id` int(11) NOT NULL AUTO_INCREMENT,
  `welderID` int(11) NOT NULL,
  `vi_certified_welding_inspector` int(11) NOT NULL,
  `vi_weld_no` varchar(255) NOT NULL,
  `vi_weld_thickness` varchar(255) NOT NULL,
  `vi_ndt_contractor` int(11) NOT NULL,
  `vi_test_date` date NOT NULL,
  `vi_test_result` int(11) NOT NULL,
  `vi_remarks` text NOT NULL,
  `vi_show_status` int(11) NOT NULL DEFAULT 1,
  `vi_createOn` datetime NOT NULL,
  `vi_createBy` int(11) NOT NULL,
  `vi_updateOn` datetime NOT NULL,
  `vi_updateBy` int(11) NOT NULL,
  PRIMARY KEY (`vi_welder_id`),
  KEY `welder_id` (`welderID`)
) ENGINE=MyISAM AUTO_INCREMENT=2 DEFAULT CHARSET=latin1;

--
-- Dumping data for table `jr_welder_vi`
--

INSERT INTO `jr_welder_vi` (`vi_welder_id`, `welderID`, `vi_certified_welding_inspector`, `vi_weld_no`, `vi_weld_thickness`, `vi_ndt_contractor`, `vi_test_date`, `vi_test_result`, `vi_remarks`, `vi_show_status`, `vi_createOn`, `vi_createBy`, `vi_updateOn`, `vi_updateBy`) VALUES
(1, 4, 11, '', '', 0, '0000-00-00', 0, '', 1, '2020-02-04 23:20:01', 11, '2020-02-04 23:20:01', 11);

-- --------------------------------------------------------

--
-- Table structure for table `jr_weldgroovetype`
--

DROP TABLE IF EXISTS `jr_weldgroovetype`;
CREATE TABLE IF NOT EXISTS `jr_weldgroovetype` (
  `weldGrooveType_id` int(11) NOT NULL AUTO_INCREMENT,
  `weldGrooveType_name` varchar(255) NOT NULL,
  `weldGrooveType_show_status` int(11) NOT NULL DEFAULT 1,
  `weldGrooveType_createOn` datetime NOT NULL,
  `weldGrooveType_createBy` int(11) NOT NULL,
  `weldGrooveType_updateOn` datetime NOT NULL,
  `weldGrooveType_updateBy` int(11) NOT NULL,
  PRIMARY KEY (`weldGrooveType_id`)
) ENGINE=MyISAM AUTO_INCREMENT=3 DEFAULT CHARSET=latin1;

--
-- Dumping data for table `jr_weldgroovetype`
--

INSERT INTO `jr_weldgroovetype` (`weldGrooveType_id`, `weldGrooveType_name`, `weldGrooveType_show_status`, `weldGrooveType_createOn`, `weldGrooveType_createBy`, `weldGrooveType_updateOn`, `weldGrooveType_updateBy`) VALUES
(1, 'SQUARE', 1, '2019-01-05 11:43:20', 11, '2019-01-05 11:43:20', 11),
(2, 'SINGLE-BEVEL', 1, '2019-01-05 11:43:20', 11, '2019-01-05 11:43:20', 11);

-- --------------------------------------------------------

--
-- Table structure for table `jr_weldpenetration`
--

DROP TABLE IF EXISTS `jr_weldpenetration`;
CREATE TABLE IF NOT EXISTS `jr_weldpenetration` (
  `weldPenetration_id` int(11) NOT NULL AUTO_INCREMENT,
  `weldPenetration_name` varchar(255) NOT NULL,
  `weldPenetration_show_status` int(11) NOT NULL DEFAULT 1,
  `weldPenetration_createOn` datetime NOT NULL,
  `weldPenetration_createBy` int(11) NOT NULL,
  `weldPenetration_updateOn` datetime NOT NULL,
  `weldPenetration_updateBy` int(11) NOT NULL,
  PRIMARY KEY (`weldPenetration_id`)
) ENGINE=MyISAM AUTO_INCREMENT=3 DEFAULT CHARSET=latin1;

--
-- Dumping data for table `jr_weldpenetration`
--

INSERT INTO `jr_weldpenetration` (`weldPenetration_id`, `weldPenetration_name`, `weldPenetration_show_status`, `weldPenetration_createOn`, `weldPenetration_createBy`, `weldPenetration_updateOn`, `weldPenetration_updateBy`) VALUES
(1, 'CJP', 1, '2019-01-05 11:43:20', 11, '2019-01-05 11:43:20', 11),
(2, 'PJP', 1, '2019-01-05 11:43:20', 11, '2019-01-05 11:43:20', 11);

-- --------------------------------------------------------

--
-- Table structure for table `jr_weldpolarity`
--

DROP TABLE IF EXISTS `jr_weldpolarity`;
CREATE TABLE IF NOT EXISTS `jr_weldpolarity` (
  `weldPolarity_id` int(11) NOT NULL AUTO_INCREMENT,
  `weldPolarity_name` varchar(255) NOT NULL,
  `weldPolarity_show_status` int(11) NOT NULL DEFAULT 1,
  `weldPolarity_createOn` datetime NOT NULL,
  `weldPolarity_createBy` int(11) NOT NULL,
  `weldPolarity_updateOn` datetime NOT NULL,
  `weldPolarity_updateBy` int(11) NOT NULL,
  PRIMARY KEY (`weldPolarity_id`)
) ENGINE=MyISAM AUTO_INCREMENT=3 DEFAULT CHARSET=latin1;

--
-- Dumping data for table `jr_weldpolarity`
--

INSERT INTO `jr_weldpolarity` (`weldPolarity_id`, `weldPolarity_name`, `weldPolarity_show_status`, `weldPolarity_createOn`, `weldPolarity_createBy`, `weldPolarity_updateOn`, `weldPolarity_updateBy`) VALUES
(1, 'DCEN', 1, '2019-01-05 11:43:20', 11, '2019-01-05 11:43:20', 11),
(2, 'DCEP', 1, '2019-01-05 11:43:20', 11, '2019-01-05 11:43:20', 11);

-- --------------------------------------------------------

--
-- Table structure for table `jr_weldposition`
--

DROP TABLE IF EXISTS `jr_weldposition`;
CREATE TABLE IF NOT EXISTS `jr_weldposition` (
  `weldPosition_id` int(11) NOT NULL AUTO_INCREMENT,
  `weldPosition_name` varchar(255) NOT NULL,
  `weldPosition_show_status` int(11) NOT NULL DEFAULT 1,
  `weldPosition_createOn` datetime NOT NULL,
  `weldPosition_createBy` int(11) NOT NULL,
  `weldPosition_updateOn` datetime NOT NULL,
  `weldPosition_updateBy` int(11) NOT NULL,
  PRIMARY KEY (`weldPosition_id`)
) ENGINE=MyISAM AUTO_INCREMENT=3 DEFAULT CHARSET=latin1;

--
-- Dumping data for table `jr_weldposition`
--

INSERT INTO `jr_weldposition` (`weldPosition_id`, `weldPosition_name`, `weldPosition_show_status`, `weldPosition_createOn`, `weldPosition_createBy`, `weldPosition_updateOn`, `weldPosition_updateBy`) VALUES
(1, '1G', 1, '2019-01-05 11:43:20', 11, '2019-01-05 11:43:20', 11),
(2, '2G', 1, '2019-01-05 11:43:20', 11, '2019-01-05 11:43:20', 11);

-- --------------------------------------------------------

--
-- Table structure for table `jr_weldprocess`
--

DROP TABLE IF EXISTS `jr_weldprocess`;
CREATE TABLE IF NOT EXISTS `jr_weldprocess` (
  `weldProcess_id` int(11) NOT NULL AUTO_INCREMENT,
  `weldProcess_name` varchar(255) NOT NULL,
  `weldProcess_show_status` int(11) NOT NULL DEFAULT 1,
  `weldProcess_createOn` datetime NOT NULL,
  `weldProcess_createBy` int(11) NOT NULL,
  `weldProcess_updateOn` datetime NOT NULL,
  `weldProcess_updateBy` int(11) NOT NULL,
  PRIMARY KEY (`weldProcess_id`)
) ENGINE=MyISAM AUTO_INCREMENT=3 DEFAULT CHARSET=latin1;

--
-- Dumping data for table `jr_weldprocess`
--

INSERT INTO `jr_weldprocess` (`weldProcess_id`, `weldProcess_name`, `weldProcess_show_status`, `weldProcess_createOn`, `weldProcess_createBy`, `weldProcess_updateOn`, `weldProcess_updateBy`) VALUES
(1, 'SMAW', 1, '2019-01-05 11:43:20', 11, '2019-01-05 11:43:20', 11),
(2, 'GMAW-S', 1, '2019-01-05 11:43:20', 11, '2019-01-05 11:43:20', 11);

-- --------------------------------------------------------

--
-- Table structure for table `jr_weldverticalprogression`
--

DROP TABLE IF EXISTS `jr_weldverticalprogression`;
CREATE TABLE IF NOT EXISTS `jr_weldverticalprogression` (
  `weldVerticalProgression_id` int(11) NOT NULL AUTO_INCREMENT,
  `weldVerticalProgression_name` varchar(255) NOT NULL,
  `weldVerticalProgression_show_status` int(11) NOT NULL DEFAULT 1,
  `weldVerticalProgression_createOn` datetime NOT NULL,
  `weldVerticalProgression_createBy` int(11) NOT NULL,
  `weldVerticalProgression_updateOn` datetime NOT NULL,
  `weldVerticalProgression_updateBy` int(11) NOT NULL,
  PRIMARY KEY (`weldVerticalProgression_id`)
) ENGINE=MyISAM AUTO_INCREMENT=3 DEFAULT CHARSET=latin1;

--
-- Dumping data for table `jr_weldverticalprogression`
--

INSERT INTO `jr_weldverticalprogression` (`weldVerticalProgression_id`, `weldVerticalProgression_name`, `weldVerticalProgression_show_status`, `weldVerticalProgression_createOn`, `weldVerticalProgression_createBy`, `weldVerticalProgression_updateOn`, `weldVerticalProgression_updateBy`) VALUES
(1, 'UP-HILL', 1, '2019-01-05 11:43:20', 11, '2019-01-05 11:43:20', 11),
(2, 'DOWN-HILL', 1, '2019-01-05 11:43:20', 11, '2019-01-05 11:43:20', 11);

-- --------------------------------------------------------

--
-- Table structure for table `jr_wpq_static_form`
--

DROP TABLE IF EXISTS `jr_wpq_static_form`;
CREATE TABLE IF NOT EXISTS `jr_wpq_static_form` (
  `static_form_id` int(11) NOT NULL AUTO_INCREMENT,
  `staticForm_welding_variables` varchar(255) NOT NULL,
  `staticForm_quali_test` text NOT NULL,
  `staticForm_quali_range` text CHARACTER SET utf8 NOT NULL,
  `staticForm_type` enum('Textbox','radio','checkbox','hidden') NOT NULL DEFAULT 'Textbox',
  `staticForm_type_label` varchar(255) NOT NULL,
  `staticForm_type_label_value` varchar(255) NOT NULL,
  `staticForm_show_status` int(11) NOT NULL DEFAULT 1,
  PRIMARY KEY (`static_form_id`)
) ENGINE=MyISAM AUTO_INCREMENT=73 DEFAULT CHARSET=latin1;

--
-- Dumping data for table `jr_wpq_static_form`
--

INSERT INTO `jr_wpq_static_form` (`static_form_id`, `staticForm_welding_variables`, `staticForm_quali_test`, `staticForm_quali_range`, `staticForm_type`, `staticForm_type_label`, `staticForm_type_label_value`, `staticForm_show_status`) VALUES
(41, 'Welding Process(es) Type(manual, semi-auto, auto, mechanized)used', 'SMAW(Manual)', 'SMAW(Manual)', 'Textbox', '', '', 1),
(42, 'Backing(metal, weld metal, double-welded, etc)', 'With', 'With', 'Textbox', '', '', 1),
(43, 'Test Specimen (Plate/Pipe)', 'Plate', 'Pipe/Plate', 'Textbox', '', '', 1),
(44, 'Pipe / Tube Outside Diameter', 'Plate', '2 7/8\"OD & Over', 'Textbox', '', '', 1),
(45, 'Plate / Pipe Thickness', '20mm', 'Maximum to be  welded', 'Textbox', '', '', 1),
(46, 'Base Metal P-Number to P-Number/ Group to Group', 'P1-P1', 'P1-P15F,P34,P41-P49', 'Textbox', '', '', 1),
(47, 'Filler Metal or electrode specification(s) (SFA)', '5.1', '-', 'Textbox', '', '', 1),
(48, 'Filler Metal or electrode Classification', 'E7018 H4R', '-', 'Textbox', '', '', 1),
(49, 'Filler Metal F-Number(s)', 'F4', '(F1-F4)with backing', 'Textbox', '', '', 1),
(50, 'Filler Metal Diameter and Trade name', 'E7018 H4R(3.2mm)/ALLOY RODS', 'E7018 H4R(3.2mm)/ALLOY RODS or equivalent', 'Textbox', '', '', 1),
(51, 'Deposit Weld Metal Thickness', '20mm', 'Maximum to be  welded', 'Textbox', '', '', 1),
(52, 'Welding Position (s)', '3G', 'F,V (Pipe & Plate over 24\" OD) / F (2-7/8\" OD Pipe24\" OD )/ F,H,V(Pipe & Plate Fillet)', 'Textbox', '', '', 1),
(53, 'SMAW', '4', '-', 'radio', 'Process1:', 'minimum layers\r\n', 1),
(54, 'NA', '-', '-', 'radio', 'Process2:', 'minimum layers', 1),
(55, 'Vertical progression(uphill or downhill)', 'Root-DownHill; Hot/Fill/Cap-Uphill', 'Root-DownHill; Hot/Fill/Cap-Uphill', 'Textbox', '', '', 1),
(56, 'Code / Standard', 'ASME SEC IX;2017', 'ASME SEC IX;2017', 'Textbox', '', '', 1),
(57, 'Inert gas backing(GTAW,PAW,GMAW)', 'NA', 'NA', 'Textbox', '', '', 1),
(58, 'Transfer mode(spray/globular or pulse to short circuit-GMAW)', 'NA', 'NA', 'Textbox', '', '', 1),
(59, 'Current Type /Polarity(AC,DCEP,DCEN)', 'DCEP', '-', 'Textbox', '', '', 1),
(60, 'Consumable insert (GTAW or PAW)', 'NA', 'NA', 'Textbox', '', '', 1),
(61, '', '', '', 'hidden', '', 'Amperes', 1),
(62, 'Shielding Gas', 'NA', 'NA', 'Textbox', '', '', 1),
(63, 'Shielding Gas Flowrate', 'NA', 'NA', 'Textbox', '', '', 1),
(64, 'Base metal specification', '', '', 'Textbox', '', '', 1),
(67, '', '', '', 'Textbox', '', '', 1),
(68, 'Joint Design', '', '', 'Textbox', '', '', 1),
(69, 'Welding passes', '', '', 'Textbox', '', '', 1),
(70, '', '', '', 'Textbox', '', '', 1),
(71, '', '', '', 'Textbox', '', '', 1),
(72, '', '', '', 'Textbox', '', '', 1);

-- --------------------------------------------------------

--
-- Table structure for table `login_attempts`
--

DROP TABLE IF EXISTS `login_attempts`;
CREATE TABLE IF NOT EXISTS `login_attempts` (
  `id` int(11) UNSIGNED NOT NULL AUTO_INCREMENT,
  `ip_address` varchar(15) NOT NULL,
  `login` varchar(100) NOT NULL,
  `time` int(11) UNSIGNED DEFAULT NULL,
  PRIMARY KEY (`id`)
) ENGINE=MyISAM DEFAULT CHARSET=utf8;

-- --------------------------------------------------------

--
-- Table structure for table `pzm_category`
--

DROP TABLE IF EXISTS `pzm_category`;
CREATE TABLE IF NOT EXISTS `pzm_category` (
  `cat_id` int(11) NOT NULL AUTO_INCREMENT,
  `st_storeID` int(11) NOT NULL,
  `cat_parentID` int(11) NOT NULL,
  `cat_name` varchar(150) NOT NULL,
  `cat_description` text NOT NULL,
  `cat_isOff` int(11) NOT NULL,
  `cat_isSubcat` tinyint(1) NOT NULL DEFAULT 0,
  `cat_isHaveSubcat` int(1) NOT NULL DEFAULT 0,
  `cat_isMultipleSize` tinyint(1) NOT NULL DEFAULT 0,
  `cat_isDressing` tinyint(11) NOT NULL,
  `cat_isExtras` tinyint(11) NOT NULL,
  `cat_isMov` int(1) NOT NULL DEFAULT 1,
  `cat_sort` int(11) NOT NULL,
  `cat_metaDesc` text NOT NULL,
  `cat_metaKey` text NOT NULL,
  `cat_status` tinyint(1) NOT NULL,
  `cat_createBy` int(11) NOT NULL,
  `cat_createOn` timestamp NOT NULL DEFAULT current_timestamp() ON UPDATE current_timestamp(),
  `cat_updateBy` int(11) NOT NULL,
  `cat_updateOn` timestamp NOT NULL DEFAULT '0000-00-00 00:00:00',
  `cat_delete` tinyint(4) NOT NULL,
  `cleanurl` varchar(255) NOT NULL,
  PRIMARY KEY (`cat_id`),
  KEY `st_storeID` (`st_storeID`)
) ENGINE=MyISAM AUTO_INCREMENT=7 DEFAULT CHARSET=latin1;

--
-- Dumping data for table `pzm_category`
--

INSERT INTO `pzm_category` (`cat_id`, `st_storeID`, `cat_parentID`, `cat_name`, `cat_description`, `cat_isOff`, `cat_isSubcat`, `cat_isHaveSubcat`, `cat_isMultipleSize`, `cat_isDressing`, `cat_isExtras`, `cat_isMov`, `cat_sort`, `cat_metaDesc`, `cat_metaKey`, `cat_status`, `cat_createBy`, `cat_createOn`, `cat_updateBy`, `cat_updateOn`, `cat_delete`, `cleanurl`) VALUES
(2, 2, 0, 'Pizza', 'Jede Pizza wird mit Tomatensauce und Gouda-Kseg belegt.', 0, 0, 0, 1, 1, 1, 1, 1, 'Jede Pizza wird mit Tomatensauce und Gouda-Kseg belegt.', 'Jede Pizza wird mit Tomatensauce und Gouda-Kseg belegt.', 1, 4, '2017-02-17 13:03:44', 4, '2017-02-17 20:03:44', 0, 'pizza'),
(3, 2, 0, 'Snack Rolls', 'Mit hausgemachten Dipg (Knoblauch oder American)', 0, 0, 0, 0, 0, 0, 1, 2, 'Mit hausgemachten Dipg (Knoblauch oder American)', 'Mit hausgemachten Dipg (Knoblauch oder American)', 1, 4, '2017-03-27 11:33:45', 4, '2017-03-27 08:03:45', 0, 'snack-rolls'),
(4, 2, 0, 'Calzone', 'Jede Pizza wird mit Tomatensauce und Gouda-Kseg belegt.', 0, 0, 0, 1, 1, 1, 1, 3, 'Jede Pizza wird mit Tomatensauce und Gouda-Kseg belegt.', 'Jede Pizza wird mit Tomatensauce und Gouda-Kseg belegt.', 1, 4, '2016-11-26 08:18:22', 4, '2016-11-21 02:55:38', 1, 'calzone'),
(5, 2, 0, 'Calzones', 'Calzones', 0, 2, 0, 1, 1, 1, 1, 4, 'Calzones', 'Calzones', 1, 4, '2016-11-26 08:18:10', 4, '2016-11-25 18:41:10', 1, 'calzones'),
(6, 2, 0, 'teetete', 'vbvxb', 0, 3, 0, 0, 0, 0, 0, 0, 'vbvb', 'vbv', 1, 4, '2017-02-22 11:02:27', 4, '2017-02-22 11:02:27', 0, 'teetete');

-- --------------------------------------------------------

--
-- Table structure for table `pzm_dressing`
--

DROP TABLE IF EXISTS `pzm_dressing`;
CREATE TABLE IF NOT EXISTS `pzm_dressing` (
  `dressing_id` int(11) NOT NULL AUTO_INCREMENT,
  `st_storeID` int(11) NOT NULL,
  `dressing_name` varchar(255) NOT NULL,
  `dressing_isFree` int(11) NOT NULL,
  `dressing_status` tinyint(4) NOT NULL,
  `dressing_createBy` int(11) NOT NULL,
  `dressing_createOn` timestamp NOT NULL DEFAULT current_timestamp() ON UPDATE current_timestamp(),
  `dressing_updateBy` int(11) NOT NULL,
  `dressing_updateOn` timestamp NOT NULL DEFAULT '0000-00-00 00:00:00',
  `dressing_delete` tinyint(4) NOT NULL,
  PRIMARY KEY (`dressing_id`),
  KEY `st_storeID` (`st_storeID`)
) ENGINE=MyISAM AUTO_INCREMENT=13 DEFAULT CHARSET=latin1;

--
-- Dumping data for table `pzm_dressing`
--

INSERT INTO `pzm_dressing` (`dressing_id`, `st_storeID`, `dressing_name`, `dressing_isFree`, `dressing_status`, `dressing_createBy`, `dressing_createOn`, `dressing_updateBy`, `dressing_updateOn`, `dressing_delete`) VALUES
(1, 2, 'Joghurt', 1, 1, 4, '2016-11-21 01:45:31', 4, '2016-11-21 01:45:31', 0),
(2, 2, 'Italien', 1, 1, 4, '2016-11-21 01:45:40', 4, '2016-11-21 01:45:40', 0),
(3, 2, 'Essig l', 0, 1, 4, '2016-11-21 01:46:07', 4, '2016-11-21 01:46:07', 0),
(4, 2, 'Knoblauch', 1, 1, 4, '2016-11-21 01:46:12', 4, '2016-11-21 01:46:12', 0),
(5, 2, 'French', 0, 1, 4, '2016-11-21 01:46:18', 4, '2016-11-21 01:46:18', 0),
(6, 2, 'American', 0, 1, 4, '2016-11-21 01:46:22', 4, '2016-11-21 01:46:22', 0),
(7, 2, 'Cocktail', 0, 1, 4, '2016-11-21 01:46:27', 4, '2016-11-21 01:46:27', 0),
(8, 2, '1000 Island', 1, 1, 4, '2016-11-21 01:46:33', 4, '2016-11-21 01:46:33', 0),
(9, 2, 'Currysauce', 0, 1, 4, '2016-11-21 01:46:43', 4, '2016-11-21 01:46:43', 0),
(10, 2, 'S-Pikant', 0, 1, 4, '2016-11-21 01:47:14', 4, '2016-11-21 01:47:14', 0),
(11, 2, 'Kruter', 0, 1, 4, '2016-11-21 01:47:28', 4, '2016-11-21 01:47:28', 0),
(12, 2, 'Remoulade', 0, 1, 4, '2016-11-21 01:47:45', 4, '2016-11-21 01:47:45', 0);

-- --------------------------------------------------------

--
-- Table structure for table `pzm_extras`
--

DROP TABLE IF EXISTS `pzm_extras`;
CREATE TABLE IF NOT EXISTS `pzm_extras` (
  `extras_id` int(11) NOT NULL AUTO_INCREMENT,
  `st_storeID` int(11) NOT NULL,
  `exCat_id` int(11) NOT NULL,
  `extras_name` varchar(255) NOT NULL,
  `extras_isFree` int(11) NOT NULL,
  `extras_status` tinyint(4) NOT NULL,
  `extras_createBy` int(11) NOT NULL,
  `extras_createOn` timestamp NOT NULL DEFAULT current_timestamp() ON UPDATE current_timestamp(),
  `extras_updateBy` int(11) NOT NULL,
  `extras_updateOn` timestamp NOT NULL DEFAULT '0000-00-00 00:00:00',
  `extras_delete` tinyint(4) NOT NULL,
  PRIMARY KEY (`extras_id`),
  KEY `st_storeID` (`st_storeID`,`exCat_id`),
  KEY `exCat_id` (`exCat_id`)
) ENGINE=MyISAM AUTO_INCREMENT=47 DEFAULT CHARSET=latin1;

--
-- Dumping data for table `pzm_extras`
--

INSERT INTO `pzm_extras` (`extras_id`, `st_storeID`, `exCat_id`, `extras_name`, `extras_isFree`, `extras_status`, `extras_createBy`, `extras_createOn`, `extras_updateBy`, `extras_updateOn`, `extras_delete`) VALUES
(1, 2, 1, 'Sardellen', 1, 1, 4, '2016-11-21 06:12:44', 4, '2016-11-21 01:42:44', 0),
(2, 2, 1, 'Thunfisch', 1, 1, 4, '2016-11-21 06:12:49', 4, '2016-11-21 01:42:49', 0),
(3, 2, 1, 'Shrimps', 1, 1, 4, '2016-11-21 06:12:56', 4, '2016-11-21 01:42:56', 0),
(4, 2, 1, 'Fruti de Mare', 1, 1, 4, '2016-11-21 06:13:02', 4, '2016-11-21 01:43:02', 0),
(5, 2, 1, 'Garnelen', 0, 1, 4, '2016-11-21 01:34:02', 4, '2016-11-21 01:34:02', 0),
(6, 2, 1, 'Schollenfilet', 0, 1, 4, '2016-11-21 01:34:11', 4, '2016-11-21 01:34:11', 0),
(7, 2, 1, 'Rotbarschfilet', 0, 1, 4, '2016-11-21 01:34:17', 4, '2016-11-21 01:34:17', 0),
(8, 2, 1, 'Zeezunge', 0, 1, 4, '2016-11-21 01:34:22', 4, '2016-11-21 01:34:22', 0),
(9, 2, 1, 'Fischstbchen', 0, 1, 4, '2016-11-21 01:34:28', 4, '2016-11-21 01:34:28', 0),
(10, 2, 1, 'Muschelln', 0, 1, 4, '2016-11-21 01:35:21', 4, '2016-11-21 01:35:21', 0),
(11, 2, 1, 'Anchovis', 0, 1, 4, '2016-11-26 08:58:44', 4, '2016-11-26 15:58:44', 1),
(12, 2, 1, 'Krabben', 0, 1, 4, '2016-11-26 08:59:12', 4, '2016-11-26 15:59:12', 1),
(13, 2, 1, 'Scampi', 0, 1, 4, '2016-11-26 08:59:04', 4, '2016-11-26 15:59:04', 1),
(14, 2, 2, 'Salami', 1, 1, 4, '2016-11-21 06:12:38', 4, '2016-11-21 01:42:38', 0),
(15, 2, 2, 'Schinken', 1, 1, 4, '2016-11-21 01:37:50', 4, '2016-11-21 01:37:50', 0),
(16, 2, 2, 'Wrstchen', 0, 1, 4, '2016-11-21 01:37:59', 4, '2016-11-21 01:37:59', 0),
(17, 2, 1, 'Gyros Fleisch', 0, 1, 4, '2016-11-26 08:59:32', 4, '2016-11-26 15:59:32', 1),
(18, 2, 2, 'Hhnchenfilet', 0, 1, 4, '2016-11-21 01:38:22', 4, '2016-11-21 01:38:22', 0),
(19, 2, 1, 'Schweinefilet', 0, 1, 4, '2016-11-26 08:59:41', 4, '2016-11-26 15:59:41', 1),
(20, 2, 2, 'Schweinelachs', 0, 1, 4, '2016-11-21 01:38:33', 4, '2016-11-21 01:38:33', 0),
(21, 2, 2, 'Schweine nacken', 0, 1, 4, '2016-11-21 01:38:41', 4, '2016-11-21 01:38:41', 0),
(22, 2, 2, 'Schweineschulter', 0, 1, 4, '2016-11-21 01:38:57', 4, '2016-11-21 01:38:57', 0),
(23, 2, 2, 'Gyros', 1, 1, 4, '2016-11-21 01:39:05', 4, '2016-11-21 01:39:05', 0),
(24, 2, 2, 'Hhnchen Gyros', 0, 1, 4, '2016-11-21 01:39:13', 4, '2016-11-21 01:39:13', 0),
(25, 2, 2, 'Dnerfleisch', 0, 1, 4, '2016-11-21 01:39:20', 4, '2016-11-21 01:39:20', 0),
(26, 2, 2, 'Lammfillet', 0, 1, 4, '2016-11-26 09:00:12', 4, '2016-11-26 16:00:12', 1),
(27, 2, 2, 'Sucuk', 0, 1, 4, '2016-11-26 09:02:50', 4, '2016-11-26 16:02:50', 1),
(28, 2, 2, 'Bolognese', 0, 1, 4, '2016-11-26 09:02:42', 4, '2016-11-26 16:02:42', 1),
(29, 2, 2, 'Hhnchenfleisch', 1, 1, 4, '2016-11-26 09:02:37', 4, '2016-11-26 16:02:37', 1),
(30, 2, 2, 'Bacon', 0, 1, 4, '2016-11-26 09:02:32', 4, '2016-11-26 16:02:32', 1),
(31, 2, 2, 'Beef', 0, 1, 4, '2016-11-26 09:02:26', 4, '2016-11-26 16:02:26', 1),
(32, 2, 2, 'Hackfleisch', 1, 1, 4, '2016-11-26 09:02:21', 4, '2016-11-26 16:02:21', 1),
(33, 2, 2, 'Putenbrust', 0, 1, 4, '2016-11-26 09:02:15', 4, '2016-11-26 16:02:15', 1),
(34, 2, 2, 'Peperonisalami', 0, 1, 4, '2016-11-26 09:02:10', 4, '2016-11-26 16:02:10', 1),
(35, 2, 2, 'Hamburgerfleisch', 0, 1, 4, '2016-11-26 09:02:05', 4, '2016-11-26 16:02:05', 1),
(36, 2, 2, 'Speck', 0, 1, 4, '2016-11-26 09:01:59', 4, '2016-11-26 16:01:59', 1),
(37, 2, 2, 'Hintersschicken', 0, 1, 4, '2016-11-26 09:01:52', 4, '2016-11-26 16:01:52', 1),
(38, 2, 2, 'Frikadellen', 0, 1, 4, '2016-11-26 09:01:46', 4, '2016-11-26 16:01:46', 1),
(39, 2, 2, 'Rinderhack', 0, 1, 4, '2016-11-26 09:01:40', 4, '2016-11-26 16:01:40', 1),
(40, 2, 2, 'Rindfleisch', 0, 1, 4, '2016-11-26 09:01:24', 4, '2016-11-26 16:01:24', 1),
(41, 2, 2, 'Hhnenbrust', 0, 1, 4, '2016-11-26 09:01:12', 4, '2016-11-26 16:01:12', 1),
(42, 2, 2, 'Rindersteak', 0, 1, 4, '2016-11-26 09:00:21', 4, '2016-11-26 16:00:21', 1),
(43, 2, 3, 'Brocolli', 1, 1, 4, '2017-02-17 19:39:12', 4, '2017-02-17 19:39:12', 0),
(44, 2, 3, 'Oliven', 0, 1, 4, '2017-02-17 19:39:23', 4, '2017-02-17 19:39:23', 0),
(45, 2, 4, '12', 0, 1, 4, '2017-02-22 06:54:36', 4, '2017-02-22 06:54:36', 0),
(46, 2, 4, '14', 1, 1, 4, '2017-02-22 06:54:49', 4, '2017-02-22 06:54:49', 0);

-- --------------------------------------------------------

--
-- Table structure for table `pzm_extras_category`
--

DROP TABLE IF EXISTS `pzm_extras_category`;
CREATE TABLE IF NOT EXISTS `pzm_extras_category` (
  `exCat_id` int(11) NOT NULL AUTO_INCREMENT,
  `st_storeID` int(11) NOT NULL,
  `exCat_name` varchar(100) NOT NULL,
  `exCat_status` tinyint(4) NOT NULL,
  `exCat_createBy` int(11) NOT NULL,
  `exCat_createOn` timestamp NOT NULL DEFAULT current_timestamp() ON UPDATE current_timestamp(),
  `exCat_updateBy` int(11) NOT NULL,
  `exCat_updateOn` timestamp NOT NULL DEFAULT '0000-00-00 00:00:00',
  `exCat_delete` tinyint(4) NOT NULL DEFAULT 0,
  PRIMARY KEY (`exCat_id`),
  KEY `st_storeID` (`st_storeID`)
) ENGINE=MyISAM AUTO_INCREMENT=5 DEFAULT CHARSET=latin1;

--
-- Dumping data for table `pzm_extras_category`
--

INSERT INTO `pzm_extras_category` (`exCat_id`, `st_storeID`, `exCat_name`, `exCat_status`, `exCat_createBy`, `exCat_createOn`, `exCat_updateBy`, `exCat_updateOn`, `exCat_delete`) VALUES
(1, 2, 'Fisch', 1, 4, '2017-02-17 12:38:30', 4, '2017-02-17 19:38:30', 0),
(2, 2, 'Fleisch', 1, 4, '2016-11-21 01:30:57', 4, '2016-11-21 01:30:57', 0),
(3, 2, 'Vegetarisch', 1, 4, '2017-02-17 19:38:43', 4, '2017-02-17 19:38:43', 0),
(4, 2, 'test', 1, 4, '2017-02-22 06:54:18', 4, '2017-02-22 06:54:18', 0);

-- --------------------------------------------------------

--
-- Table structure for table `pzm_happy_offers`
--

DROP TABLE IF EXISTS `pzm_happy_offers`;
CREATE TABLE IF NOT EXISTS `pzm_happy_offers` (
  `hoffers_id` int(11) NOT NULL AUTO_INCREMENT,
  `st_storeID` int(11) NOT NULL,
  `hfrom_date` date NOT NULL,
  `hfrom_time` time NOT NULL,
  `hto_date` date NOT NULL,
  `hto_time` time NOT NULL,
  `cat_id` int(11) NOT NULL,
  `hoffType_id` int(11) NOT NULL,
  `hoffer_value` varchar(50) NOT NULL,
  `hoffer_describtion` longtext NOT NULL,
  `hoffer_status` tinyint(4) NOT NULL,
  `hoffer_createBy` int(11) NOT NULL,
  `hoffer_createOn` timestamp NOT NULL DEFAULT current_timestamp() ON UPDATE current_timestamp(),
  `hoffer_updateBy` int(11) NOT NULL,
  `hoffer_updateOn` timestamp NOT NULL DEFAULT '0000-00-00 00:00:00',
  `hoffer_delete` tinyint(4) NOT NULL DEFAULT 0,
  PRIMARY KEY (`hoffers_id`),
  KEY `st_storeID` (`st_storeID`,`hoffType_id`)
) ENGINE=MyISAM AUTO_INCREMENT=7 DEFAULT CHARSET=latin1;

--
-- Dumping data for table `pzm_happy_offers`
--

INSERT INTO `pzm_happy_offers` (`hoffers_id`, `st_storeID`, `hfrom_date`, `hfrom_time`, `hto_date`, `hto_time`, `cat_id`, `hoffType_id`, `hoffer_value`, `hoffer_describtion`, `hoffer_status`, `hoffer_createBy`, `hoffer_createOn`, `hoffer_updateBy`, `hoffer_updateOn`, `hoffer_delete`) VALUES
(1, 2, '2017-04-26', '06:30:00', '2017-04-27', '10:07:00', 2, 1, '7', 'Happy Howers Offer For This Time To This Time', 1, 4, '2017-04-28 11:01:28', 4, '2017-04-28 06:09:39', 0),
(2, 2, '2017-04-27', '12:30:00', '2017-04-28', '05:07:00', 6, 2, '522', 'Test', 1, 4, '2017-04-28 09:42:18', 4, '2017-04-28 06:12:18', 0),
(4, 2, '2017-04-28', '11:00:00', '2017-04-29', '14:10:00', 2, 2, '15', 'Tests', 1, 4, '2017-04-28 10:32:50', 4, '2017-04-28 07:02:50', 0),
(5, 2, '2017-04-28', '07:30:00', '2017-05-03', '20:30:00', 6, 1, '40', 'Nice', 0, 4, '2017-05-02 10:47:11', 4, '2017-05-02 07:17:11', 0),
(6, 2, '2017-04-29', '06:30:00', '2017-05-02', '19:35:00', 2, 3, '5.10', 'Tests', 0, 4, '2017-05-02 10:45:18', 4, '2017-05-02 07:15:18', 0);

-- --------------------------------------------------------

--
-- Table structure for table `pzo_orders`
--

DROP TABLE IF EXISTS `pzo_orders`;
CREATE TABLE IF NOT EXISTS `pzo_orders` (
  `od_id` int(11) NOT NULL AUTO_INCREMENT,
  `st_storeID` int(11) NOT NULL,
  `od_date` datetime NOT NULL,
  `od_invoiceNo` int(11) NOT NULL,
  `od_invoiceDate` datetime NOT NULL,
  `mov_id` int(11) NOT NULL,
  `od_userId` int(11) NOT NULL,
  `od_email` varchar(100) NOT NULL,
  `od_fax` varchar(50) NOT NULL,
  `od_subTotal` decimal(9,2) NOT NULL,
  `od_totalTax` decimal(9,2) NOT NULL,
  `od_shippingCost` decimal(9,2) NOT NULL,
  `od_totalOffer` decimal(9,2) NOT NULL,
  `od_grandTotal` decimal(9,2) NOT NULL,
  `od_paymentMethod` int(11) NOT NULL,
  `od_deliveryMethod` int(11) NOT NULL,
  `od_paymentStatus` int(11) NOT NULL,
  `od_lastUpdateOn` timestamp NOT NULL DEFAULT current_timestamp(),
  `od_lastUpdateBy` int(11) NOT NULL,
  `od_remarks` text NOT NULL,
  `od_status` int(11) NOT NULL,
  `od_delivery_time` varchar(5) NOT NULL,
  `invisecommentOverAll` longtext NOT NULL,
  `happy_offers` int(11) DEFAULT 0,
  `happy_offers_title` varchar(255) NOT NULL,
  `happy_offers_description` longtext NOT NULL,
  PRIMARY KEY (`od_id`),
  KEY `st_storeID` (`st_storeID`)
) ENGINE=MyISAM AUTO_INCREMENT=19 DEFAULT CHARSET=latin1;

--
-- Dumping data for table `pzo_orders`
--

INSERT INTO `pzo_orders` (`od_id`, `st_storeID`, `od_date`, `od_invoiceNo`, `od_invoiceDate`, `mov_id`, `od_userId`, `od_email`, `od_fax`, `od_subTotal`, `od_totalTax`, `od_shippingCost`, `od_totalOffer`, `od_grandTotal`, `od_paymentMethod`, `od_deliveryMethod`, `od_paymentStatus`, `od_lastUpdateOn`, `od_lastUpdateBy`, `od_remarks`, `od_status`, `od_delivery_time`, `invisecommentOverAll`, `happy_offers`, `happy_offers_title`, `happy_offers_description`) VALUES
(1, 2, '2016-11-22 16:49:16', 0, '0000-00-00 00:00:00', 5, 5, 'sjaga1993@gmail.com', '', '261.77', '18.33', '0.00', '3.00', '296.27', 1, 1, 1, '2017-02-17 19:44:23', 4, '', 7, '', '', 0, '', ''),
(2, 2, '2016-11-22 17:13:11', 0, '0000-00-00 00:00:00', 5, 5, 'sjaga1993@gmail.com', '', '22.94', '1.61', '0.00', '3.00', '39.34', 1, 1, 1, '2017-02-17 19:44:36', 4, '', 7, '', '', 0, '', ''),
(3, 2, '2016-11-22 17:15:00', 0, '0000-00-00 00:00:00', 5, 5, 'sjaga1993@gmail.com', '', '22.94', '1.61', '0.00', '3.00', '42.94', 1, 1, 1, '2017-03-28 11:00:09', 4, '', 7, '', '', 0, '', ''),
(4, 2, '2016-11-22 17:20:39', 0, '0000-00-00 00:00:00', 5, 5, 'sjaga1993@gmail.com', '', '9.49', '0.67', '0.00', '0.00', '9.49', 1, 1, 1, '2017-02-17 19:45:22', 4, '', 7, '', '', 0, '', ''),
(5, 2, '2016-11-22 17:43:14', 0, '0000-00-00 00:00:00', 5, 5, 'sjaga1993@gmail.com', '', '22.94', '1.61', '0.00', '3.00', '62.34', 1, 1, 1, '2017-02-17 19:45:37', 4, '', 7, '', '', 0, '', ''),
(6, 2, '2016-11-25 11:37:22', 0, '0000-00-00 00:00:00', 5, 5, 'sjaga1993@gmail.com', '', '22.94', '1.61', '0.00', '3.00', '19.94', 1, 1, 1, '2017-03-28 11:00:04', 4, '', 7, '', '', 0, '', ''),
(7, 2, '2016-11-26 07:19:52', 0, '0000-00-00 00:00:00', 5, 7, 'aswathymaha24@gmail.com', '', '13.99', '0.98', '0.00', '3.00', '24.89', 1, 1, 1, '2017-02-17 19:48:21', 4, '', 7, '', '', 0, '', ''),
(8, 2, '2017-02-17 12:45:27', 0, '0000-00-00 00:00:00', 5, 10, 'ganesh@alphasoftz.com', '', '8.95', '0.63', '0.00', '0.00', '8.95', 1, 1, 1, '2017-02-17 19:48:34', 4, '', 7, '', '', 0, '', ''),
(9, 2, '2017-02-17 12:48:27', 0, '0000-00-00 00:00:00', 5, 10, 'ganesh@alphasoftz.com', '', '27.98', '1.96', '0.00', '3.00', '24.98', 1, 1, 1, '2017-03-28 10:59:53', 4, '', 7, '', '', 0, '', ''),
(10, 2, '2017-03-28 11:57:38', 0, '0000-00-00 00:00:00', 5, 5, 'sjaga1993@gmail.com', '', '8.95', '0.63', '0.10', '0.00', '9.05', 1, 2, 1, '2017-03-28 10:59:46', 4, '', 7, '18:30', 'fgsdfgsdfg', 0, '', ''),
(11, 2, '2017-03-28 16:37:09', 0, '0000-00-00 00:00:00', 5, 5, 'sjaga1993@gmail.com', '', '17.90', '1.26', '0.10', '3.00', '24.00', 1, 2, 1, '2017-03-28 11:41:29', 4, '', 7, '18:30', 'nice', 0, '', ''),
(12, 2, '2017-04-27 12:14:26', 0, '0000-00-00 00:00:00', 5, 5, 'sjaga1993@gmail.com', '', '39.09', '2.74', '0.10', '5.86', '33.23', 1, 3, 1, '2017-04-27 07:13:17', 4, '', 7, '03:15', '', 0, '', ''),
(13, 2, '2017-04-27 14:24:07', 0, '0000-00-00 00:00:00', 5, 5, 'sjaga1993@gmail.com', '', '25.10', '1.76', '0.10', '1.89', '25.20', 1, 3, 1, '2017-04-27 12:24:07', 0, '', 4, '18:30', 'test', 0, '', ''),
(14, 2, '2017-04-27 15:10:49', 0, '0000-00-00 00:00:00', 5, 5, 'sjaga1993@gmail.com', '', '47.05', '3.30', '0.10', '1.89', '47.15', 1, 3, 1, '2017-04-27 09:57:27', 4, '', 7, '17:25', 'nice', 1, 'Glckliche Heuler\n', 'Happy howers offer for this time to this time'),
(15, 2, '2017-04-28 09:09:25', 0, '0000-00-00 00:00:00', 5, 5, 'sjaga1993@gmail.com', '', '24.00', '1.68', '0.10', '3.60', '20.50', 1, 3, 1, '2017-04-28 07:09:25', 0, '', 4, '18:30', 'test', 0, '', ''),
(16, 2, '2017-05-02 09:51:58', 0, '0000-00-00 00:00:00', 5, 5, 'sjaga1993@gmail.com', '', '55.08', '3.86', '0.10', '14.80', '55.18', 1, 3, 1, '2017-05-02 07:51:58', 0, '', 4, '', 'tests', 1, 'Happy Hour', 'Nice'),
(17, 2, '2017-05-02 11:49:31', 0, '0000-00-00 00:00:00', 5, 5, 'sjaga1993@gmail.com', '', '35.98', '2.52', '0.10', '6.15', '34.93', 1, 2, 1, '2017-05-02 09:49:31', 0, '', 4, '', '', 0, '', ''),
(18, 2, '2017-05-02 12:32:20', 0, '0000-00-00 00:00:00', 5, 5, 'sjaga1993@gmail.com', '', '27.98', '1.96', '0.10', '4.20', '23.88', 1, 3, 1, '2017-05-02 10:32:20', 0, '', 4, '18:30', '', 0, '', '');

-- --------------------------------------------------------

--
-- Table structure for table `pzr_menu_card`
--

DROP TABLE IF EXISTS `pzr_menu_card`;
CREATE TABLE IF NOT EXISTS `pzr_menu_card` (
  `mCard_ID` int(11) NOT NULL AUTO_INCREMENT,
  `st_storeID` int(11) NOT NULL,
  `cat_id` int(11) NOT NULL,
  `mCard_name` varchar(255) NOT NULL,
  `mCard_description` text NOT NULL,
  `mCard_tax` varchar(10) NOT NULL,
  `mCard_Number` varchar(50) NOT NULL,
  `mCard_isFreeExtras` tinyint(4) NOT NULL,
  `mCard_isFreeDressing` tinyint(4) NOT NULL,
  `mCard_isComboProduct` tinyint(4) NOT NULL,
  `mCard_totalComboProduct` int(11) NOT NULL,
  `mCard_customerCanChoose` tinyint(4) NOT NULL,
  `mCard_status` tinyint(4) NOT NULL,
  `mCard_order` int(11) NOT NULL,
  `mCard_createBy` int(11) NOT NULL,
  `mCard_createOn` timestamp NOT NULL DEFAULT current_timestamp() ON UPDATE current_timestamp(),
  `mCard_updateBy` int(11) NOT NULL,
  `mCard_updateOn` timestamp NOT NULL DEFAULT '0000-00-00 00:00:00',
  `mCard_delete` tinyint(4) NOT NULL,
  `cleanurl` varchar(255) NOT NULL,
  PRIMARY KEY (`mCard_ID`),
  KEY `st_storeID` (`st_storeID`,`cat_id`),
  KEY `cat_id` (`cat_id`)
) ENGINE=MyISAM AUTO_INCREMENT=23 DEFAULT CHARSET=latin1;

--
-- Dumping data for table `pzr_menu_card`
--

INSERT INTO `pzr_menu_card` (`mCard_ID`, `st_storeID`, `cat_id`, `mCard_name`, `mCard_description`, `mCard_tax`, `mCard_Number`, `mCard_isFreeExtras`, `mCard_isFreeDressing`, `mCard_isComboProduct`, `mCard_totalComboProduct`, `mCard_customerCanChoose`, `mCard_status`, `mCard_order`, `mCard_createBy`, `mCard_createOn`, `mCard_updateBy`, `mCard_updateOn`, `mCard_delete`, `cleanurl`) VALUES
(2, 2, 2, 'Pizza Hack', 'mit Rinderhack, Mais, Paprika, Zwiebeln und Jalapenos M L', '4', '001', 1, 1, 0, 0, 1, 1, 1, 4, '2016-11-26 09:04:26', 4, '2016-11-26 16:04:26', 0, 'pizza-hack'),
(3, 2, 2, 'Pizza grner Garten', 'mit Broccoli, Champignons, Paprika und Zwiebeln M L', '4', '0002', 1, 1, 0, 0, 1, 1, 2, 4, '2016-11-26 09:05:00', 4, '2016-11-26 16:05:00', 0, 'pizza-grner-garten'),
(4, 2, 2, 'Pizza Pirata', 'mit Hhnchenbrust, Spinat, Tomaten und Creme Fraiche M L', '4', '003', 1, 1, 0, 0, 1, 1, 3, 4, '2016-11-26 08:18:55', 4, '2016-11-26 15:18:55', 1, 'pizza-pirata'),
(5, 2, 2, 'Pizza Bergamo', 'mit Hhnchen, Broccoli, Tomaten und Sauce Hollandaise M L', '4', '004', 1, 1, 0, 0, 1, 1, 4, 4, '2016-11-26 08:18:59', 4, '2016-11-26 15:18:59', 1, 'pizza-bergamo'),
(6, 2, 2, 'Pizza Margherita', 'mit Tomatensauce und Kseg', '4', '005', 0, 0, 0, 0, 1, 1, 5, 4, '2016-11-26 08:19:03', 4, '2016-11-26 15:19:03', 1, 'pizza-margherita'),
(7, 2, 2, 'Pizza Salami', 'mit Salami4,5 und Kseg', '4', '006', 0, 0, 0, 0, 1, 1, 6, 4, '2016-11-26 08:19:07', 4, '2016-11-26 15:19:07', 1, 'pizza-salami'),
(8, 2, 2, 'Pizza Classico', 'mit Schinken1,2,4,5 und Kseg', '4', '007', 0, 0, 0, 0, 1, 1, 7, 4, '2016-11-26 08:19:16', 4, '2016-11-26 15:19:16', 1, 'pizza-classico'),
(9, 2, 2, 'Pizza Rodeo', 'mit Thunfischd, Zwiebeln, Salami4,5 und Fetag', '4', '008', 0, 0, 0, 0, 1, 1, 8, 4, '2016-11-26 08:18:46', 4, '2016-11-26 15:18:46', 1, 'pizza-rodeo'),
(10, 2, 4, 'Calzone Mix', 'mit Salami4,5, Schinken1,2,4,5, Thunfischd, Zwiebeln und Champignons', '4', '009', 1, 0, 0, 0, 1, 1, 9, 4, '2016-11-26 08:19:26', 4, '2016-11-26 15:19:26', 1, 'calzone-mix'),
(11, 2, 4, 'Calzone Delphi', 'mit Gyros, Zwiebeln, Paprika, Broccoli und Fetag', '4', '010', 0, 1, 0, 0, 1, 1, 10, 4, '2016-11-26 08:19:33', 4, '2016-11-26 15:19:33', 1, 'calzone-delphi'),
(12, 2, 4, 'Calzone Spezial', 'mit Hhnchenbrust10, Gyros, Champignons, Broccoli und Sauce Hollandaise', '4', '011', 1, 1, 0, 0, 1, 1, 11, 4, '2016-11-26 08:19:38', 4, '2016-11-26 15:19:38', 1, 'calzone-spezial'),
(13, 2, 4, 'Calzone Vegetarisch', 'mit Broccoli, Zwiebeln, Paprika, Champignons und Creme Fraiche', '4', '012', 0, 0, 0, 0, 1, 1, 12, 4, '2016-11-26 08:19:44', 4, '2016-11-26 15:19:44', 1, 'calzone-vegetarisch'),
(14, 2, 3, 'Pizzabrtchen ohne Kseg', '', '4', '013', 0, 0, 0, 0, 1, 1, 13, 4, '2016-11-21 04:53:08', 4, '2016-11-21 04:53:08', 0, 'pizzabrtchen-ohne-kseg'),
(15, 2, 3, 'Pizzabrtchen mit Kseg', '', '4', '014', 0, 0, 0, 0, 1, 1, 14, 4, '2016-11-26 08:19:58', 4, '2016-11-26 15:19:58', 1, 'pizzabrtchen-mit-kseg'),
(16, 2, 3, 'Pizzabrtchen Spezial', 'mit Salami4,5, Schinken1,2,4,5 und Kseg', '4', '015', 0, 0, 0, 0, 1, 1, 14, 4, '2016-11-26 08:19:52', 4, '2016-11-26 15:19:52', 1, 'pizzabrtchen-spezial'),
(17, 2, 3, 'Pizzabrtchen mit Salami', 'Pizzabrtchen mit Salami<sup>4,5</sup> und Kseg<br><br><br>', '4', '016', 1, 1, 0, 0, 1, 1, 16, 4, '2017-03-15 09:04:23', 4, '2017-03-15 04:34:23', 0, 'pizzabrtchen-mit-salami'),
(18, 2, 3, 'Pizzabrtchen mit Schinken1,2,4,5 und Kseg', '', '4', '017', 1, 1, 0, 0, 1, 1, 17, 4, '2016-11-26 08:20:14', 4, '2016-11-26 15:20:14', 1, 'pizzabrtchen-mit-schinken1,2,4,5-und-kseg'),
(19, 2, 3, 'Pizzabrtchen mit Pute10 und Kseg', '', '4', '018', 1, 1, 0, 0, 1, 1, 18, 4, '2016-11-26 08:20:09', 4, '2016-11-26 15:20:09', 1, 'pizzabrtchen-mit-pute10-und-kseg'),
(20, 2, 5, 'Calzones1', 'Calzones 1009', '4', '1009', 1, 1, 0, 0, 1, 1, 1, 4, '2016-11-26 08:20:05', 4, '2016-11-26 15:20:05', 1, 'calzones1'),
(21, 2, 2, 'tests', 'mit Rinderhack, Mais, Paprika, Zwiebeln und Jalapenos M L', '4', '5225', 1, 1, 0, 0, 1, 1, 3, 4, '2017-02-23 06:42:45', 4, '2017-02-23 02:12:45', 0, 'tests'),
(22, 2, 6, 'nice product', 'fgghdgh', '4', '056', 1, 0, 0, 0, 1, 1, 2, 4, '2017-02-22 11:08:19', 4, '2017-02-22 11:08:19', 0, 'nice-product');

-- --------------------------------------------------------

--
-- Table structure for table `pz_store_setting`
--

DROP TABLE IF EXISTS `pz_store_setting`;
CREATE TABLE IF NOT EXISTS `pz_store_setting` (
  `st_storeID` int(11) NOT NULL AUTO_INCREMENT,
  `st_shopName` varchar(255) NOT NULL,
  `st_address` text NOT NULL,
  `st_state` varchar(255) NOT NULL,
  `st_city` varchar(255) NOT NULL,
  `st_pinCode` varchar(11) NOT NULL,
  `st_phoneNumber` varchar(15) NOT NULL,
  `st_mobileNumber` varchar(15) NOT NULL,
  `st_faxNumber` varchar(15) NOT NULL,
  `st_storeOrderEmail` varchar(255) NOT NULL,
  `st_website` varchar(100) NOT NULL,
  `st_aboutShop` text NOT NULL,
  `st_shopLogo` varchar(255) NOT NULL,
  `st_additives` text NOT NULL,
  `st_allergy` text NOT NULL,
  `st_facebookFanPageURL` varchar(255) NOT NULL,
  `st_twitterPageURL` varchar(255) NOT NULL,
  `st_latitude` float(10,6) NOT NULL,
  `st_longitude` float(10,6) NOT NULL,
  `st_activeStatus` tinyint(4) NOT NULL DEFAULT 1,
  `cleanurl` varchar(255) NOT NULL,
  `is_pizza_store` tinyint(4) NOT NULL DEFAULT 1,
  PRIMARY KEY (`st_storeID`),
  KEY `st_storeID` (`st_storeID`)
) ENGINE=MyISAM AUTO_INCREMENT=6 DEFAULT CHARSET=latin1;

--
-- Dumping data for table `pz_store_setting`
--

INSERT INTO `pz_store_setting` (`st_storeID`, `st_shopName`, `st_address`, `st_state`, `st_city`, `st_pinCode`, `st_phoneNumber`, `st_mobileNumber`, `st_faxNumber`, `st_storeOrderEmail`, `st_website`, `st_aboutShop`, `st_shopLogo`, `st_additives`, `st_allergy`, `st_facebookFanPageURL`, `st_twitterPageURL`, `st_latitude`, `st_longitude`, `st_activeStatus`, `cleanurl`, `is_pizza_store`) VALUES
(2, 'Pizza Hot', 'Asia HOT Wok\r\nHeidekamp 48\r\n21244 Buchholz i.d.N.', 'Niedersachsen', 'Buchholz', '21244', '041819993338', '041819993338', '523', 'nani70@hotmail.de', 'www.asia-buchholz.de', 'The one day when the lady met this fellow and they knew it was much more than a hunch the first mate and his Skipper too will do their comfortable its like a kind of torture to have to watch the show the ship set ground on the shore of this uncharted desert isle with too the millionaire and his wife If you have a problem if no one else can help can hire Gilligan the Skipper.\r\n\r\nThe one day when the lady met this fellow and they knew it was much more than a hunch the first mate and his Skipper too will do their comfortable.', 'storelogo/logo2.png', '1) Truthahnfleisch 2) Farbstoff 3) mit Antioxidationsmittel 4) mit Geschmacksverstrker <br>5) Konservierungstoffe 6) geschwrzt 7) Koffeinhaltig 8) mit Sungsmitteln <br>9) enthlt eine Phenylalaninquelle 10) Stabilisator 11) Phosphatsure 12) Aroma<br>', 'a) glutenhaltiges Getreide b) Krebstiere&nbsp; c) Eier d) Fisch e) Erdnsse f) Soja g) Milch <br>h) Schalenfrchte i) Sellerie j) Senf k) Sesamsamen l) Schwefeldioxid m) Lupinen <br>n) Weichtiere<br>', 'Asia Hot Wok Lieferservice', '', 0.000000, 0.000000, 1, 'pizza-hot', 0),
(3, 'Pizza Hot', 'Asia wok', 'Nidersachsen', 'Buchholz', '21244', '041819993338', '041819998883', '', 'www.nani70@hotmail.de', '', 'jetzt online Bestellen <br>', 'storelogo/2016-08-19_(3).png', '290 Bento 1 <br>', '290 Bento 1<br>', '', '', 0.000000, 0.000000, 1, 'asia-wok', 1),
(4, 'Pizza Hot', 'Asia wok', 'Niedersachsen', 'Buchholz', '21244', '041819998883', '041819998883', '', 'www.nani70@hotmail.com', '', 'jetzt online Bestellen <br>', 'storelogo/logo1.png', '1) glutenhaltiges Getreide ; b) Krebstiere ; c) Eier ; d)Fisch ; e) Erdnsse<br>f)Soja ; g) Milch ; h) Schalenfrchte ; i) Sellerie ; Senf ; k) Sesamsamen <br>l) Schwefeldioxid ; m) Lupinen ; n) Weichtiere<br>', '1) Truthahnfleisch ; 2) Farbstoff ; 3) mit Antioxidationsmitel ; 4) mit Geschmacksverstrker <br>5) Konservierungsstoffe ; 6) geschwrzt ; 7) Koffeinhaltig ; 8) mit Ssungsmittel <br>9) enthlt eine Phenylalanquelle ; 10) Stabilisator ; 11) Phosphatsure ; 12) Aroma<br>', '', '', 0.000000, 0.000000, 1, 'asia-wok', 1),
(5, 'Pizza Hot', 'Asia HOT Wok\r\nHeidekamp 48 \r\n21244 Buchholz i.d.N.', 'Niedersachsen', 'Buchholz', '21244', '041819993338', '041819993338', '', 'nani70@hotmail.com', '', 'Jetzt Online bestellen <br><br>Montag:&nbsp;&nbsp;&nbsp;&nbsp;&nbsp;&nbsp;&nbsp;&nbsp;&nbsp;&nbsp;&nbsp;&nbsp;&nbsp;&nbsp;&nbsp;&nbsp;&nbsp;&nbsp; &nbsp; &nbsp; Ruhetag<br>Dienstag - Samstag:&nbsp;&nbsp; 16.00 Uhr - 22.30 Uhr<br>Sonn- und Feiertage: 12.00 Uhr - 22.30 Uhr<br>', 'storelogo/logo4.png', '1) Truthahnfleisch 2) Farbstoff 3) mit Antioxidationsmittel 4) mit Geschmacksverstrker <br>5) Konservierungstoffe 6) geschwrzt 7) Koffeinhaltig 8) mit Ssungsmitteln <br>9) enthlt eine Phenylalaninquelle 10) Stabilisator 11) Phosphatsure 12) Aroma<br><b></b>', 'a) glutenhaltiges Getreide b) Krebstiere&nbsp; c) Eier d) Fisch e) Erdnsse f) Soja g) Milch <br>h) Schalenfrchte i) Sellerie j) Senf k) Sesamsamen l) Schwefeldioxid m) Lupinen <br>n) Weichtiere<br>', '', '', 0.000000, 0.000000, 1, 'asia-wok', 1);

-- --------------------------------------------------------

--
-- Table structure for table `settings`
--

DROP TABLE IF EXISTS `settings`;
CREATE TABLE IF NOT EXISTS `settings` (
  `pre_id` int(11) NOT NULL AUTO_INCREMENT,
  `key` varchar(255) NOT NULL,
  `value` text NOT NULL,
  PRIMARY KEY (`pre_id`)
) ENGINE=MyISAM AUTO_INCREMENT=17 DEFAULT CHARSET=latin1;

--
-- Dumping data for table `settings`
--

INSERT INTO `settings` (`pre_id`, `key`, `value`) VALUES
(1, 'aathigamana_kadai', '2'),
(2, 'is_pizza_store', '2'),
(3, 'invoice_no', '2001'),
(4, 'copyright', 'Contents subject to copyright'),
(5, 'phone', '+04181/999 38 33'),
(6, 'mail', 'frank@mahlich.de'),
(7, 'facebook', ''),
(8, 'twitter', ''),
(9, 'googleplus', ''),
(10, 'instagram', ''),
(11, 'address', 'Frank Mahlich\nBahnhofstr. 37 f'),
(12, 'phone_num_option', '+49 1575 8070365'),
(13, 'number_of_category_list', '5'),
(14, 'selfpickup', '15'),
(15, 'selfpickup_offer_description', 'Angebot'),
(16, 'happy_howers_offer', 'Happy Hour');

-- --------------------------------------------------------

--
-- Table structure for table `users`
--

DROP TABLE IF EXISTS `users`;
CREATE TABLE IF NOT EXISTS `users` (
  `id` int(11) UNSIGNED NOT NULL AUTO_INCREMENT,
  `ip_address` varchar(45) NOT NULL,
  `username` varchar(100) DEFAULT NULL,
  `password` varchar(255) NOT NULL,
  `salt` varchar(255) DEFAULT NULL,
  `email` varchar(100) NOT NULL,
  `activation_code` varchar(40) DEFAULT NULL,
  `forgotten_password_code` varchar(40) DEFAULT NULL,
  `forgotten_password_time` int(11) UNSIGNED DEFAULT NULL,
  `remember_code` varchar(40) DEFAULT NULL,
  `created_on` int(11) UNSIGNED NOT NULL,
  `last_login` int(11) UNSIGNED DEFAULT NULL,
  `active` tinyint(1) UNSIGNED DEFAULT NULL,
  `first_name` varchar(50) DEFAULT NULL,
  `last_name` varchar(50) DEFAULT NULL,
  `company` varchar(100) DEFAULT NULL,
  `phone` varchar(20) DEFAULT NULL,
  `user_photo` varchar(255) NOT NULL,
  `st_storeID` int(11) NOT NULL,
  PRIMARY KEY (`id`)
) ENGINE=MyISAM AUTO_INCREMENT=34 DEFAULT CHARSET=utf8;

--
-- Dumping data for table `users`
--

INSERT INTO `users` (`id`, `ip_address`, `username`, `password`, `salt`, `email`, `activation_code`, `forgotten_password_code`, `forgotten_password_time`, `remember_code`, `created_on`, `last_login`, `active`, `first_name`, `last_name`, `company`, `phone`, `user_photo`, `st_storeID`) VALUES
(1, '127.0.0.1', 'administrator', '$2y$08$dfgsVS6Cr9Od4LkAFrGhGuoHRMK44FKTUgF9JkUyTtoRI1gwrWSnK', '', 'admin@admin.com', '', NULL, NULL, NULL, 1268889823, 1487331971, 1, 'Admin', 'istrator', 'ADMIN', '0', '', 0),
(3, '49.207.185.56', NULL, '$2y$08$RZqbX6KKVePNmiadPt4bI.pRT/L3XKR97uLmJM6pmRzt.DeXkjzY6', NULL, 'alphasmytest@gmail.com', NULL, 'HaHp7PPZHIkmmk4VgA.iHuaf9d206d00a890e41e', 1470727490, NULL, 1470727347, NULL, 1, 'Testing', 'Alpha', NULL, '9047713412', '', 1),
(4, '49.207.185.56', 'info@icgc.de', '$2y$08$Ip2nBN2iXPZRfUCqGIIqe.iZuLpFGnGIM2fFAw9uWeyN3IaDzYSS2', NULL, 'info@icgc.de', NULL, NULL, NULL, '2F9t5vvGc9AO3.CKnw8RlO', 1470746884, 1493704780, 1, 'Pizza Hot', NULL, 'Asia wok', '041819993338', '', 2),
(10, '49.207.181.87', NULL, '$2y$08$D4DTaU45Ycorl5daACDkv.r4VSb6y.HIccnUwl7ZbkDzsASAIUKhu', NULL, 'ganesh@alphasoftz.com', NULL, NULL, NULL, NULL, 1487331880, 1568568954, 1, 'Raja', 'lll', NULL, '', '', 0),
(11, '::1', 'jrads@info.com', '$2y$08$dfgsVS6Cr9Od4LkAFrGhGuoHRMK44FKTUgF9JkUyTtoRI1gwrWSnK', NULL, 'jrads@info.com', NULL, NULL, NULL, NULL, 1546234406, 1596427431, 1, 'JRADS', 'info', NULL, '04425255', '~cdn/photoStaffs/userimg.jpg', 0),
(12, '::1', 'admin', '$2y$08$dfgsVS6Cr9Od4LkAFrGhGuoHRMK44FKTUgF9JkUyTtoRI1gwrWSnK', NULL, 'pizza@info.com', NULL, NULL, NULL, NULL, 1546235613, 1551112345, 1, 'jaga', 'selvam', NULL, '55522555', '', 0),
(32, '::1', 'demouser@gmail.com', '$2y$08$dfgsVS6Cr9Od4LkAFrGhGuoHRMK44FKTUgF9JkUyTtoRI1gwrWSnK', NULL, 'demouser@gmail.com', NULL, NULL, NULL, NULL, 1569126071, 1570349579, 1, 'Demo', 'user2', NULL, '0442252222', '~cdn/photoStaffs/profile-menu-image6.png', 0),
(33, '::1', 'demouser2@gmail.com', '$2y$08$dfgsVS6Cr9Od4LkAFrGhGuoHRMK44FKTUgF9JkUyTtoRI1gwrWSnK', NULL, 'demouser2@gmail.com', NULL, NULL, NULL, NULL, 1569128729, 1570351187, 1, 'demo2', 'use2', NULL, '65646646', '~cdn/photoStaffs/profile-menu-image7.png', 0);

-- --------------------------------------------------------

--
-- Table structure for table `users_favorites_label`
--

DROP TABLE IF EXISTS `users_favorites_label`;
CREATE TABLE IF NOT EXISTS `users_favorites_label` (
  `favLable_id` int(11) NOT NULL AUTO_INCREMENT,
  `user_id` int(11) NOT NULL,
  `favLabel_name` varchar(100) NOT NULL,
  PRIMARY KEY (`favLable_id`),
  KEY `user_id` (`user_id`)
) ENGINE=MyISAM DEFAULT CHARSET=latin1;

-- --------------------------------------------------------

--
-- Table structure for table `users_groups`
--

DROP TABLE IF EXISTS `users_groups`;
CREATE TABLE IF NOT EXISTS `users_groups` (
  `id` int(11) UNSIGNED NOT NULL AUTO_INCREMENT,
  `user_id` int(11) UNSIGNED NOT NULL,
  `group_id` mediumint(8) UNSIGNED NOT NULL,
  PRIMARY KEY (`id`),
  UNIQUE KEY `uc_users_groups` (`user_id`,`group_id`),
  KEY `fk_users_groups_users1_idx` (`user_id`),
  KEY `fk_users_groups_groups1_idx` (`group_id`)
) ENGINE=MyISAM AUTO_INCREMENT=85 DEFAULT CHARSET=utf8;

--
-- Dumping data for table `users_groups`
--

INSERT INTO `users_groups` (`id`, `user_id`, `group_id`) VALUES
(1, 1, 1),
(2, 1, 2),
(4, 3, 2),
(5, 4, 2),
(11, 10, 3),
(12, 11, 1),
(13, 12, 3),
(81, 32, 2),
(82, 32, 3),
(83, 32, 5),
(84, 33, 3);

-- --------------------------------------------------------

--
-- Table structure for table `user_admin_group`
--

DROP TABLE IF EXISTS `user_admin_group`;
CREATE TABLE IF NOT EXISTS `user_admin_group` (
  `admin_group_id` int(11) NOT NULL AUTO_INCREMENT,
  `user_id` int(11) NOT NULL,
  `group_id` int(11) NOT NULL,
  PRIMARY KEY (`admin_group_id`)
) ENGINE=MyISAM AUTO_INCREMENT=96 DEFAULT CHARSET=latin1;

--
-- Dumping data for table `user_admin_group`
--

INSERT INTO `user_admin_group` (`admin_group_id`, `user_id`, `group_id`) VALUES
(16, 11, 1),
(20, 5, 2),
(21, 31, 2),
(22, 31, 3),
(92, 32, 2),
(93, 32, 3),
(94, 32, 5),
(95, 33, 3);

-- --------------------------------------------------------

--
-- Table structure for table `user_group_module`
--

DROP TABLE IF EXISTS `user_group_module`;
CREATE TABLE IF NOT EXISTS `user_group_module` (
  `group_module_id` int(11) NOT NULL AUTO_INCREMENT,
  `group_id` int(11) NOT NULL,
  `module_id` int(11) NOT NULL,
  PRIMARY KEY (`group_module_id`)
) ENGINE=MyISAM AUTO_INCREMENT=2234 DEFAULT CHARSET=latin1;

--
-- Dumping data for table `user_group_module`
--

INSERT INTO `user_group_module` (`group_module_id`, `group_id`, `module_id`) VALUES
(21, 3, 32),
(832, 2, 50),
(831, 2, 49),
(830, 2, 48),
(829, 2, 47),
(828, 2, 46),
(292, 3, 32),
(293, 3, 31),
(294, 3, 32),
(295, 3, 31),
(297, 3, 32),
(298, 3, 31),
(299, 3, 33),
(300, 3, 32),
(301, 3, 31),
(302, 3, 33),
(827, 2, 45),
(826, 2, 44),
(825, 2, 43),
(824, 2, 93),
(823, 2, 91),
(822, 2, 90),
(821, 2, 89),
(820, 2, 88),
(819, 2, 87),
(818, 2, 86),
(817, 2, 85),
(816, 2, 42),
(815, 2, 41),
(814, 2, 40),
(813, 2, 39),
(812, 2, 38),
(811, 2, 37),
(810, 2, 33),
(809, 2, 31),
(808, 2, 32),
(807, 2, 56),
(806, 2, 55),
(805, 2, 54),
(804, 2, 53),
(803, 2, 29),
(802, 2, 150),
(801, 2, 149),
(800, 2, 148),
(799, 2, 147),
(798, 2, 146),
(797, 2, 35),
(796, 2, 108),
(795, 2, 107),
(794, 2, 34),
(337, 3, 34),
(338, 3, 32),
(339, 3, 31),
(340, 3, 33),
(439, 6, 34),
(440, 6, 35),
(441, 6, 116),
(442, 6, 117),
(443, 6, 118),
(444, 6, 119),
(445, 6, 120),
(446, 6, 121),
(447, 6, 124),
(448, 6, 125),
(449, 6, 126),
(450, 6, 127),
(451, 6, 122),
(452, 6, 131),
(453, 6, 130),
(454, 6, 129),
(455, 6, 128),
(456, 6, 123),
(457, 6, 132),
(458, 6, 133),
(459, 6, 134),
(460, 6, 135),
(2233, 1, 176),
(2232, 1, 175),
(2231, 1, 174),
(2230, 1, 197),
(2229, 1, 196),
(2228, 1, 195),
(2227, 1, 194),
(2226, 1, 193),
(2225, 1, 192),
(2224, 1, 191),
(2223, 1, 190),
(2222, 1, 189),
(2221, 1, 173),
(2220, 1, 172),
(2219, 1, 171),
(2218, 1, 179),
(2217, 1, 178),
(2216, 1, 177),
(2215, 1, 167),
(2214, 1, 166),
(2213, 1, 165),
(2212, 1, 188),
(2211, 1, 187),
(2210, 1, 186),
(2209, 1, 185),
(2208, 1, 184),
(2207, 1, 183),
(2206, 1, 164),
(2205, 1, 163),
(2204, 1, 162),
(2203, 1, 161),
(2202, 1, 160),
(2201, 1, 159),
(2200, 1, 158),
(2199, 1, 157),
(2198, 1, 156),
(2197, 1, 155),
(2196, 1, 154),
(2195, 1, 153),
(2194, 1, 152),
(2193, 1, 151),
(2192, 1, 182),
(2191, 1, 181),
(2190, 1, 180),
(2189, 1, 114),
(2188, 1, 113),
(2187, 1, 112),
(2186, 1, 111),
(2185, 1, 35),
(2184, 1, 110),
(2183, 1, 109),
(2182, 1, 108),
(2181, 1, 107),
(2180, 1, 34);
COMMIT;

/*!40101 SET CHARACTER_SET_CLIENT=@OLD_CHARACTER_SET_CLIENT */;
/*!40101 SET CHARACTER_SET_RESULTS=@OLD_CHARACTER_SET_RESULTS */;
/*!40101 SET COLLATION_CONNECTION=@OLD_COLLATION_CONNECTION */;
