-- --------------------------------------------------------
-- Host:                         127.0.0.1
-- Server version:               10.4.10-MariaDB - mariadb.org binary distribution
-- Server OS:                    Win64
-- HeidiSQL Version:             10.3.0.5771
-- --------------------------------------------------------

/*!40101 SET @OLD_CHARACTER_SET_CLIENT=@@CHARACTER_SET_CLIENT */;
/*!40101 SET NAMES utf8 */;
/*!50503 SET NAMES utf8mb4 */;
/*!40014 SET @OLD_FOREIGN_KEY_CHECKS=@@FOREIGN_KEY_CHECKS, FOREIGN_KEY_CHECKS=0 */;
/*!40101 SET @OLD_SQL_MODE=@@SQL_MODE, SQL_MODE='NO_AUTO_VALUE_ON_ZERO' */;

-- Dumping data for table aljoysgroup.all_no_generater: 6 rows
/*!40000 ALTER TABLE `all_no_generater` DISABLE KEYS */;
INSERT INTO `all_no_generater` (`all_no_generater_id`, `name`, `field`, `prefix`, `sufix`, `sequence_no`, `financial_status`, `financial_beginning`, `financial_before_s_no`, `financial_after_s_no`, `financial_end`, `created_by`, `created_date`, `updated_by`, `updated_date`, `del_status`) VALUES
	(1, 'Welder Ref No', 'welder_ref_no', 'DIM-', '', 347, 1, 0, 1, 0, 0, '2147484849', '0000-00-00 00:00:00', '565406348', '2017-02-11 13:14:42', 0),
	(2, 'Batch Ref No', 'batch_ref_no', 'JR-', '', 353, 1, 0, 1, 0, 0, '2147484849', '0000-00-00 00:00:00', '565406348', '2016-11-11 14:37:09', 0),
	(3, 'Invoice', 'in_no', '', '', 216, 0, 0, 0, 0, 0, '2147484849', '2016-03-28 22:14:36', '565406348', '2017-02-04 10:30:20', 0),
	(4, 'delivery challan', 'dc_no', '', '', 3001, 0, 0, 0, 0, 0, '2147484849', '2016-03-28 22:14:36', '565406348', '2017-01-31 16:12:35', 0),
	(5, 'Inspection', 'insp_no', '', '', 8803, 0, 0, 0, 0, 0, '2147484849', '2016-03-28 22:14:36', '565406348', '2016-09-06 14:38:26', 0),
	(6, 'complents', 'cm_no', 'SUN/16-17/', '10016', 5, 0, 0, 0, 0, 0, '2147484849', '2016-10-27 04:15:17', '2147484849', '2016-10-27 04:15:17', 0);
/*!40000 ALTER TABLE `all_no_generater` ENABLE KEYS */;

-- Dumping data for table aljoysgroup.ci_sessions: 224 rows
/*!40000 ALTER TABLE `ci_sessions` DISABLE KEYS */;
INSERT INTO `ci_sessions` (`id`, `ip_address`, `timestamp`, `data`) VALUES
	('6ca58c351e9a698d36acd4c365f49f720a377ca4', '::1', 1593239221, _binary 0x5F5F63695F6C6173745F726567656E65726174657C693A313539333233393232313B63757272656E745F6C616E67756167657C733A373A22656E676C697368223B6964656E746974797C733A31343A226A7261647340696E666F2E636F6D223B656D61696C7C733A31343A226A7261647340696E666F2E636F6D223B757365725F69647C733A323A223131223B6F6C645F6C6173745F6C6F67696E7C733A31303A2231353933303931363234223B73745F73746F726549447C733A313A2230223B63757272656E745F62617463685F69647C4E3B),
	('235ed8ff9a4e1bd15050768e0e30299f87b56253', '::1', 1593237960, _binary 0x5F5F63695F6C6173745F726567656E65726174657C693A313539333233373936303B63757272656E745F6C616E67756167657C733A373A22656E676C697368223B6964656E746974797C733A31343A226A7261647340696E666F2E636F6D223B656D61696C7C733A31343A226A7261647340696E666F2E636F6D223B757365725F69647C733A323A223131223B6F6C645F6C6173745F6C6F67696E7C733A31303A2231353933303931363234223B73745F73746F726549447C733A313A2230223B63757272656E745F62617463685F69647C4E3B),
	('87ebb02c2ba33e8dc74342708c98d8dd97ac7b2b', '::1', 1593091983, _binary 0x5F5F63695F6C6173745F726567656E65726174657C693A313539333039313934343B63757272656E745F6C616E67756167657C733A373A22656E676C697368223B6964656E746974797C733A31343A226A7261647340696E666F2E636F6D223B656D61696C7C733A31343A226A7261647340696E666F2E636F6D223B757365725F69647C733A323A223131223B6F6C645F6C6173745F6C6F67696E7C733A31303A2231353933303739333735223B73745F73746F726549447C733A313A2230223B63757272656E745F62617463685F69647C4E3B),
	('39c360ed29ee28f09cf82a5e9f69be29b673babf', '::1', 1593091944, _binary 0x5F5F63695F6C6173745F726567656E65726174657C693A313539333039313934343B63757272656E745F6C616E67756167657C733A373A22656E676C697368223B6964656E746974797C733A31343A226A7261647340696E666F2E636F6D223B656D61696C7C733A31343A226A7261647340696E666F2E636F6D223B757365725F69647C733A323A223131223B6F6C645F6C6173745F6C6F67696E7C733A31303A2231353933303739333735223B73745F73746F726549447C733A313A2230223B63757272656E745F62617463685F69647C4E3B),
	('d2f33c44fb66d4deb2a401ddcf52b831315801ec', '::1', 1593082432, _binary 0x5F5F63695F6C6173745F726567656E65726174657C693A313539333038323239373B63757272656E745F6C616E67756167657C733A373A22656E676C697368223B6964656E746974797C733A31343A226A7261647340696E666F2E636F6D223B656D61696C7C733A31343A226A7261647340696E666F2E636F6D223B757365725F69647C733A323A223131223B6F6C645F6C6173745F6C6F67696E7C733A31303A2231353933303539353536223B73745F73746F726549447C733A313A2230223B63757272656E745F62617463685F69647C733A313A2231223B),
	('a1b4709a4d02497824d5c6648aaceb228f7a0c05', '::1', 1593082297, _binary 0x5F5F63695F6C6173745F726567656E65726174657C693A313539333038323239373B63757272656E745F6C616E67756167657C733A373A22656E676C697368223B6964656E746974797C733A31343A226A7261647340696E666F2E636F6D223B656D61696C7C733A31343A226A7261647340696E666F2E636F6D223B757365725F69647C733A323A223131223B6F6C645F6C6173745F6C6F67696E7C733A31303A2231353933303539353536223B73745F73746F726549447C733A313A2230223B63757272656E745F62617463685F69647C733A313A2231223B),
	('7e75cabed680bf8d14dca8a252f291e2f664777b', '::1', 1593081951, _binary 0x5F5F63695F6C6173745F726567656E65726174657C693A313539333038313935313B63757272656E745F6C616E67756167657C733A373A22656E676C697368223B6964656E746974797C733A31343A226A7261647340696E666F2E636F6D223B656D61696C7C733A31343A226A7261647340696E666F2E636F6D223B757365725F69647C733A323A223131223B6F6C645F6C6173745F6C6F67696E7C733A31303A2231353933303539353536223B73745F73746F726549447C733A313A2230223B63757272656E745F62617463685F69647C733A313A2231223B),
	('95bdc286a78671d05e2be451dce66c5a46e6038c', '::1', 1593081631, _binary 0x5F5F63695F6C6173745F726567656E65726174657C693A313539333038313633313B63757272656E745F6C616E67756167657C733A373A22656E676C697368223B6964656E746974797C733A31343A226A7261647340696E666F2E636F6D223B656D61696C7C733A31343A226A7261647340696E666F2E636F6D223B757365725F69647C733A323A223131223B6F6C645F6C6173745F6C6F67696E7C733A31303A2231353933303539353536223B73745F73746F726549447C733A313A2230223B63757272656E745F62617463685F69647C733A313A2231223B),
	('4f13e5fc280b008bcadf388a5ade21858816ad89', '::1', 1593081326, _binary 0x5F5F63695F6C6173745F726567656E65726174657C693A313539333038313332363B63757272656E745F6C616E67756167657C733A373A22656E676C697368223B6964656E746974797C733A31343A226A7261647340696E666F2E636F6D223B656D61696C7C733A31343A226A7261647340696E666F2E636F6D223B757365725F69647C733A323A223131223B6F6C645F6C6173745F6C6F67696E7C733A31303A2231353933303539353536223B73745F73746F726549447C733A313A2230223B63757272656E745F62617463685F69647C733A313A2231223B),
	('7b12d1d8c1794d5a44a4db1a7a0851ff01dc0611', '::1', 1593081019, _binary 0x5F5F63695F6C6173745F726567656E65726174657C693A313539333038313031393B63757272656E745F6C616E67756167657C733A373A22656E676C697368223B6964656E746974797C733A31343A226A7261647340696E666F2E636F6D223B656D61696C7C733A31343A226A7261647340696E666F2E636F6D223B757365725F69647C733A323A223131223B6F6C645F6C6173745F6C6F67696E7C733A31303A2231353933303539353536223B73745F73746F726549447C733A313A2230223B63757272656E745F62617463685F69647C4E3B),
	('2e468ad16ec0dc5ce1e0fe95b85efe13addb4ab3', '::1', 1593080675, _binary 0x5F5F63695F6C6173745F726567656E65726174657C693A313539333038303637353B63757272656E745F6C616E67756167657C733A373A22656E676C697368223B6964656E746974797C733A31343A226A7261647340696E666F2E636F6D223B656D61696C7C733A31343A226A7261647340696E666F2E636F6D223B757365725F69647C733A323A223131223B6F6C645F6C6173745F6C6F67696E7C733A31303A2231353933303539353536223B73745F73746F726549447C733A313A2230223B63757272656E745F62617463685F69647C4E3B),
	('918bd6273c95a2b3eef240495540f93cd0bcdef7', '::1', 1593080219, _binary 0x5F5F63695F6C6173745F726567656E65726174657C693A313539333038303231393B63757272656E745F6C616E67756167657C733A373A22656E676C697368223B6964656E746974797C733A31343A226A7261647340696E666F2E636F6D223B656D61696C7C733A31343A226A7261647340696E666F2E636F6D223B757365725F69647C733A323A223131223B6F6C645F6C6173745F6C6F67696E7C733A31303A2231353933303539353536223B73745F73746F726549447C733A313A2230223B63757272656E745F62617463685F69647C4E3B),
	('07c20f683cad75f6a5b539a883fd46931f4a6bbc', '::1', 1593079729, _binary 0x5F5F63695F6C6173745F726567656E65726174657C693A313539333037393732393B63757272656E745F6C616E67756167657C733A373A22656E676C697368223B6964656E746974797C733A31343A226A7261647340696E666F2E636F6D223B656D61696C7C733A31343A226A7261647340696E666F2E636F6D223B757365725F69647C733A323A223131223B6F6C645F6C6173745F6C6F67696E7C733A31303A2231353933303539353536223B73745F73746F726549447C733A313A2230223B63757272656E745F62617463685F69647C4E3B),
	('823b5c532a86e2dc679fff654af60426dc10c166', '::1', 1593066696, _binary 0x5F5F63695F6C6173745F726567656E65726174657C693A313539333036363638373B63757272656E745F6C616E67756167657C733A373A22656E676C697368223B6964656E746974797C733A31343A226A7261647340696E666F2E636F6D223B656D61696C7C733A31343A226A7261647340696E666F2E636F6D223B757365725F69647C733A323A223131223B6F6C645F6C6173745F6C6F67696E7C733A31303A2231353932393232323332223B73745F73746F726549447C733A313A2230223B63757272656E745F62617463685F69647C733A313A2231223B),
	('e5091565982480833063f25192804dec85dbe65e', '::1', 1593066687, _binary 0x5F5F63695F6C6173745F726567656E65726174657C693A313539333036363638373B63757272656E745F6C616E67756167657C733A373A22656E676C697368223B6964656E746974797C733A31343A226A7261647340696E666F2E636F6D223B656D61696C7C733A31343A226A7261647340696E666F2E636F6D223B757365725F69647C733A323A223131223B6F6C645F6C6173745F6C6F67696E7C733A31303A2231353932393232323332223B73745F73746F726549447C733A313A2230223B63757272656E745F62617463685F69647C733A313A2231223B),
	('8b255ca7f27dea0594bb31b86dc6aa8f4a2ac9d0', '::1', 1593066380, _binary 0x5F5F63695F6C6173745F726567656E65726174657C693A313539333036363338303B63757272656E745F6C616E67756167657C733A373A22656E676C697368223B6964656E746974797C733A31343A226A7261647340696E666F2E636F6D223B656D61696C7C733A31343A226A7261647340696E666F2E636F6D223B757365725F69647C733A323A223131223B6F6C645F6C6173745F6C6F67696E7C733A31303A2231353932393232323332223B73745F73746F726549447C733A313A2230223B63757272656E745F62617463685F69647C733A313A2231223B),
	('6d5b3b3f592c262aae2eab4d1aa305cb4e37d7a9', '::1', 1593065537, _binary 0x5F5F63695F6C6173745F726567656E65726174657C693A313539333036353533373B63757272656E745F6C616E67756167657C733A373A22656E676C697368223B6964656E746974797C733A31343A226A7261647340696E666F2E636F6D223B656D61696C7C733A31343A226A7261647340696E666F2E636F6D223B757365725F69647C733A323A223131223B6F6C645F6C6173745F6C6F67696E7C733A31303A2231353932393232323332223B73745F73746F726549447C733A313A2230223B63757272656E745F62617463685F69647C733A313A2231223B),
	('d5f9d24fc4943b9aa16a17a7138018f381c7d330', '::1', 1593065188, _binary 0x5F5F63695F6C6173745F726567656E65726174657C693A313539333036353138383B63757272656E745F6C616E67756167657C733A373A22656E676C697368223B6964656E746974797C733A31343A226A7261647340696E666F2E636F6D223B656D61696C7C733A31343A226A7261647340696E666F2E636F6D223B757365725F69647C733A323A223131223B6F6C645F6C6173745F6C6F67696E7C733A31303A2231353932393232323332223B73745F73746F726549447C733A313A2230223B63757272656E745F62617463685F69647C733A313A2231223B),
	('621cc0dbd3dc11a92d7a9a4eecd4f78a2c4b3d37', '::1', 1593064876, _binary 0x5F5F63695F6C6173745F726567656E65726174657C693A313539333036343837363B63757272656E745F6C616E67756167657C733A373A22656E676C697368223B6964656E746974797C733A31343A226A7261647340696E666F2E636F6D223B656D61696C7C733A31343A226A7261647340696E666F2E636F6D223B757365725F69647C733A323A223131223B6F6C645F6C6173745F6C6F67696E7C733A31303A2231353932393232323332223B73745F73746F726549447C733A313A2230223B63757272656E745F62617463685F69647C4E3B),
	('90fa6fef8177deb7c0a019c090b4da4560b9dcd2', '::1', 1593064570, _binary 0x5F5F63695F6C6173745F726567656E65726174657C693A313539333036343537303B63757272656E745F6C616E67756167657C733A373A22656E676C697368223B6964656E746974797C733A31343A226A7261647340696E666F2E636F6D223B656D61696C7C733A31343A226A7261647340696E666F2E636F6D223B757365725F69647C733A323A223131223B6F6C645F6C6173745F6C6F67696E7C733A31303A2231353932393232323332223B73745F73746F726549447C733A313A2230223B63757272656E745F62617463685F69647C4E3B),
	('286e9392b62a600ef419393267a2f520c4343dc3', '::1', 1593064087, _binary 0x5F5F63695F6C6173745F726567656E65726174657C693A313539333036343038373B63757272656E745F6C616E67756167657C733A373A22656E676C697368223B6964656E746974797C733A31343A226A7261647340696E666F2E636F6D223B656D61696C7C733A31343A226A7261647340696E666F2E636F6D223B757365725F69647C733A323A223131223B6F6C645F6C6173745F6C6F67696E7C733A31303A2231353932393232323332223B73745F73746F726549447C733A313A2230223B63757272656E745F62617463685F69647C4E3B),
	('8c2fadf05622ab3cc8d43a1eda98c98024ea7579', '::1', 1593060610, _binary 0x5F5F63695F6C6173745F726567656E65726174657C693A313539333036303631303B63757272656E745F6C616E67756167657C733A373A22656E676C697368223B6964656E746974797C733A31343A226A7261647340696E666F2E636F6D223B656D61696C7C733A31343A226A7261647340696E666F2E636F6D223B757365725F69647C733A323A223131223B6F6C645F6C6173745F6C6F67696E7C733A31303A2231353932393232323332223B73745F73746F726549447C733A313A2230223B63757272656E745F62617463685F69647C4E3B),
	('1d3630968869c7f1e29c758f3032f3610fe999ac', '::1', 1593060922, _binary 0x5F5F63695F6C6173745F726567656E65726174657C693A313539333036303932323B63757272656E745F6C616E67756167657C733A373A22656E676C697368223B6964656E746974797C733A31343A226A7261647340696E666F2E636F6D223B656D61696C7C733A31343A226A7261647340696E666F2E636F6D223B757365725F69647C733A323A223131223B6F6C645F6C6173745F6C6F67696E7C733A31303A2231353932393232323332223B73745F73746F726549447C733A313A2230223B63757272656E745F62617463685F69647C4E3B),
	('16e40177b5b6c2961eb6162036f3750005a36de8', '::1', 1592922893, _binary 0x5F5F63695F6C6173745F726567656E65726174657C693A313539323932323839333B63757272656E745F6C616E67756167657C733A373A22656E676C697368223B6964656E746974797C733A31343A226A7261647340696E666F2E636F6D223B656D61696C7C733A31343A226A7261647340696E666F2E636F6D223B757365725F69647C733A323A223131223B6F6C645F6C6173745F6C6F67696E7C733A31303A2231353932373030343930223B73745F73746F726549447C733A313A2230223B63757272656E745F62617463685F69647C4E3B),
	('f2f43934c9547c5b5d7f2109087fe86eacb2b7e0', '::1', 1593059856, _binary 0x5F5F63695F6C6173745F726567656E65726174657C693A313539333035393835363B63757272656E745F6C616E67756167657C733A373A22656E676C697368223B6964656E746974797C733A31343A226A7261647340696E666F2E636F6D223B656D61696C7C733A31343A226A7261647340696E666F2E636F6D223B757365725F69647C733A323A223131223B6F6C645F6C6173745F6C6F67696E7C733A31303A2231353932393232323332223B73745F73746F726549447C733A313A2230223B63757272656E745F62617463685F69647C4E3B),
	('dcef701221e309b9ebc84aef210a18b8f76008d3', '::1', 1592706093, _binary 0x5F5F63695F6C6173745F726567656E65726174657C693A313539323730363039323B6D6573736167657C733A36323A223C64697620636C6173733D22616C65727420616C6572742D73756363657373223E4C6F67676564204F7574205375636365737366756C6C793C2F6469763E223B5F5F63695F766172737C613A313A7B733A373A226D657373616765223B733A333A226F6C64223B7D),
	('3fb536a3cbe1aeda7992f02f5fe7a2da8fa40b9d', '::1', 1592922893, _binary 0x5F5F63695F6C6173745F726567656E65726174657C693A313539323932323839333B63757272656E745F6C616E67756167657C733A373A22656E676C697368223B6964656E746974797C733A31343A226A7261647340696E666F2E636F6D223B656D61696C7C733A31343A226A7261647340696E666F2E636F6D223B757365725F69647C733A323A223131223B6F6C645F6C6173745F6C6F67696E7C733A31303A2231353932373030343930223B73745F73746F726549447C733A313A2230223B63757272656E745F62617463685F69647C4E3B),
	('041adafd2c3eb32a1f68bccc288839ac94dfd9a5', '::1', 1592706065, _binary 0x5F5F63695F6C6173745F726567656E65726174657C693A313539323730363036353B63757272656E745F6C616E67756167657C733A373A22656E676C697368223B6964656E746974797C733A31343A226A7261647340696E666F2E636F6D223B656D61696C7C733A31343A226A7261647340696E666F2E636F6D223B757365725F69647C733A323A223131223B6F6C645F6C6173745F6C6F67696E7C733A31303A2231353932373030343337223B73745F73746F726549447C733A313A2230223B63757272656E745F62617463685F69647C733A313A2231223B),
	('615a9261eb1999422feac17b0be54696f31ac28e', '::1', 1592705542, _binary 0x5F5F63695F6C6173745F726567656E65726174657C693A313539323730353534323B63757272656E745F6C616E67756167657C733A373A22656E676C697368223B6964656E746974797C733A31343A226A7261647340696E666F2E636F6D223B656D61696C7C733A31343A226A7261647340696E666F2E636F6D223B757365725F69647C733A323A223131223B6F6C645F6C6173745F6C6F67696E7C733A31303A2231353932373030343337223B73745F73746F726549447C733A313A2230223B63757272656E745F62617463685F69647C733A313A2231223B),
	('0f83ce7476dc068ea5ec6a43c5c4f8c8f66ab5ac', '::1', 1592705007, _binary 0x5F5F63695F6C6173745F726567656E65726174657C693A313539323730353030373B63757272656E745F6C616E67756167657C733A373A22656E676C697368223B6964656E746974797C733A31343A226A7261647340696E666F2E636F6D223B656D61696C7C733A31343A226A7261647340696E666F2E636F6D223B757365725F69647C733A323A223131223B6F6C645F6C6173745F6C6F67696E7C733A31303A2231353932373030343337223B73745F73746F726549447C733A313A2230223B63757272656E745F62617463685F69647C733A313A2231223B),
	('34d932fbad1087afd27dae0ebd74d0d4f112ef8d', '::1', 1592704542, _binary 0x5F5F63695F6C6173745F726567656E65726174657C693A313539323730343534323B63757272656E745F6C616E67756167657C733A373A22656E676C697368223B6964656E746974797C733A31343A226A7261647340696E666F2E636F6D223B656D61696C7C733A31343A226A7261647340696E666F2E636F6D223B757365725F69647C733A323A223131223B6F6C645F6C6173745F6C6F67696E7C733A31303A2231353932373030343337223B73745F73746F726549447C733A313A2230223B63757272656E745F62617463685F69647C733A313A2231223B),
	('c708761de7295cd1699bf61b522ed6b242512b0b', '::1', 1592704227, _binary 0x5F5F63695F6C6173745F726567656E65726174657C693A313539323730343232373B63757272656E745F6C616E67756167657C733A373A22656E676C697368223B6964656E746974797C733A31343A226A7261647340696E666F2E636F6D223B656D61696C7C733A31343A226A7261647340696E666F2E636F6D223B757365725F69647C733A323A223131223B6F6C645F6C6173745F6C6F67696E7C733A31303A2231353932373030343337223B73745F73746F726549447C733A313A2230223B63757272656E745F62617463685F69647C733A313A2231223B),
	('79e4d1c72b03dab2270402b3b6be9416f7b7ed38', '::1', 1592703871, _binary 0x5F5F63695F6C6173745F726567656E65726174657C693A313539323730333837313B63757272656E745F6C616E67756167657C733A373A22656E676C697368223B6964656E746974797C733A31343A226A7261647340696E666F2E636F6D223B656D61696C7C733A31343A226A7261647340696E666F2E636F6D223B757365725F69647C733A323A223131223B6F6C645F6C6173745F6C6F67696E7C733A31303A2231353932373030343337223B73745F73746F726549447C733A313A2230223B63757272656E745F62617463685F69647C733A313A2231223B),
	('a742804955bb5737bdd017aae1a2d62ba0cb3b3c', '::1', 1592702757, _binary 0x5F5F63695F6C6173745F726567656E65726174657C693A313539323730323735373B63757272656E745F6C616E67756167657C733A373A22656E676C697368223B6964656E746974797C733A31343A226A7261647340696E666F2E636F6D223B656D61696C7C733A31343A226A7261647340696E666F2E636F6D223B757365725F69647C733A323A223131223B6F6C645F6C6173745F6C6F67696E7C733A31303A2231353932373030343337223B73745F73746F726549447C733A313A2230223B63757272656E745F62617463685F69647C733A313A2231223B),
	('2c1d03f13e530e373b2575ba8e70015f4206e6a9', '::1', 1592702379, _binary 0x5F5F63695F6C6173745F726567656E65726174657C693A313539323730323337393B63757272656E745F6C616E67756167657C733A373A22656E676C697368223B6964656E746974797C733A31343A226A7261647340696E666F2E636F6D223B656D61696C7C733A31343A226A7261647340696E666F2E636F6D223B757365725F69647C733A323A223131223B6F6C645F6C6173745F6C6F67696E7C733A31303A2231353932373030343337223B73745F73746F726549447C733A313A2230223B63757272656E745F62617463685F69647C733A313A2231223B),
	('8c71e4d07b0574560185936dac3a1a9288c09351', '::1', 1592701484, _binary 0x5F5F63695F6C6173745F726567656E65726174657C693A313539323730313438343B63757272656E745F6C616E67756167657C733A373A22656E676C697368223B6964656E746974797C733A31343A226A7261647340696E666F2E636F6D223B656D61696C7C733A31343A226A7261647340696E666F2E636F6D223B757365725F69647C733A323A223131223B6F6C645F6C6173745F6C6F67696E7C733A31303A2231353932373030343337223B73745F73746F726549447C733A313A2230223B63757272656E745F62617463685F69647C733A313A2231223B),
	('0f91150a91f30eda874c124a95ca9b85cb30d0f0', '::1', 1592539233, _binary 0x5F5F63695F6C6173745F726567656E65726174657C693A313539323533393233333B),
	('c1e4c8c788eb0a9dabf2019e44c897e1ce8dce26', '::1', 1592700823, _binary 0x5F5F63695F6C6173745F726567656E65726174657C693A313539323730303832333B63757272656E745F6C616E67756167657C733A373A22656E676C697368223B6964656E746974797C733A31343A226A7261647340696E666F2E636F6D223B656D61696C7C733A31343A226A7261647340696E666F2E636F6D223B757365725F69647C733A323A223131223B6F6C645F6C6173745F6C6F67696E7C733A31303A2231353932373030343337223B73745F73746F726549447C733A313A2230223B63757272656E745F62617463685F69647C733A313A2231223B),
	('96e5f00210d041d625bdfa34c36747e8f8661f50', '::1', 1592530591, _binary 0x5F5F63695F6C6173745F726567656E65726174657C693A313539323533303236363B63757272656E745F6C616E67756167657C733A373A22656E676C697368223B6964656E746974797C733A31343A226A7261647340696E666F2E636F6D223B656D61696C7C733A31343A226A7261647340696E666F2E636F6D223B757365725F69647C733A323A223131223B6F6C645F6C6173745F6C6F67696E7C733A31303A2231353932343935373133223B73745F73746F726549447C733A313A2230223B63757272656E745F62617463685F69647C4E3B),
	('923f72858948ec96438d4d3d0a241f35322a300d', '::1', 1592496247, _binary 0x5F5F63695F6C6173745F726567656E65726174657C693A313539323439363234373B6D6573736167657C733A36323A223C64697620636C6173733D22616C65727420616C6572742D73756363657373223E4C6F67676564204F7574205375636365737366756C6C793C2F6469763E223B5F5F63695F766172737C613A313A7B733A373A226D657373616765223B733A333A226F6C64223B7D),
	('f9ee1e168065748f3d22f96a9fde68a59b6e0664', '::1', 1592530266, _binary 0x5F5F63695F6C6173745F726567656E65726174657C693A313539323533303236363B63757272656E745F6C616E67756167657C733A373A22656E676C697368223B6964656E746974797C733A31343A226A7261647340696E666F2E636F6D223B656D61696C7C733A31343A226A7261647340696E666F2E636F6D223B757365725F69647C733A323A223131223B6F6C645F6C6173745F6C6F67696E7C733A31303A2231353932343935373133223B73745F73746F726549447C733A313A2230223B63757272656E745F62617463685F69647C4E3B),
	('250dce3ae43958469ac0be1783788ebb6014a42b', '::1', 1592495700, _binary 0x5F5F63695F6C6173745F726567656E65726174657C693A313539323439353730303B63757272656E745F6C616E67756167657C733A373A22656E676C697368223B6964656E746974797C733A31343A226A7261647340696E666F2E636F6D223B656D61696C7C733A31343A226A7261647340696E666F2E636F6D223B757365725F69647C733A323A223131223B6F6C645F6C6173745F6C6F67696E7C733A31303A2231353932333636383131223B73745F73746F726549447C733A313A2230223B63757272656E745F62617463685F69647C733A313A2231223B),
	('98b59edf8bc90694e385650482dde37bd65d9f6c', '::1', 1592496001, _binary 0x5F5F63695F6C6173745F726567656E65726174657C693A313539323439363030313B63757272656E745F6C616E67756167657C733A373A22656E676C697368223B6964656E746974797C733A31343A226A7261647340696E666F2E636F6D223B656D61696C7C733A31343A226A7261647340696E666F2E636F6D223B757365725F69647C733A323A223131223B6F6C645F6C6173745F6C6F67696E7C733A31303A2231353932343930333030223B73745F73746F726549447C733A313A2230223B63757272656E745F62617463685F69647C733A313A2231223B),
	('3b474996eac989d07a524887e99d334da0524344', '::1', 1592495348, _binary 0x5F5F63695F6C6173745F726567656E65726174657C693A313539323439353334383B63757272656E745F6C616E67756167657C733A373A22656E676C697368223B6964656E746974797C733A31343A226A7261647340696E666F2E636F6D223B656D61696C7C733A31343A226A7261647340696E666F2E636F6D223B757365725F69647C733A323A223131223B6F6C645F6C6173745F6C6F67696E7C733A31303A2231353932333636383131223B73745F73746F726549447C733A313A2230223B63757272656E745F62617463685F69647C733A313A2231223B),
	('574e8202eff066d9d565a96c955f732177e0c1ed', '::1', 1592494667, _binary 0x5F5F63695F6C6173745F726567656E65726174657C693A313539323439343636373B63757272656E745F6C616E67756167657C733A373A22656E676C697368223B6964656E746974797C733A31343A226A7261647340696E666F2E636F6D223B656D61696C7C733A31343A226A7261647340696E666F2E636F6D223B757365725F69647C733A323A223131223B6F6C645F6C6173745F6C6F67696E7C733A31303A2231353932333636383131223B73745F73746F726549447C733A313A2230223B63757272656E745F62617463685F69647C733A313A2231223B),
	('4694bf38b3747bfce61a8d8c4e99f25c30a4a829', '::1', 1592494236, _binary 0x5F5F63695F6C6173745F726567656E65726174657C693A313539323439343233363B63757272656E745F6C616E67756167657C733A373A22656E676C697368223B6964656E746974797C733A31343A226A7261647340696E666F2E636F6D223B656D61696C7C733A31343A226A7261647340696E666F2E636F6D223B757365725F69647C733A323A223131223B6F6C645F6C6173745F6C6F67696E7C733A31303A2231353932333636383131223B73745F73746F726549447C733A313A2230223B63757272656E745F62617463685F69647C733A313A2231223B),
	('c3c2ab203383518a61a494d7c1ae124a84480400', '::1', 1592493930, _binary 0x5F5F63695F6C6173745F726567656E65726174657C693A313539323439333933303B63757272656E745F6C616E67756167657C733A373A22656E676C697368223B6964656E746974797C733A31343A226A7261647340696E666F2E636F6D223B656D61696C7C733A31343A226A7261647340696E666F2E636F6D223B757365725F69647C733A323A223131223B6F6C645F6C6173745F6C6F67696E7C733A31303A2231353932333636383131223B73745F73746F726549447C733A313A2230223B63757272656E745F62617463685F69647C733A313A2231223B),
	('afcef1aec20a70ca7801daabd018a1c64572f24d', '::1', 1592489531, _binary 0x5F5F63695F6C6173745F726567656E65726174657C693A313539323438393533313B),
	('fbfc75cdf6c5b4d961b382db8b54efe123837f88', '::1', 1592490300, _binary 0x5F5F63695F6C6173745F726567656E65726174657C693A313539323439303330303B),
	('bedbd7572331a54383f1a6b9db5d464259d806c0', '::1', 1592492922, _binary 0x5F5F63695F6C6173745F726567656E65726174657C693A313539323439323932323B63757272656E745F6C616E67756167657C733A373A22656E676C697368223B6964656E746974797C733A31343A226A7261647340696E666F2E636F6D223B656D61696C7C733A31343A226A7261647340696E666F2E636F6D223B757365725F69647C733A323A223131223B6F6C645F6C6173745F6C6F67696E7C733A31303A2231353932333636383131223B73745F73746F726549447C733A313A2230223B63757272656E745F62617463685F69647C733A313A2231223B),
	('6538b9f11250c5d532facbb50096af57a561efd9', '::1', 1592493302, _binary 0x5F5F63695F6C6173745F726567656E65726174657C693A313539323439333330323B63757272656E745F6C616E67756167657C733A373A22656E676C697368223B6964656E746974797C733A31343A226A7261647340696E666F2E636F6D223B656D61696C7C733A31343A226A7261647340696E666F2E636F6D223B757365725F69647C733A323A223131223B6F6C645F6C6173745F6C6F67696E7C733A31303A2231353932333636383131223B73745F73746F726549447C733A313A2230223B63757272656E745F62617463685F69647C733A313A2231223B),
	('6bb63088498c56aba35c094d1d3f53c64bde0769', '::1', 1592489068, _binary 0x5F5F63695F6C6173745F726567656E65726174657C693A313539323438393036383B),
	('b01242f840a6ee857f014695f485f085b9245b74', '::1', 1592402642, _binary 0x5F5F63695F6C6173745F726567656E65726174657C693A313539323430323336353B),
	('5afad01fa7697a36945d605f77e52ac50acc976b', '::1', 1592401958, _binary 0x5F5F63695F6C6173745F726567656E65726174657C693A313539323430313935383B),
	('7c8a84e893ae247a8806c090262e8d69f5e0e04d', '::1', 1592402365, _binary 0x5F5F63695F6C6173745F726567656E65726174657C693A313539323430323336353B),
	('e8210a005ccf7b110602cdde9804b1ed3f66456f', '::1', 1592400996, _binary 0x5F5F63695F6C6173745F726567656E65726174657C693A313539323430303939363B),
	('3fc55e2ce1e32eeb56712fa3f0e3c6ddfe160250', '::1', 1592401419, _binary 0x5F5F63695F6C6173745F726567656E65726174657C693A313539323430313431393B),
	('31482fa67898a65d6fc15dce704b93bd420b26eb', '::1', 1592366847, _binary 0x5F5F63695F6C6173745F726567656E65726174657C693A313539323336363834373B6D6573736167657C733A36323A223C64697620636C6173733D22616C65727420616C6572742D73756363657373223E4C6F67676564204F7574205375636365737366756C6C793C2F6469763E223B5F5F63695F766172737C613A313A7B733A373A226D657373616765223B733A333A226F6C64223B7D),
	('4172864e4cd013fd94902164fe14320e4785414c', '::1', 1592400684, _binary 0x5F5F63695F6C6173745F726567656E65726174657C693A313539323430303638343B),
	('483911bb99e16deb1e64204163bb42aad1bab9bc', '::1', 1592366635, _binary 0x5F5F63695F6C6173745F726567656E65726174657C693A313539323336363633353B),
	('ed14fa474c32e83b1dffd20d5ea56e2d48f08098', '::1', 1592205390, _binary 0x5F5F63695F6C6173745F726567656E65726174657C693A313539323230353339303B6D6573736167657C733A36323A223C64697620636C6173733D22616C65727420616C6572742D73756363657373223E4C6F67676564204F7574205375636365737366756C6C793C2F6469763E223B5F5F63695F766172737C613A313A7B733A373A226D657373616765223B733A333A226F6C64223B7D),
	('7b8b4cf7f4eb407c39e574851d43405a78a9912c', '::1', 1592205390, _binary 0x5F5F63695F6C6173745F726567656E65726174657C693A313539323230353339303B),
	('59783b6d6d0b2b89b1e7936e2714970ac6343c9c', '::1', 1592227674, _binary 0x5F5F63695F6C6173745F726567656E65726174657C693A313539323232373533323B),
	('2b4ccc3b415cd7ccfcc3673cd5a4f1479106bc3f', '::1', 1592204556, _binary 0x5F5F63695F6C6173745F726567656E65726174657C693A313539323230343535363B),
	('f17f0b069a694dc2439132d72414eb31f4c2cbfa', '::1', 1592117266, _binary 0x5F5F63695F6C6173745F726567656E65726174657C693A313539323131373035313B63757272656E745F6C616E67756167657C733A373A22656E676C697368223B6964656E746974797C733A31343A226A7261647340696E666F2E636F6D223B656D61696C7C733A31343A226A7261647340696E666F2E636F6D223B757365725F69647C733A323A223131223B6F6C645F6C6173745F6C6F67696E7C733A31303A2231353931373933353733223B73745F73746F726549447C733A313A2230223B63757272656E745F62617463685F69647C733A313A2231223B),
	('2b27ce297114ffb3ccd4ef4763c82a0bf81cf2c4', '::1', 1592117051, _binary 0x5F5F63695F6C6173745F726567656E65726174657C693A313539323131373035313B63757272656E745F6C616E67756167657C733A373A22656E676C697368223B6964656E746974797C733A31343A226A7261647340696E666F2E636F6D223B656D61696C7C733A31343A226A7261647340696E666F2E636F6D223B757365725F69647C733A323A223131223B6F6C645F6C6173745F6C6F67696E7C733A31303A2231353931373933353733223B73745F73746F726549447C733A313A2230223B63757272656E745F62617463685F69647C733A313A2231223B),
	('7bc4b71c904d1c32dfff0fdc8f8b8bcff4c60a22', '::1', 1592116353, _binary 0x5F5F63695F6C6173745F726567656E65726174657C693A313539323131363335333B63757272656E745F6C616E67756167657C733A373A22656E676C697368223B6964656E746974797C733A31343A226A7261647340696E666F2E636F6D223B656D61696C7C733A31343A226A7261647340696E666F2E636F6D223B757365725F69647C733A323A223131223B6F6C645F6C6173745F6C6F67696E7C733A31303A2231353931373933353733223B73745F73746F726549447C733A313A2230223B63757272656E745F62617463685F69647C733A313A2231223B),
	('5b5eaea66e640c3afb01c00b1809c0bcdde9c38e', '::1', 1592116685, _binary 0x5F5F63695F6C6173745F726567656E65726174657C693A313539323131363638353B63757272656E745F6C616E67756167657C733A373A22656E676C697368223B6964656E746974797C733A31343A226A7261647340696E666F2E636F6D223B656D61696C7C733A31343A226A7261647340696E666F2E636F6D223B757365725F69647C733A323A223131223B6F6C645F6C6173745F6C6F67696E7C733A31303A2231353931373933353733223B73745F73746F726549447C733A313A2230223B63757272656E745F62617463685F69647C733A313A2231223B),
	('6ebe2fcf6735d8f2bf766fb43052eb3949e552da', '::1', 1592115875, _binary 0x5F5F63695F6C6173745F726567656E65726174657C693A313539323131353837353B63757272656E745F6C616E67756167657C733A373A22656E676C697368223B6964656E746974797C733A31343A226A7261647340696E666F2E636F6D223B656D61696C7C733A31343A226A7261647340696E666F2E636F6D223B757365725F69647C733A323A223131223B6F6C645F6C6173745F6C6F67696E7C733A31303A2231353931373933353733223B73745F73746F726549447C733A313A2230223B63757272656E745F62617463685F69647C733A313A2231223B),
	('1168e9299c4a40d749055eefa2992a7177952df1', '::1', 1592115465, _binary 0x5F5F63695F6C6173745F726567656E65726174657C693A313539323131353436353B63757272656E745F6C616E67756167657C733A373A22656E676C697368223B6964656E746974797C733A31343A226A7261647340696E666F2E636F6D223B656D61696C7C733A31343A226A7261647340696E666F2E636F6D223B757365725F69647C733A323A223131223B6F6C645F6C6173745F6C6F67696E7C733A31303A2231353931373933353733223B73745F73746F726549447C733A313A2230223B63757272656E745F62617463685F69647C733A313A2231223B),
	('bf31ccc54b501251dbadcbcdec2dda1ba8c2166d', '::1', 1592114889, _binary 0x5F5F63695F6C6173745F726567656E65726174657C693A313539323131343838393B63757272656E745F6C616E67756167657C733A373A22656E676C697368223B6964656E746974797C733A31343A226A7261647340696E666F2E636F6D223B656D61696C7C733A31343A226A7261647340696E666F2E636F6D223B757365725F69647C733A323A223131223B6F6C645F6C6173745F6C6F67696E7C733A31303A2231353931373933353733223B73745F73746F726549447C733A313A2230223B63757272656E745F62617463685F69647C733A313A2231223B),
	('916fd9702dd2918cecba9d1b32418f1d8c4d6cea', '::1', 1592114580, _binary 0x5F5F63695F6C6173745F726567656E65726174657C693A313539323131343538303B63757272656E745F6C616E67756167657C733A373A22656E676C697368223B6964656E746974797C733A31343A226A7261647340696E666F2E636F6D223B656D61696C7C733A31343A226A7261647340696E666F2E636F6D223B757365725F69647C733A323A223131223B6F6C645F6C6173745F6C6F67696E7C733A31303A2231353931373933353733223B73745F73746F726549447C733A313A2230223B63757272656E745F62617463685F69647C733A313A2231223B),
	('06f7d3fdf1d721e13cfb816a7a95389273a27ab6', '::1', 1591794362, _binary 0x5F5F63695F6C6173745F726567656E65726174657C693A313539313739343333313B63757272656E745F6C616E67756167657C733A373A22656E676C697368223B6964656E746974797C733A31343A226A7261647340696E666F2E636F6D223B656D61696C7C733A31343A226A7261647340696E666F2E636F6D223B757365725F69647C733A323A223131223B6F6C645F6C6173745F6C6F67696E7C733A31303A2231353931373039353532223B73745F73746F726549447C733A313A2230223B63757272656E745F62617463685F69647C733A313A2231223B),
	('bda7d569064ff2d7856b56a55a73e06b0ccfcdd6', '::1', 1591794331, _binary 0x5F5F63695F6C6173745F726567656E65726174657C693A313539313739343333313B63757272656E745F6C616E67756167657C733A373A22656E676C697368223B6964656E746974797C733A31343A226A7261647340696E666F2E636F6D223B656D61696C7C733A31343A226A7261647340696E666F2E636F6D223B757365725F69647C733A323A223131223B6F6C645F6C6173745F6C6F67696E7C733A31303A2231353931373039353532223B73745F73746F726549447C733A313A2230223B63757272656E745F62617463685F69647C733A313A2231223B),
	('dcb03cdacef1691c5d82ced79d965624f03b64b5', '::1', 1591793945, _binary 0x5F5F63695F6C6173745F726567656E65726174657C693A313539313739333934353B63757272656E745F6C616E67756167657C733A373A22656E676C697368223B6964656E746974797C733A31343A226A7261647340696E666F2E636F6D223B656D61696C7C733A31343A226A7261647340696E666F2E636F6D223B757365725F69647C733A323A223131223B6F6C645F6C6173745F6C6F67696E7C733A31303A2231353931373039353532223B73745F73746F726549447C733A313A2230223B63757272656E745F62617463685F69647C733A313A2231223B),
	('b3b59c6bcfc92b25cb99f7d33a857a5fe6b135f6', '::1', 1591715724, _binary 0x5F5F63695F6C6173745F726567656E65726174657C693A313539313731353730363B63757272656E745F6C616E67756167657C733A373A22656E676C697368223B6964656E746974797C733A31343A226A7261647340696E666F2E636F6D223B656D61696C7C733A31343A226A7261647340696E666F2E636F6D223B757365725F69647C733A323A223131223B6F6C645F6C6173745F6C6F67696E7C733A31303A2231353931363334373632223B73745F73746F726549447C733A313A2230223B63757272656E745F62617463685F69647C733A313A2231223B),
	('930414f665b96c1b18be77bbd30a3f5b8afe65e9', '::1', 1591715706, _binary 0x5F5F63695F6C6173745F726567656E65726174657C693A313539313731353730363B63757272656E745F6C616E67756167657C733A373A22656E676C697368223B6964656E746974797C733A31343A226A7261647340696E666F2E636F6D223B656D61696C7C733A31343A226A7261647340696E666F2E636F6D223B757365725F69647C733A323A223131223B6F6C645F6C6173745F6C6F67696E7C733A31303A2231353931363334373632223B73745F73746F726549447C733A313A2230223B63757272656E745F62617463685F69647C733A313A2231223B),
	('be68bd73e1ee7be1ad17669c56ac6098ee94f497', '::1', 1591713608, _binary 0x5F5F63695F6C6173745F726567656E65726174657C693A313539313731333630383B63757272656E745F6C616E67756167657C733A373A22656E676C697368223B6964656E746974797C733A31343A226A7261647340696E666F2E636F6D223B656D61696C7C733A31343A226A7261647340696E666F2E636F6D223B757365725F69647C733A323A223131223B6F6C645F6C6173745F6C6F67696E7C733A31303A2231353931363334373632223B73745F73746F726549447C733A313A2230223B63757272656E745F62617463685F69647C733A313A2231223B),
	('9ceb8656926006fd79ba53a1fcfe017a722991ad', '::1', 1591713146, _binary 0x5F5F63695F6C6173745F726567656E65726174657C693A313539313731333134363B63757272656E745F6C616E67756167657C733A373A22656E676C697368223B6964656E746974797C733A31343A226A7261647340696E666F2E636F6D223B656D61696C7C733A31343A226A7261647340696E666F2E636F6D223B757365725F69647C733A323A223131223B6F6C645F6C6173745F6C6F67696E7C733A31303A2231353931363334373632223B73745F73746F726549447C733A313A2230223B63757272656E745F62617463685F69647C733A313A2231223B),
	('9424a59e8f2d1cab1b8458984ec25b3fa29a90e4', '::1', 1591712711, _binary 0x5F5F63695F6C6173745F726567656E65726174657C693A313539313731323731313B63757272656E745F6C616E67756167657C733A373A22656E676C697368223B6964656E746974797C733A31343A226A7261647340696E666F2E636F6D223B656D61696C7C733A31343A226A7261647340696E666F2E636F6D223B757365725F69647C733A323A223131223B6F6C645F6C6173745F6C6F67696E7C733A31303A2231353931363334373632223B73745F73746F726549447C733A313A2230223B63757272656E745F62617463685F69647C733A313A2231223B),
	('c3bf2435831190ce9fda3fe8bcd9b85cd6206c35', '::1', 1591712407, _binary 0x5F5F63695F6C6173745F726567656E65726174657C693A313539313731323430373B63757272656E745F6C616E67756167657C733A373A22656E676C697368223B6964656E746974797C733A31343A226A7261647340696E666F2E636F6D223B656D61696C7C733A31343A226A7261647340696E666F2E636F6D223B757365725F69647C733A323A223131223B6F6C645F6C6173745F6C6F67696E7C733A31303A2231353931363334373632223B73745F73746F726549447C733A313A2230223B63757272656E745F62617463685F69647C733A313A2231223B),
	('c40fd6384ab9124576b3b68074fa1abc2cfc3d83', '::1', 1591712046, _binary 0x5F5F63695F6C6173745F726567656E65726174657C693A313539313731323034363B63757272656E745F6C616E67756167657C733A373A22656E676C697368223B6964656E746974797C733A31343A226A7261647340696E666F2E636F6D223B656D61696C7C733A31343A226A7261647340696E666F2E636F6D223B757365725F69647C733A323A223131223B6F6C645F6C6173745F6C6F67696E7C733A31303A2231353931363334373632223B73745F73746F726549447C733A313A2230223B63757272656E745F62617463685F69647C733A313A2231223B),
	('f4377b873dba8daa4f924539cd3937130648385e', '::1', 1591711646, _binary 0x5F5F63695F6C6173745F726567656E65726174657C693A313539313731313634363B63757272656E745F6C616E67756167657C733A373A22656E676C697368223B6964656E746974797C733A31343A226A7261647340696E666F2E636F6D223B656D61696C7C733A31343A226A7261647340696E666F2E636F6D223B757365725F69647C733A323A223131223B6F6C645F6C6173745F6C6F67696E7C733A31303A2231353931363334373632223B73745F73746F726549447C733A313A2230223B63757272656E745F62617463685F69647C733A313A2231223B),
	('5a2576ca0b40eb1da767978947556658c87bb1a9', '::1', 1591710324, _binary 0x5F5F63695F6C6173745F726567656E65726174657C693A313539313731303332343B63757272656E745F6C616E67756167657C733A373A22656E676C697368223B6964656E746974797C733A31343A226A7261647340696E666F2E636F6D223B656D61696C7C733A31343A226A7261647340696E666F2E636F6D223B757365725F69647C733A323A223131223B6F6C645F6C6173745F6C6F67696E7C733A31303A2231353931363334373632223B73745F73746F726549447C733A313A2230223B63757272656E745F62617463685F69647C733A313A2231223B),
	('6ce99ce652ab552a5c8c347ea7f97bdf785390a1', '::1', 1591710022, _binary 0x5F5F63695F6C6173745F726567656E65726174657C693A313539313731303032323B63757272656E745F6C616E67756167657C733A373A22656E676C697368223B6964656E746974797C733A31343A226A7261647340696E666F2E636F6D223B656D61696C7C733A31343A226A7261647340696E666F2E636F6D223B757365725F69647C733A323A223131223B6F6C645F6C6173745F6C6F67696E7C733A31303A2231353931363334373632223B73745F73746F726549447C733A313A2230223B63757272656E745F62617463685F69647C733A313A2231223B),
	('02380138b2172a1eb5484d5f93932afb6304bf92', '::1', 1591637828, _binary 0x5F5F63695F6C6173745F726567656E65726174657C693A313539313633373737313B63757272656E745F6C616E67756167657C733A373A22656E676C697368223B6964656E746974797C733A31343A226A7261647340696E666F2E636F6D223B656D61696C7C733A31343A226A7261647340696E666F2E636F6D223B757365725F69647C733A323A223131223B6F6C645F6C6173745F6C6F67696E7C733A31303A2231353931363036393838223B73745F73746F726549447C733A313A2230223B63757272656E745F62617463685F69647C733A313A2231223B),
	('eb340f04c5bc8a232523cf8af2a63698ffefda70', '::1', 1591709538, _binary 0x5F5F63695F6C6173745F726567656E65726174657C693A313539313730393533373B),
	('37d3f9383c6d82f141c1d2636aa495d4fde425c1', '::1', 1591637771, _binary 0x5F5F63695F6C6173745F726567656E65726174657C693A313539313633373737313B63757272656E745F6C616E67756167657C733A373A22656E676C697368223B6964656E746974797C733A31343A226A7261647340696E666F2E636F6D223B656D61696C7C733A31343A226A7261647340696E666F2E636F6D223B757365725F69647C733A323A223131223B6F6C645F6C6173745F6C6F67696E7C733A31303A2231353931363036393838223B73745F73746F726549447C733A313A2230223B63757272656E745F62617463685F69647C733A313A2231223B),
	('2def075234ed6ea0b3ec267c08951c6947202b1f', '::1', 1591636806, _binary 0x5F5F63695F6C6173745F726567656E65726174657C693A313539313633363830363B63757272656E745F6C616E67756167657C733A373A22656E676C697368223B6964656E746974797C733A31343A226A7261647340696E666F2E636F6D223B656D61696C7C733A31343A226A7261647340696E666F2E636F6D223B757365725F69647C733A323A223131223B6F6C645F6C6173745F6C6F67696E7C733A31303A2231353931363036393838223B73745F73746F726549447C733A313A2230223B63757272656E745F62617463685F69647C733A313A2231223B),
	('d4fefef52a4482c60a852853a4ed9c15fb904e68', '::1', 1591635843, _binary 0x5F5F63695F6C6173745F726567656E65726174657C693A313539313633353834333B63757272656E745F6C616E67756167657C733A373A22656E676C697368223B6964656E746974797C733A31343A226A7261647340696E666F2E636F6D223B656D61696C7C733A31343A226A7261647340696E666F2E636F6D223B757365725F69647C733A323A223131223B6F6C645F6C6173745F6C6F67696E7C733A31303A2231353931363036393838223B73745F73746F726549447C733A313A2230223B63757272656E745F62617463685F69647C733A313A2231223B),
	('3b4916aaa032a97275dd5dd9b78b03c6159db05c', '::1', 1591635424, _binary 0x5F5F63695F6C6173745F726567656E65726174657C693A313539313633353432343B63757272656E745F6C616E67756167657C733A373A22656E676C697368223B6964656E746974797C733A31343A226A7261647340696E666F2E636F6D223B656D61696C7C733A31343A226A7261647340696E666F2E636F6D223B757365725F69647C733A323A223131223B6F6C645F6C6173745F6C6F67696E7C733A31303A2231353931363036393838223B73745F73746F726549447C733A313A2230223B63757272656E745F62617463685F69647C733A313A2231223B),
	('a4abbb3015eb7e0422e9532457b898b84f902ecf', '::1', 1591634738, _binary 0x5F5F63695F6C6173745F726567656E65726174657C693A313539313633343733383B),
	('28d47dc0dcd9bf508ed19c7d8856e647598ef52f', '::1', 1591635078, _binary 0x5F5F63695F6C6173745F726567656E65726174657C693A313539313633353037383B63757272656E745F6C616E67756167657C733A373A22656E676C697368223B6964656E746974797C733A31343A226A7261647340696E666F2E636F6D223B656D61696C7C733A31343A226A7261647340696E666F2E636F6D223B757365725F69647C733A323A223131223B6F6C645F6C6173745F6C6F67696E7C733A31303A2231353931363036393838223B73745F73746F726549447C733A313A2230223B63757272656E745F62617463685F69647C733A313A2231223B),
	('cdd9bf7abbf5332ea7b1fc2c794deb2b8e97aaa7', '::1', 1587096817, _binary 0x5F5F63695F6C6173745F726567656E65726174657C693A313538373039363831373B63757272656E745F6C616E67756167657C733A373A22656E676C697368223B6964656E746974797C733A31343A226A7261647340696E666F2E636F6D223B656D61696C7C733A31343A226A7261647340696E666F2E636F6D223B757365725F69647C733A323A223131223B6F6C645F6C6173745F6C6F67696E7C733A31303A2231353837303435393131223B73745F73746F726549447C733A313A2230223B63757272656E745F62617463685F69647C733A313A2231223B),
	('a634ede1805256acb8577bedd630fd4119ecf3c0', '::1', 1587045923, _binary 0x5F5F63695F6C6173745F726567656E65726174657C693A313538373034353839353B63757272656E745F6C616E67756167657C733A373A22656E676C697368223B6964656E746974797C733A31343A226A7261647340696E666F2E636F6D223B656D61696C7C733A31343A226A7261647340696E666F2E636F6D223B757365725F69647C733A323A223131223B6F6C645F6C6173745F6C6F67696E7C733A31303A2231353837303136303733223B73745F73746F726549447C733A313A2230223B63757272656E745F62617463685F69647C733A313A2231223B),
	('705bcc396f999c4cf6f3e5bebf6cfa135224f80c', '::1', 1587097784, _binary 0x5F5F63695F6C6173745F726567656E65726174657C693A313538373039373738343B63757272656E745F6C616E67756167657C733A373A22656E676C697368223B6964656E746974797C733A31343A226A7261647340696E666F2E636F6D223B656D61696C7C733A31343A226A7261647340696E666F2E636F6D223B757365725F69647C733A323A223131223B6F6C645F6C6173745F6C6F67696E7C733A31303A2231353837303435393131223B73745F73746F726549447C733A313A2230223B63757272656E745F62617463685F69647C733A313A2231223B),
	('a3e90e4d420b56d6e8382acc3142c538f727b43c', '::1', 1587097841, _binary 0x5F5F63695F6C6173745F726567656E65726174657C693A313538373039373738343B63757272656E745F6C616E67756167657C733A373A22656E676C697368223B6964656E746974797C733A31343A226A7261647340696E666F2E636F6D223B656D61696C7C733A31343A226A7261647340696E666F2E636F6D223B757365725F69647C733A323A223131223B6F6C645F6C6173745F6C6F67696E7C733A31303A2231353837303435393131223B73745F73746F726549447C733A313A2230223B63757272656E745F62617463685F69647C733A313A2231223B),
	('30975276bd6f92f1914fe4ad81dd19428f00f44b', '::1', 1587194956, _binary 0x5F5F63695F6C6173745F726567656E65726174657C693A313538373139343638363B63757272656E745F6C616E67756167657C733A373A22656E676C697368223B6964656E746974797C733A31343A226A7261647340696E666F2E636F6D223B656D61696C7C733A31343A226A7261647340696E666F2E636F6D223B757365725F69647C733A323A223131223B6F6C645F6C6173745F6C6F67696E7C733A31303A2231353837303936343230223B73745F73746F726549447C733A313A2230223B63757272656E745F62617463685F69647C733A313A2231223B),
	('69779e565b59cf5f2fef6015d17182120c7bdb8c', '::1', 1587219631, _binary 0x5F5F63695F6C6173745F726567656E65726174657C693A313538373231393633313B63757272656E745F6C616E67756167657C733A373A22656E676C697368223B6964656E746974797C733A31343A226A7261647340696E666F2E636F6D223B656D61696C7C733A31343A226A7261647340696E666F2E636F6D223B757365725F69647C733A323A223131223B6F6C645F6C6173745F6C6F67696E7C733A31303A2231353837313934383532223B73745F73746F726549447C733A313A2230223B63757272656E745F62617463685F69647C733A313A2231223B),
	('900fd5da31855a0a49133e668494a30ae7be2830', '::1', 1587219641, _binary 0x5F5F63695F6C6173745F726567656E65726174657C693A313538373231393633313B63757272656E745F6C616E67756167657C733A373A22656E676C697368223B6964656E746974797C733A31343A226A7261647340696E666F2E636F6D223B656D61696C7C733A31343A226A7261647340696E666F2E636F6D223B757365725F69647C733A323A223131223B6F6C645F6C6173745F6C6F67696E7C733A31303A2231353837313934383532223B73745F73746F726549447C733A313A2230223B63757272656E745F62617463685F69647C733A313A2231223B),
	('60e90c3db0f968a0e831bacc8f778dd375603176', '::1', 1587367071, _binary 0x5F5F63695F6C6173745F726567656E65726174657C693A313538373336373037313B63757272656E745F6C616E67756167657C733A373A22656E676C697368223B6964656E746974797C733A31343A226A7261647340696E666F2E636F6D223B656D61696C7C733A31343A226A7261647340696E666F2E636F6D223B757365725F69647C733A323A223131223B6F6C645F6C6173745F6C6F67696E7C733A31303A2231353837323139343731223B73745F73746F726549447C733A313A2230223B63757272656E745F62617463685F69647C733A313A2231223B),
	('3509bc4243c36eaefffd42253f2bbb8803bc7864', '::1', 1587367280, _binary 0x5F5F63695F6C6173745F726567656E65726174657C693A313538373336373037313B63757272656E745F6C616E67756167657C733A373A22656E676C697368223B6964656E746974797C733A31343A226A7261647340696E666F2E636F6D223B656D61696C7C733A31343A226A7261647340696E666F2E636F6D223B757365725F69647C733A323A223131223B6F6C645F6C6173745F6C6F67696E7C733A31303A2231353837323139343731223B73745F73746F726549447C733A313A2230223B63757272656E745F62617463685F69647C733A313A2231223B),
	('c43130ce4a1c91af05186149a0c8ff550bb9fbbf', '::1', 1587650600, _binary 0x5F5F63695F6C6173745F726567656E65726174657C693A313538373635303630303B63757272656E745F6C616E67756167657C733A373A22656E676C697368223B6964656E746974797C733A31343A226A7261647340696E666F2E636F6D223B656D61696C7C733A31343A226A7261647340696E666F2E636F6D223B757365725F69647C733A323A223131223B6F6C645F6C6173745F6C6F67696E7C733A31303A2231353837333636323930223B73745F73746F726549447C733A313A2230223B63757272656E745F62617463685F69647C733A313A2231223B),
	('78e2fc2dea87e0f2b47a4fd037834f35b53fe4bf', '::1', 1587650910, _binary 0x5F5F63695F6C6173745F726567656E65726174657C693A313538373635303931303B63757272656E745F6C616E67756167657C733A373A22656E676C697368223B6964656E746974797C733A31343A226A7261647340696E666F2E636F6D223B656D61696C7C733A31343A226A7261647340696E666F2E636F6D223B757365725F69647C733A323A223131223B6F6C645F6C6173745F6C6F67696E7C733A31303A2231353837333636323930223B73745F73746F726549447C733A313A2230223B63757272656E745F62617463685F69647C733A313A2231223B),
	('fa407766f5b699c32b401a151dd4c3ad4a94c772', '::1', 1587651216, _binary 0x5F5F63695F6C6173745F726567656E65726174657C693A313538373635313231363B63757272656E745F6C616E67756167657C733A373A22656E676C697368223B6964656E746974797C733A31343A226A7261647340696E666F2E636F6D223B656D61696C7C733A31343A226A7261647340696E666F2E636F6D223B757365725F69647C733A323A223131223B6F6C645F6C6173745F6C6F67696E7C733A31303A2231353837333636323930223B73745F73746F726549447C733A313A2230223B63757272656E745F62617463685F69647C733A313A2231223B),
	('d1b18c591a0ae05a5b81d800daecae9a5aa67a81', '::1', 1587651280, _binary 0x5F5F63695F6C6173745F726567656E65726174657C693A313538373635313231363B63757272656E745F6C616E67756167657C733A373A22656E676C697368223B6964656E746974797C733A31343A226A7261647340696E666F2E636F6D223B656D61696C7C733A31343A226A7261647340696E666F2E636F6D223B757365725F69647C733A323A223131223B6F6C645F6C6173745F6C6F67696E7C733A31303A2231353837333636323930223B73745F73746F726549447C733A313A2230223B63757272656E745F62617463685F69647C733A313A2231223B),
	('226b469b9e5e4f82cf3d196664838fa90d3eae6c', '::1', 1587706344, _binary 0x5F5F63695F6C6173745F726567656E65726174657C693A313538373730363334343B63757272656E745F6C616E67756167657C733A373A22656E676C697368223B6964656E746974797C733A31343A226A7261647340696E666F2E636F6D223B656D61696C7C733A31343A226A7261647340696E666F2E636F6D223B757365725F69647C733A323A223131223B6F6C645F6C6173745F6C6F67696E7C733A31303A2231353837363530333633223B73745F73746F726549447C733A313A2230223B63757272656E745F62617463685F69647C733A313A2231223B),
	('5818641cedb770ed336614772449f97cc47931cf', '::1', 1587706672, _binary 0x5F5F63695F6C6173745F726567656E65726174657C693A313538373730363637323B63757272656E745F6C616E67756167657C733A373A22656E676C697368223B6964656E746974797C733A31343A226A7261647340696E666F2E636F6D223B656D61696C7C733A31343A226A7261647340696E666F2E636F6D223B757365725F69647C733A323A223131223B6F6C645F6C6173745F6C6F67696E7C733A31303A2231353837363530333633223B73745F73746F726549447C733A313A2230223B63757272656E745F62617463685F69647C733A313A2231223B),
	('90d94f08786a33464762bb8307b511582a9f61f1', '::1', 1587706997, _binary 0x5F5F63695F6C6173745F726567656E65726174657C693A313538373730363939373B63757272656E745F6C616E67756167657C733A373A22656E676C697368223B6964656E746974797C733A31343A226A7261647340696E666F2E636F6D223B656D61696C7C733A31343A226A7261647340696E666F2E636F6D223B757365725F69647C733A323A223131223B6F6C645F6C6173745F6C6F67696E7C733A31303A2231353837363530333633223B73745F73746F726549447C733A313A2230223B63757272656E745F62617463685F69647C733A313A2231223B),
	('079b99cec62c6d59e7219b09571b38a594dd8f04', '::1', 1587707311, _binary 0x5F5F63695F6C6173745F726567656E65726174657C693A313538373730373331313B63757272656E745F6C616E67756167657C733A373A22656E676C697368223B6964656E746974797C733A31343A226A7261647340696E666F2E636F6D223B656D61696C7C733A31343A226A7261647340696E666F2E636F6D223B757365725F69647C733A323A223131223B6F6C645F6C6173745F6C6F67696E7C733A31303A2231353837363530333633223B73745F73746F726549447C733A313A2230223B63757272656E745F62617463685F69647C733A313A2231223B),
	('8354a84c9a810359e1fe0421eb0e71b8ebdb4fc0', '::1', 1587707563, _binary 0x5F5F63695F6C6173745F726567656E65726174657C693A313538373730373331313B63757272656E745F6C616E67756167657C733A373A22656E676C697368223B6964656E746974797C733A31343A226A7261647340696E666F2E636F6D223B656D61696C7C733A31343A226A7261647340696E666F2E636F6D223B757365725F69647C733A323A223131223B6F6C645F6C6173745F6C6F67696E7C733A31303A2231353837363530333633223B73745F73746F726549447C733A313A2230223B63757272656E745F62617463685F69647C733A313A2231223B),
	('f8184e13ccf308a75cffeb174b22693bf4d73b78', '::1', 1587735600, _binary 0x5F5F63695F6C6173745F726567656E65726174657C693A313538373733353630303B63757272656E745F6C616E67756167657C733A373A22656E676C697368223B6964656E746974797C733A31343A226A7261647340696E666F2E636F6D223B656D61696C7C733A31343A226A7261647340696E666F2E636F6D223B757365725F69647C733A323A223131223B6F6C645F6C6173745F6C6F67696E7C733A31303A2231353837373036303233223B73745F73746F726549447C733A313A2230223B63757272656E745F62617463685F69647C733A313A2231223B),
	('f2bf60b102a6afa1c27c2e3d0970ac96c66264d7', '::1', 1587737353, _binary 0x5F5F63695F6C6173745F726567656E65726174657C693A313538373733373335333B63757272656E745F6C616E67756167657C733A373A22656E676C697368223B6964656E746974797C733A31343A226A7261647340696E666F2E636F6D223B656D61696C7C733A31343A226A7261647340696E666F2E636F6D223B757365725F69647C733A323A223131223B6F6C645F6C6173745F6C6F67696E7C733A31303A2231353837373036303233223B73745F73746F726549447C733A313A2230223B63757272656E745F62617463685F69647C733A313A2231223B),
	('67b74c106f85fa1aa8605234886326358b8b66d4', '::1', 1587739127, _binary 0x5F5F63695F6C6173745F726567656E65726174657C693A313538373733393132373B63757272656E745F6C616E67756167657C733A373A22656E676C697368223B6964656E746974797C733A31343A226A7261647340696E666F2E636F6D223B656D61696C7C733A31343A226A7261647340696E666F2E636F6D223B757365725F69647C733A323A223131223B6F6C645F6C6173745F6C6F67696E7C733A31303A2231353837373036303233223B73745F73746F726549447C733A313A2230223B63757272656E745F62617463685F69647C733A313A2231223B),
	('be49afe2b32b7103e42dfa2c581b79c23df8855d', '::1', 1587739512, _binary 0x5F5F63695F6C6173745F726567656E65726174657C693A313538373733393531323B63757272656E745F6C616E67756167657C733A373A22656E676C697368223B6964656E746974797C733A31343A226A7261647340696E666F2E636F6D223B656D61696C7C733A31343A226A7261647340696E666F2E636F6D223B757365725F69647C733A323A223131223B6F6C645F6C6173745F6C6F67696E7C733A31303A2231353837373036303233223B73745F73746F726549447C733A313A2230223B63757272656E745F62617463685F69647C733A313A2231223B),
	('ba6e117921ab85c17f428119d7f0bc27f85ba284', '::1', 1587739817, _binary 0x5F5F63695F6C6173745F726567656E65726174657C693A313538373733393831373B63757272656E745F6C616E67756167657C733A373A22656E676C697368223B6964656E746974797C733A31343A226A7261647340696E666F2E636F6D223B656D61696C7C733A31343A226A7261647340696E666F2E636F6D223B757365725F69647C733A323A223131223B6F6C645F6C6173745F6C6F67696E7C733A31303A2231353837373036303233223B73745F73746F726549447C733A313A2230223B63757272656E745F62617463685F69647C733A313A2231223B),
	('cbb8ab6717511fcd797b1cdc2b064837c12804e5', '::1', 1587739817, _binary 0x5F5F63695F6C6173745F726567656E65726174657C693A313538373733393831373B63757272656E745F6C616E67756167657C733A373A22656E676C697368223B6964656E746974797C733A31343A226A7261647340696E666F2E636F6D223B656D61696C7C733A31343A226A7261647340696E666F2E636F6D223B757365725F69647C733A323A223131223B6F6C645F6C6173745F6C6F67696E7C733A31303A2231353837373036303233223B73745F73746F726549447C733A313A2230223B63757272656E745F62617463685F69647C733A313A2231223B),
	('a828d655fcfe747834ca54095c03de40380e7709', '::1', 1587782353, _binary 0x5F5F63695F6C6173745F726567656E65726174657C693A313538373738323335333B63757272656E745F6C616E67756167657C733A373A22656E676C697368223B6964656E746974797C733A31343A226A7261647340696E666F2E636F6D223B656D61696C7C733A31343A226A7261647340696E666F2E636F6D223B757365725F69647C733A323A223131223B6F6C645F6C6173745F6C6F67696E7C733A31303A2231353837373335333132223B73745F73746F726549447C733A313A2230223B63757272656E745F62617463685F69647C733A313A2231223B),
	('624d36eed76fcb1a234591d99b0641163682f4f4', '::1', 1587782792, _binary 0x5F5F63695F6C6173745F726567656E65726174657C693A313538373738323739323B63757272656E745F6C616E67756167657C733A373A22656E676C697368223B6964656E746974797C733A31343A226A7261647340696E666F2E636F6D223B656D61696C7C733A31343A226A7261647340696E666F2E636F6D223B757365725F69647C733A323A223131223B6F6C645F6C6173745F6C6F67696E7C733A31303A2231353837373335333132223B73745F73746F726549447C733A313A2230223B63757272656E745F62617463685F69647C733A313A2231223B),
	('e39847aa3ae3bcd2a67b8c7e59119ea290b38971', '::1', 1587783295, _binary 0x5F5F63695F6C6173745F726567656E65726174657C693A313538373738333239353B63757272656E745F6C616E67756167657C733A373A22656E676C697368223B6964656E746974797C733A31343A226A7261647340696E666F2E636F6D223B656D61696C7C733A31343A226A7261647340696E666F2E636F6D223B757365725F69647C733A323A223131223B6F6C645F6C6173745F6C6F67696E7C733A31303A2231353837373335333132223B73745F73746F726549447C733A313A2230223B63757272656E745F62617463685F69647C733A313A2231223B),
	('0251e2cfb4ff3f435a29b2f61747c9570dbda42e', '::1', 1587783655, _binary 0x5F5F63695F6C6173745F726567656E65726174657C693A313538373738333635353B63757272656E745F6C616E67756167657C733A373A22656E676C697368223B6964656E746974797C733A31343A226A7261647340696E666F2E636F6D223B656D61696C7C733A31343A226A7261647340696E666F2E636F6D223B757365725F69647C733A323A223131223B6F6C645F6C6173745F6C6F67696E7C733A31303A2231353837373335333132223B73745F73746F726549447C733A313A2230223B63757272656E745F62617463685F69647C733A313A2231223B),
	('458246a67613672de8d0cc2b4ad6ec0ea57761eb', '::1', 1587784382, _binary 0x5F5F63695F6C6173745F726567656E65726174657C693A313538373738343338323B63757272656E745F6C616E67756167657C733A373A22656E676C697368223B6964656E746974797C733A31343A226A7261647340696E666F2E636F6D223B656D61696C7C733A31343A226A7261647340696E666F2E636F6D223B757365725F69647C733A323A223131223B6F6C645F6C6173745F6C6F67696E7C733A31303A2231353837373335333132223B73745F73746F726549447C733A313A2230223B63757272656E745F62617463685F69647C733A313A2231223B),
	('da6084f313155ea2b8ebb6f4f0ef217105927382', '::1', 1587784625, _binary 0x5F5F63695F6C6173745F726567656E65726174657C693A313538373738343632353B6D6573736167657C733A36323A223C64697620636C6173733D22616C65727420616C6572742D73756363657373223E4C6F67676564204F7574205375636365737366756C6C793C2F6469763E223B5F5F63695F766172737C613A313A7B733A373A226D657373616765223B733A333A226F6C64223B7D),
	('2f509d3a03bb262c4165f1867f40b1071537c51b', '::1', 1587797690, _binary 0x5F5F63695F6C6173745F726567656E65726174657C693A313538373739373639303B),
	('98be92526c177e7f0638d914e943a2fc61772008', '::1', 1587798144, _binary 0x5F5F63695F6C6173745F726567656E65726174657C693A313538373739383134343B63757272656E745F6C616E67756167657C733A373A22656E676C697368223B6964656E746974797C733A31343A226A7261647340696E666F2E636F6D223B656D61696C7C733A31343A226A7261647340696E666F2E636F6D223B757365725F69647C733A323A223131223B6F6C645F6C6173745F6C6F67696E7C733A31303A2231353837373831353132223B73745F73746F726549447C733A313A2230223B63757272656E745F62617463685F69647C733A313A2231223B),
	('b7f80902ff5b66da200ffc6514df1de38181652f', '::1', 1587799231, _binary 0x5F5F63695F6C6173745F726567656E65726174657C693A313538373739393233313B63757272656E745F6C616E67756167657C733A373A22656E676C697368223B6964656E746974797C733A31343A226A7261647340696E666F2E636F6D223B656D61696C7C733A31343A226A7261647340696E666F2E636F6D223B757365725F69647C733A323A223131223B6F6C645F6C6173745F6C6F67696E7C733A31303A2231353837373831353132223B73745F73746F726549447C733A313A2230223B63757272656E745F62617463685F69647C733A313A2231223B),
	('d84add3b8580e624e62eb8755e2e582414999e5f', '::1', 1587799320, _binary 0x5F5F63695F6C6173745F726567656E65726174657C693A313538373739393233313B63757272656E745F6C616E67756167657C733A373A22656E676C697368223B6964656E746974797C733A31343A226A7261647340696E666F2E636F6D223B656D61696C7C733A31343A226A7261647340696E666F2E636F6D223B757365725F69647C733A323A223131223B6F6C645F6C6173745F6C6F67696E7C733A31303A2231353837373831353132223B73745F73746F726549447C733A313A2230223B63757272656E745F62617463685F69647C733A313A2231223B),
	('c2cdcccd18b7915872f88b847f50fbb1f8067803', '::1', 1589174499, _binary 0x5F5F63695F6C6173745F726567656E65726174657C693A313538393137343439393B63757272656E745F6C616E67756167657C733A373A22656E676C697368223B6964656E746974797C733A31343A226A7261647340696E666F2E636F6D223B656D61696C7C733A31343A226A7261647340696E666F2E636F6D223B757365725F69647C733A323A223131223B6F6C645F6C6173745F6C6F67696E7C733A31303A2231353837373937363931223B73745F73746F726549447C733A313A2230223B63757272656E745F62617463685F69647C733A313A2231223B),
	('1b7848e3439316dd780d310f971a02428714f082', '::1', 1589174900, _binary 0x5F5F63695F6C6173745F726567656E65726174657C693A313538393137343930303B63757272656E745F6C616E67756167657C733A373A22656E676C697368223B6964656E746974797C733A31343A226A7261647340696E666F2E636F6D223B656D61696C7C733A31343A226A7261647340696E666F2E636F6D223B757365725F69647C733A323A223131223B6F6C645F6C6173745F6C6F67696E7C733A31303A2231353837373937363931223B73745F73746F726549447C733A313A2230223B63757272656E745F62617463685F69647C733A313A2231223B),
	('ce8efd01cc72b7e7027c664f6ee17870f112b43c', '::1', 1589175225, _binary 0x5F5F63695F6C6173745F726567656E65726174657C693A313538393137353232353B63757272656E745F6C616E67756167657C733A373A22656E676C697368223B6964656E746974797C733A31343A226A7261647340696E666F2E636F6D223B656D61696C7C733A31343A226A7261647340696E666F2E636F6D223B757365725F69647C733A323A223131223B6F6C645F6C6173745F6C6F67696E7C733A31303A2231353837373937363931223B73745F73746F726549447C733A313A2230223B63757272656E745F62617463685F69647C733A313A2231223B),
	('1fcf738a68297e55f54e90fdf9bbe7436eedc390', '::1', 1589175595, _binary 0x5F5F63695F6C6173745F726567656E65726174657C693A313538393137353539353B63757272656E745F6C616E67756167657C733A373A22656E676C697368223B6964656E746974797C733A31343A226A7261647340696E666F2E636F6D223B656D61696C7C733A31343A226A7261647340696E666F2E636F6D223B757365725F69647C733A323A223131223B6F6C645F6C6173745F6C6F67696E7C733A31303A2231353837373937363931223B73745F73746F726549447C733A313A2230223B63757272656E745F62617463685F69647C733A313A2231223B),
	('f93c22e58468b2ff8814aafab25ed1e1348fbd05', '::1', 1589175932, _binary 0x5F5F63695F6C6173745F726567656E65726174657C693A313538393137353933323B63757272656E745F6C616E67756167657C733A373A22656E676C697368223B6964656E746974797C733A31343A226A7261647340696E666F2E636F6D223B656D61696C7C733A31343A226A7261647340696E666F2E636F6D223B757365725F69647C733A323A223131223B6F6C645F6C6173745F6C6F67696E7C733A31303A2231353837373937363931223B73745F73746F726549447C733A313A2230223B63757272656E745F62617463685F69647C733A313A2231223B),
	('9928e100d02104afc225895c0e89c3abf69814d6', '::1', 1589176472, _binary 0x5F5F63695F6C6173745F726567656E65726174657C693A313538393137363437323B63757272656E745F6C616E67756167657C733A373A22656E676C697368223B6964656E746974797C733A31343A226A7261647340696E666F2E636F6D223B656D61696C7C733A31343A226A7261647340696E666F2E636F6D223B757365725F69647C733A323A223131223B6F6C645F6C6173745F6C6F67696E7C733A31303A2231353837373937363931223B73745F73746F726549447C733A313A2230223B63757272656E745F62617463685F69647C733A313A2231223B),
	('96f4e428f5dbe409e4ab07a0e786def74dbb48da', '::1', 1589176831, _binary 0x5F5F63695F6C6173745F726567656E65726174657C693A313538393137363833313B63757272656E745F6C616E67756167657C733A373A22656E676C697368223B6964656E746974797C733A31343A226A7261647340696E666F2E636F6D223B656D61696C7C733A31343A226A7261647340696E666F2E636F6D223B757365725F69647C733A323A223131223B6F6C645F6C6173745F6C6F67696E7C733A31303A2231353837373937363931223B73745F73746F726549447C733A313A2230223B63757272656E745F62617463685F69647C733A313A2231223B),
	('7ed0a18e77828014b945a753e7dfa9cee8e6474a', '::1', 1589183840, _binary 0x5F5F63695F6C6173745F726567656E65726174657C693A313538393138333834303B63757272656E745F6C616E67756167657C733A373A22656E676C697368223B6964656E746974797C733A31343A226A7261647340696E666F2E636F6D223B656D61696C7C733A31343A226A7261647340696E666F2E636F6D223B757365725F69647C733A323A223131223B6F6C645F6C6173745F6C6F67696E7C733A31303A2231353837373937363931223B73745F73746F726549447C733A313A2230223B63757272656E745F62617463685F69647C733A313A2231223B),
	('f7fc0302dbe6b2c197c514316a451364d548cf76', '::1', 1589184263, _binary 0x5F5F63695F6C6173745F726567656E65726174657C693A313538393138343236333B63757272656E745F6C616E67756167657C733A373A22656E676C697368223B6964656E746974797C733A31343A226A7261647340696E666F2E636F6D223B656D61696C7C733A31343A226A7261647340696E666F2E636F6D223B757365725F69647C733A323A223131223B6F6C645F6C6173745F6C6F67696E7C733A31303A2231353837373937363931223B73745F73746F726549447C733A313A2230223B63757272656E745F62617463685F69647C733A313A2231223B),
	('a25fc7817b25a7d1dc3dba780472ff44b9453997', '::1', 1589184398, _binary 0x5F5F63695F6C6173745F726567656E65726174657C693A313538393138343236333B63757272656E745F6C616E67756167657C733A373A22656E676C697368223B6964656E746974797C733A31343A226A7261647340696E666F2E636F6D223B656D61696C7C733A31343A226A7261647340696E666F2E636F6D223B757365725F69647C733A323A223131223B6F6C645F6C6173745F6C6F67696E7C733A31303A2231353837373937363931223B73745F73746F726549447C733A313A2230223B63757272656E745F62617463685F69647C733A313A2231223B),
	('a74f3f402c672685c237fc9f79401cd4d24830de', '::1', 1591240984, _binary 0x5F5F63695F6C6173745F726567656E65726174657C693A313539313234303938343B63757272656E745F6C616E67756167657C733A373A22656E676C697368223B6964656E746974797C733A31343A226A7261647340696E666F2E636F6D223B656D61696C7C733A31343A226A7261647340696E666F2E636F6D223B757365725F69647C733A323A223131223B6F6C645F6C6173745F6C6F67696E7C733A31303A2231353839313733383730223B73745F73746F726549447C733A313A2230223B63757272656E745F62617463685F69647C733A313A2231223B),
	('47e1105fa54c150177fd7bab7050aaf52cee9c48', '::1', 1591241143, _binary 0x5F5F63695F6C6173745F726567656E65726174657C693A313539313234303938343B63757272656E745F6C616E67756167657C733A373A22656E676C697368223B6964656E746974797C733A31343A226A7261647340696E666F2E636F6D223B656D61696C7C733A31343A226A7261647340696E666F2E636F6D223B757365725F69647C733A323A223131223B6F6C645F6C6173745F6C6F67696E7C733A31303A2231353839313733383730223B73745F73746F726549447C733A313A2230223B63757272656E745F62617463685F69647C733A313A2231223B),
	('901a735798e00a7e718d8d01b8c58fac09aa8279', '::1', 1591253304, _binary 0x5F5F63695F6C6173745F726567656E65726174657C693A313539313235333330343B63757272656E745F6C616E67756167657C733A373A22656E676C697368223B6964656E746974797C733A31343A226A7261647340696E666F2E636F6D223B656D61696C7C733A31343A226A7261647340696E666F2E636F6D223B757365725F69647C733A323A223131223B6F6C645F6C6173745F6C6F67696E7C733A31303A2231353931323430363439223B73745F73746F726549447C733A313A2230223B63757272656E745F62617463685F69647C733A313A2231223B),
	('5b26998d5114138e4dc7862e1a6f07571a9511e9', '::1', 1591253845, _binary 0x5F5F63695F6C6173745F726567656E65726174657C693A313539313235333834353B63757272656E745F6C616E67756167657C733A373A22656E676C697368223B6964656E746974797C733A31343A226A7261647340696E666F2E636F6D223B656D61696C7C733A31343A226A7261647340696E666F2E636F6D223B757365725F69647C733A323A223131223B6F6C645F6C6173745F6C6F67696E7C733A31303A2231353931323430363439223B73745F73746F726549447C733A313A2230223B63757272656E745F62617463685F69647C733A313A2231223B),
	('307d7641bf126f0f20f1ada2d558d8257af18094', '::1', 1591254173, _binary 0x5F5F63695F6C6173745F726567656E65726174657C693A313539313235343137333B63757272656E745F6C616E67756167657C733A373A22656E676C697368223B6964656E746974797C733A31343A226A7261647340696E666F2E636F6D223B656D61696C7C733A31343A226A7261647340696E666F2E636F6D223B757365725F69647C733A323A223131223B6F6C645F6C6173745F6C6F67696E7C733A31303A2231353931323430363439223B73745F73746F726549447C733A313A2230223B63757272656E745F62617463685F69647C733A313A2231223B),
	('5c2fcee701f72e183c05572deb5b204422593bdf', '::1', 1591254704, _binary 0x5F5F63695F6C6173745F726567656E65726174657C693A313539313235343730343B63757272656E745F6C616E67756167657C733A373A22656E676C697368223B6964656E746974797C733A31343A226A7261647340696E666F2E636F6D223B656D61696C7C733A31343A226A7261647340696E666F2E636F6D223B757365725F69647C733A323A223131223B6F6C645F6C6173745F6C6F67696E7C733A31303A2231353931323430363439223B73745F73746F726549447C733A313A2230223B63757272656E745F62617463685F69647C733A313A2231223B),
	('670394f63402a606539b05709fa51c6ba173aaff', '::1', 1591255140, _binary 0x5F5F63695F6C6173745F726567656E65726174657C693A313539313235353134303B63757272656E745F6C616E67756167657C733A373A22656E676C697368223B6964656E746974797C733A31343A226A7261647340696E666F2E636F6D223B656D61696C7C733A31343A226A7261647340696E666F2E636F6D223B757365725F69647C733A323A223131223B6F6C645F6C6173745F6C6F67696E7C733A31303A2231353931323430363439223B73745F73746F726549447C733A313A2230223B63757272656E745F62617463685F69647C733A313A2231223B),
	('e29e51cc38175b8c98eaf580837eec3a078636e4', '::1', 1591255772, _binary 0x5F5F63695F6C6173745F726567656E65726174657C693A313539313235353737323B63757272656E745F6C616E67756167657C733A373A22656E676C697368223B6964656E746974797C733A31343A226A7261647340696E666F2E636F6D223B656D61696C7C733A31343A226A7261647340696E666F2E636F6D223B757365725F69647C733A323A223131223B6F6C645F6C6173745F6C6F67696E7C733A31303A2231353931323430363439223B73745F73746F726549447C733A313A2230223B63757272656E745F62617463685F69647C733A313A2231223B),
	('3a288c6f604eac63a9c14c1d14e85a02f7c98dd0', '::1', 1591256157, _binary 0x5F5F63695F6C6173745F726567656E65726174657C693A313539313235363135373B63757272656E745F6C616E67756167657C733A373A22656E676C697368223B6964656E746974797C733A31343A226A7261647340696E666F2E636F6D223B656D61696C7C733A31343A226A7261647340696E666F2E636F6D223B757365725F69647C733A323A223131223B6F6C645F6C6173745F6C6F67696E7C733A31303A2231353931323430363439223B73745F73746F726549447C733A313A2230223B63757272656E745F62617463685F69647C733A313A2231223B),
	('70a917a5352e194f7723febfdecf69db9d6b4749', '::1', 1591256608, _binary 0x5F5F63695F6C6173745F726567656E65726174657C693A313539313235363630383B63757272656E745F6C616E67756167657C733A373A22656E676C697368223B6964656E746974797C733A31343A226A7261647340696E666F2E636F6D223B656D61696C7C733A31343A226A7261647340696E666F2E636F6D223B757365725F69647C733A323A223131223B6F6C645F6C6173745F6C6F67696E7C733A31303A2231353931323430363439223B73745F73746F726549447C733A313A2230223B63757272656E745F62617463685F69647C733A313A2231223B),
	('8261bd0e7403703fea893b5661059e080bbc1fb4', '::1', 1591257320, _binary 0x5F5F63695F6C6173745F726567656E65726174657C693A313539313235373332303B6D6573736167657C733A36323A223C64697620636C6173733D22616C65727420616C6572742D73756363657373223E4C6F67676564204F7574205375636365737366756C6C793C2F6469763E223B5F5F63695F766172737C613A313A7B733A373A226D657373616765223B733A333A226F6C64223B7D),
	('2891adf1e041b5ba790920fc3ff0625286b2420a', '::1', 1591257737, _binary 0x5F5F63695F6C6173745F726567656E65726174657C693A313539313235373733373B63757272656E745F6C616E67756167657C733A373A22656E676C697368223B6964656E746974797C733A31343A226A7261647340696E666F2E636F6D223B656D61696C7C733A31343A226A7261647340696E666F2E636F6D223B757365725F69647C733A323A223131223B6F6C645F6C6173745F6C6F67696E7C733A31303A2231353931323532373938223B73745F73746F726549447C733A313A2230223B63757272656E745F62617463685F69647C733A313A2231223B),
	('d49ff252bfcfda4c6a026f146e240872af97408d', '::1', 1591258166, _binary 0x5F5F63695F6C6173745F726567656E65726174657C693A313539313235383136363B63757272656E745F6C616E67756167657C733A373A22656E676C697368223B6964656E746974797C733A31343A226A7261647340696E666F2E636F6D223B656D61696C7C733A31343A226A7261647340696E666F2E636F6D223B757365725F69647C733A323A223131223B6F6C645F6C6173745F6C6F67696E7C733A31303A2231353931323532373938223B73745F73746F726549447C733A313A2230223B63757272656E745F62617463685F69647C733A313A2231223B),
	('de88a9b4d00439ece3decd8689e05eed5b42ae2d', '::1', 1591259734, _binary 0x5F5F63695F6C6173745F726567656E65726174657C693A313539313235393733343B63757272656E745F6C616E67756167657C733A373A22656E676C697368223B6964656E746974797C733A31343A226A7261647340696E666F2E636F6D223B656D61696C7C733A31343A226A7261647340696E666F2E636F6D223B757365725F69647C733A323A223131223B6F6C645F6C6173745F6C6F67696E7C733A31303A2231353931323532373938223B73745F73746F726549447C733A313A2230223B63757272656E745F62617463685F69647C733A313A2231223B),
	('33bfeee3605555c0e66a140e5165151a410ad78e', '::1', 1591259735, _binary 0x5F5F63695F6C6173745F726567656E65726174657C693A313539313235393733343B63757272656E745F6C616E67756167657C733A373A22656E676C697368223B6964656E746974797C733A31343A226A7261647340696E666F2E636F6D223B656D61696C7C733A31343A226A7261647340696E666F2E636F6D223B757365725F69647C733A323A223131223B6F6C645F6C6173745F6C6F67696E7C733A31303A2231353931323532373938223B73745F73746F726549447C733A313A2230223B63757272656E745F62617463685F69647C733A313A2231223B),
	('136330a3f5334246a26e00b51f82984a068e0afe', '::1', 1591419972, _binary 0x5F5F63695F6C6173745F726567656E65726174657C693A313539313431393937323B63757272656E745F6C616E67756167657C733A373A22656E676C697368223B6964656E746974797C733A31343A226A7261647340696E666F2E636F6D223B656D61696C7C733A31343A226A7261647340696E666F2E636F6D223B757365725F69647C733A323A223131223B6F6C645F6C6173745F6C6F67696E7C733A31303A2231353931323537333433223B73745F73746F726549447C733A313A2230223B63757272656E745F62617463685F69647C733A313A2231223B),
	('5e8fa6fd698cffea1185f7778e3234a961058449', '::1', 1591420273, _binary 0x5F5F63695F6C6173745F726567656E65726174657C693A313539313432303237333B63757272656E745F6C616E67756167657C733A373A22656E676C697368223B6964656E746974797C733A31343A226A7261647340696E666F2E636F6D223B656D61696C7C733A31343A226A7261647340696E666F2E636F6D223B757365725F69647C733A323A223131223B6F6C645F6C6173745F6C6F67696E7C733A31303A2231353931323537333433223B73745F73746F726549447C733A313A2230223B63757272656E745F62617463685F69647C733A313A2231223B),
	('4af2fa1be3be4f13a7d10f1291e15382fe6242c6', '::1', 1591420433, _binary 0x5F5F63695F6C6173745F726567656E65726174657C693A313539313432303237333B63757272656E745F6C616E67756167657C733A373A22656E676C697368223B6964656E746974797C733A31343A226A7261647340696E666F2E636F6D223B656D61696C7C733A31343A226A7261647340696E666F2E636F6D223B757365725F69647C733A323A223131223B6F6C645F6C6173745F6C6F67696E7C733A31303A2231353931323537333433223B73745F73746F726549447C733A313A2230223B63757272656E745F62617463685F69647C733A313A2231223B),
	('dd1cba14024de7d5a2bc434890c720f5b1c4c640', '::1', 1591544069, _binary 0x5F5F63695F6C6173745F726567656E65726174657C693A313539313534343030353B63757272656E745F6C616E67756167657C733A373A22656E676C697368223B6964656E746974797C733A31343A226A7261647340696E666F2E636F6D223B656D61696C7C733A31343A226A7261647340696E666F2E636F6D223B757365725F69647C733A323A223131223B6F6C645F6C6173745F6C6F67696E7C733A31303A2231353931343139363636223B73745F73746F726549447C733A313A2230223B63757272656E745F62617463685F69647C733A313A2231223B),
	('5d5ee0781c6920a493966c358c431a5cf1f49539', '::1', 1591609970, _binary 0x5F5F63695F6C6173745F726567656E65726174657C693A313539313630393937303B63757272656E745F6C616E67756167657C733A373A22656E676C697368223B6964656E746974797C733A31343A226A7261647340696E666F2E636F6D223B656D61696C7C733A31343A226A7261647340696E666F2E636F6D223B757365725F69647C733A323A223131223B6F6C645F6C6173745F6C6F67696E7C733A31303A2231353931353434303337223B73745F73746F726549447C733A313A2230223B63757272656E745F62617463685F69647C733A313A2231223B),
	('1087d597a7b9ed7b54d1009b42a19460320aba48', '::1', 1591609977, _binary 0x5F5F63695F6C6173745F726567656E65726174657C693A313539313630393937303B63757272656E745F6C616E67756167657C733A373A22656E676C697368223B6964656E746974797C733A31343A226A7261647340696E666F2E636F6D223B656D61696C7C733A31343A226A7261647340696E666F2E636F6D223B757365725F69647C733A323A223131223B6F6C645F6C6173745F6C6F67696E7C733A31303A2231353931353434303337223B73745F73746F726549447C733A313A2230223B63757272656E745F62617463685F69647C733A313A2231223B),
	('3f27a59bbe54adcd3068990a6d964f4ece39c6f6', '::1', 1593239637, _binary 0x5F5F63695F6C6173745F726567656E65726174657C693A313539333233393633373B63757272656E745F6C616E67756167657C733A373A22656E676C697368223B6964656E746974797C733A31343A226A7261647340696E666F2E636F6D223B656D61696C7C733A31343A226A7261647340696E666F2E636F6D223B757365725F69647C733A323A223131223B6F6C645F6C6173745F6C6F67696E7C733A31303A2231353933303931363234223B73745F73746F726549447C733A313A2230223B63757272656E745F62617463685F69647C733A313A2231223B),
	('dfd6a1dc15d45073e3571a5c17e784d087c4d146', '::1', 1593240739, _binary 0x5F5F63695F6C6173745F726567656E65726174657C693A313539333234303733393B63757272656E745F6C616E67756167657C733A373A22656E676C697368223B6964656E746974797C733A31343A226A7261647340696E666F2E636F6D223B656D61696C7C733A31343A226A7261647340696E666F2E636F6D223B757365725F69647C733A323A223131223B6F6C645F6C6173745F6C6F67696E7C733A31303A2231353933303931363234223B73745F73746F726549447C733A313A2230223B63757272656E745F62617463685F69647C733A313A2231223B),
	('90c6cb9b58ce25e16bd15dea930725eac95cb03d', '::1', 1593241056, _binary 0x5F5F63695F6C6173745F726567656E65726174657C693A313539333234313035363B63757272656E745F6C616E67756167657C733A373A22656E676C697368223B6964656E746974797C733A31343A226A7261647340696E666F2E636F6D223B656D61696C7C733A31343A226A7261647340696E666F2E636F6D223B757365725F69647C733A323A223131223B6F6C645F6C6173745F6C6F67696E7C733A31303A2231353933303931363234223B73745F73746F726549447C733A313A2230223B63757272656E745F62617463685F69647C733A313A2231223B),
	('342a1da4d05204d6d48d69cc613054406ba65bf3', '::1', 1593241412, _binary 0x5F5F63695F6C6173745F726567656E65726174657C693A313539333234313431323B63757272656E745F6C616E67756167657C733A373A22656E676C697368223B6964656E746974797C733A31343A226A7261647340696E666F2E636F6D223B656D61696C7C733A31343A226A7261647340696E666F2E636F6D223B757365725F69647C733A323A223131223B6F6C645F6C6173745F6C6F67696E7C733A31303A2231353933303931363234223B73745F73746F726549447C733A313A2230223B63757272656E745F62617463685F69647C733A313A2231223B),
	('0e8aeec8e610553150cd705d0a10ebd0dd4fbf0f', '::1', 1593241412, _binary 0x5F5F63695F6C6173745F726567656E65726174657C693A313539333234313431323B63757272656E745F6C616E67756167657C733A373A22656E676C697368223B6964656E746974797C733A31343A226A7261647340696E666F2E636F6D223B656D61696C7C733A31343A226A7261647340696E666F2E636F6D223B757365725F69647C733A323A223131223B6F6C645F6C6173745F6C6F67696E7C733A31303A2231353933303931363234223B73745F73746F726549447C733A313A2230223B63757272656E745F62617463685F69647C733A313A2231223B),
	('bb8dd9beac8ac98f4960cb6fe82f2d3a0f0e1346', '::1', 1593272982, _binary 0x5F5F63695F6C6173745F726567656E65726174657C693A313539333237323830363B63757272656E745F6C616E67756167657C733A373A22656E676C697368223B6964656E746974797C733A31343A226A7261647340696E666F2E636F6D223B656D61696C7C733A31343A226A7261647340696E666F2E636F6D223B757365725F69647C733A323A223131223B6F6C645F6C6173745F6C6F67696E7C733A31303A2231353933323337363433223B73745F73746F726549447C733A313A2230223B63757272656E745F62617463685F69647C4E3B),
	('f8c5012d04f2dd6b07e7f61104d52092d0287fca', '::1', 1593915505, _binary 0x5F5F63695F6C6173745F726567656E65726174657C693A313539333931353437323B63757272656E745F6C616E67756167657C733A373A22656E676C697368223B6964656E746974797C733A31343A226A7261647340696E666F2E636F6D223B656D61696C7C733A31343A226A7261647340696E666F2E636F6D223B757365725F69647C733A323A223131223B6F6C645F6C6173745F6C6F67696E7C733A31303A2231353933323732383233223B73745F73746F726549447C733A313A2230223B63757272656E745F62617463685F69647C4E3B),
	('4ead52c7f65ffce50c2c631f9801448c8ab1d367', '::1', 1594303407, _binary 0x5F5F63695F6C6173745F726567656E65726174657C693A313539343330333430373B63757272656E745F6C616E67756167657C733A373A22656E676C697368223B6964656E746974797C733A31343A226A7261647340696E666F2E636F6D223B656D61696C7C733A31343A226A7261647340696E666F2E636F6D223B757365725F69647C733A323A223131223B6F6C645F6C6173745F6C6F67696E7C733A31303A2231353933393135353034223B73745F73746F726549447C733A313A2230223B63757272656E745F62617463685F69647C4E3B),
	('ce46f06cfa17a815f648e3d1c16a949a8aa780fd', '::1', 1594309286, _binary 0x5F5F63695F6C6173745F726567656E65726174657C693A313539343330393238363B63757272656E745F6C616E67756167657C733A373A22656E676C697368223B6964656E746974797C733A31343A226A7261647340696E666F2E636F6D223B656D61696C7C733A31343A226A7261647340696E666F2E636F6D223B757365725F69647C733A323A223131223B6F6C645F6C6173745F6C6F67696E7C733A31303A2231353933393135353034223B73745F73746F726549447C733A313A2230223B63757272656E745F62617463685F69647C4E3B),
	('f52ba903bd62be5a210df970d7162be75b2f178b', '::1', 1594309293, _binary 0x5F5F63695F6C6173745F726567656E65726174657C693A313539343330393238363B63757272656E745F6C616E67756167657C733A373A22656E676C697368223B6964656E746974797C733A31343A226A7261647340696E666F2E636F6D223B656D61696C7C733A31343A226A7261647340696E666F2E636F6D223B757365725F69647C733A323A223131223B6F6C645F6C6173745F6C6F67696E7C733A31303A2231353933393135353034223B73745F73746F726549447C733A313A2230223B63757272656E745F62617463685F69647C4E3B),
	('18f5b274b2d4d2fa600556daf375b0a380193723', '::1', 1594349381, _binary 0x5F5F63695F6C6173745F726567656E65726174657C693A313539343334393338303B6D6573736167657C733A36323A223C64697620636C6173733D22616C65727420616C6572742D73756363657373223E4C6F67676564204F7574205375636365737366756C6C793C2F6469763E223B5F5F63695F766172737C613A313A7B733A373A226D657373616765223B733A333A226F6C64223B7D),
	('6d2dccfa328b2ca2cacdba2e0fab2658b507cae8', '::1', 1594861468, _binary 0x5F5F63695F6C6173745F726567656E65726174657C693A313539343836313334393B),
	('21a0a78d7c02968c8a7ed7a4237df312ec8f5856', '::1', 1594861784, _binary 0x5F5F63695F6C6173745F726567656E65726174657C693A313539343836313637333B),
	('734dad4a0bbbff25f6496ba953749413eb8368f9', '::1', 1594861997, _binary 0x5F5F63695F6C6173745F726567656E65726174657C693A313539343836313939363B),
	('1c4ae37813647e3acccf831293638afc10716603', '::1', 1594862602, _binary 0x5F5F63695F6C6173745F726567656E65726174657C693A313539343836323332393B63757272656E745F6C616E67756167657C733A373A22656E676C697368223B6964656E746974797C733A31343A226A7261647340696E666F2E636F6D223B656D61696C7C733A31343A226A7261647340696E666F2E636F6D223B757365725F69647C733A323A223131223B6F6C645F6C6173745F6C6F67696E7C733A31303A2231353934333439323832223B73745F73746F726549447C733A313A2230223B63757272656E745F62617463685F69647C4E3B),
	('7c646370cfeca19d66cb26ba5a71bd891c99b073', '::1', 1594887074, _binary 0x5F5F63695F6C6173745F726567656E65726174657C693A313539343838373037343B63757272656E745F6C616E67756167657C733A373A22656E676C697368223B6964656E746974797C733A31343A226A7261647340696E666F2E636F6D223B656D61696C7C733A31343A226A7261647340696E666F2E636F6D223B757365725F69647C733A323A223131223B6F6C645F6C6173745F6C6F67696E7C733A31303A2231353934383632363031223B73745F73746F726549447C733A313A2230223B63757272656E745F62617463685F69647C4E3B),
	('4380f50163df584e4ec285b899b1865c568f04d4', '::1', 1594887092, _binary 0x5F5F63695F6C6173745F726567656E65726174657C693A313539343838373037343B63757272656E745F6C616E67756167657C733A373A22656E676C697368223B6964656E746974797C733A31343A226A7261647340696E666F2E636F6D223B656D61696C7C733A31343A226A7261647340696E666F2E636F6D223B757365725F69647C733A323A223131223B6F6C645F6C6173745F6C6F67696E7C733A31303A2231353934383632363031223B73745F73746F726549447C733A313A2230223B63757272656E745F62617463685F69647C4E3B),
	('9e69e85f88fdf75956728a21ea33d8840a222c3c', '::1', 1594944582, _binary 0x5F5F63695F6C6173745F726567656E65726174657C693A313539343934343538323B63757272656E745F6C616E67756167657C733A373A22656E676C697368223B6964656E746974797C733A31343A226A7261647340696E666F2E636F6D223B656D61696C7C733A31343A226A7261647340696E666F2E636F6D223B757365725F69647C733A323A223131223B6F6C645F6C6173745F6C6F67696E7C733A31303A2231353934383836353838223B73745F73746F726549447C733A313A2230223B63757272656E745F62617463685F69647C4E3B),
	('04f647399c088a166b04d2074cf73e35dc53f79d', '::1', 1594944904, _binary 0x5F5F63695F6C6173745F726567656E65726174657C693A313539343934343930343B63757272656E745F6C616E67756167657C733A373A22656E676C697368223B6964656E746974797C733A31343A226A7261647340696E666F2E636F6D223B656D61696C7C733A31343A226A7261647340696E666F2E636F6D223B757365725F69647C733A323A223131223B6F6C645F6C6173745F6C6F67696E7C733A31303A2231353934383836353838223B73745F73746F726549447C733A313A2230223B63757272656E745F62617463685F69647C4E3B),
	('88d46f0869d37470cec5ea172018d6f7252b066e', '::1', 1594945271, _binary 0x5F5F63695F6C6173745F726567656E65726174657C693A313539343934353237313B63757272656E745F6C616E67756167657C733A373A22656E676C697368223B6964656E746974797C733A31343A226A7261647340696E666F2E636F6D223B656D61696C7C733A31343A226A7261647340696E666F2E636F6D223B757365725F69647C733A323A223131223B6F6C645F6C6173745F6C6F67696E7C733A31303A2231353934383836353838223B73745F73746F726549447C733A313A2230223B63757272656E745F62617463685F69647C4E3B),
	('b03bef6d5783cb2c3a5861747d1bc915cce48ab4', '::1', 1594945800, _binary 0x5F5F63695F6C6173745F726567656E65726174657C693A313539343934353830303B63757272656E745F6C616E67756167657C733A373A22656E676C697368223B6964656E746974797C733A31343A226A7261647340696E666F2E636F6D223B656D61696C7C733A31343A226A7261647340696E666F2E636F6D223B757365725F69647C733A323A223131223B6F6C645F6C6173745F6C6F67696E7C733A31303A2231353934383836353838223B73745F73746F726549447C733A313A2230223B63757272656E745F62617463685F69647C4E3B),
	('614ac914548651abe4e84b5bc7cee1e66d8a4090', '::1', 1594946180, _binary 0x5F5F63695F6C6173745F726567656E65726174657C693A313539343934363138303B63757272656E745F6C616E67756167657C733A373A22656E676C697368223B6964656E746974797C733A31343A226A7261647340696E666F2E636F6D223B656D61696C7C733A31343A226A7261647340696E666F2E636F6D223B757365725F69647C733A323A223131223B6F6C645F6C6173745F6C6F67696E7C733A31303A2231353934383836353838223B73745F73746F726549447C733A313A2230223B63757272656E745F62617463685F69647C4E3B),
	('adb5282e938d2d7f98605b0be863247c6302ba5b', '::1', 1594946180, _binary 0x5F5F63695F6C6173745F726567656E65726174657C693A313539343934363138303B63757272656E745F6C616E67756167657C733A373A22656E676C697368223B6964656E746974797C733A31343A226A7261647340696E666F2E636F6D223B656D61696C7C733A31343A226A7261647340696E666F2E636F6D223B757365725F69647C733A323A223131223B6F6C645F6C6173745F6C6F67696E7C733A31303A2231353934383836353838223B73745F73746F726549447C733A313A2230223B63757272656E745F62617463685F69647C4E3B),
	('a420c2e3f6796a61a6c8051770378c026c3e6ce6', '::1', 1595034720, _binary 0x5F5F63695F6C6173745F726567656E65726174657C693A313539353033343732303B63757272656E745F6C616E67756167657C733A373A22656E676C697368223B6964656E746974797C733A31343A226A7261647340696E666F2E636F6D223B656D61696C7C733A31343A226A7261647340696E666F2E636F6D223B757365725F69647C733A323A223131223B6F6C645F6C6173745F6C6F67696E7C733A31303A2231353934393434323638223B73745F73746F726549447C733A313A2230223B63757272656E745F62617463685F69647C4E3B),
	('568b8648d6231a4c01cd274a82e18053a5c89c72', '::1', 1595034721, _binary 0x5F5F63695F6C6173745F726567656E65726174657C693A313539353033343732303B63757272656E745F6C616E67756167657C733A373A22656E676C697368223B6964656E746974797C733A31343A226A7261647340696E666F2E636F6D223B656D61696C7C733A31343A226A7261647340696E666F2E636F6D223B757365725F69647C733A323A223131223B6F6C645F6C6173745F6C6F67696E7C733A31303A2231353934393434323638223B73745F73746F726549447C733A313A2230223B63757272656E745F62617463685F69647C4E3B),
	('8ed89911db61080dbcb7209a26dddc32517b005a', '::1', 1595046255, _binary 0x5F5F63695F6C6173745F726567656E65726174657C693A313539353034363235353B63757272656E745F6C616E67756167657C733A373A22656E676C697368223B6964656E746974797C733A31343A226A7261647340696E666F2E636F6D223B656D61696C7C733A31343A226A7261647340696E666F2E636F6D223B757365725F69647C733A323A223131223B6F6C645F6C6173745F6C6F67696E7C733A31303A2231353935303334333933223B73745F73746F726549447C733A313A2230223B63757272656E745F62617463685F69647C4E3B),
	('0540c74510bd93f91256d0a44fcf22402a1176c4', '::1', 1595046324, _binary 0x5F5F63695F6C6173745F726567656E65726174657C693A313539353034363235353B63757272656E745F6C616E67756167657C733A373A22656E676C697368223B6964656E746974797C733A31343A226A7261647340696E666F2E636F6D223B656D61696C7C733A31343A226A7261647340696E666F2E636F6D223B757365725F69647C733A323A223131223B6F6C645F6C6173745F6C6F67696E7C733A31303A2231353935303334333933223B73745F73746F726549447C733A313A2230223B63757272656E745F62617463685F69647C4E3B),
	('0df51e6c8ae5d009c2602e68d69e6a4b9d3de5dd', '::1', 1595058982, _binary 0x5F5F63695F6C6173745F726567656E65726174657C693A313539353035383938323B63757272656E745F6C616E67756167657C733A373A22656E676C697368223B6964656E746974797C733A31343A226A7261647340696E666F2E636F6D223B656D61696C7C733A31343A226A7261647340696E666F2E636F6D223B757365725F69647C733A323A223131223B6F6C645F6C6173745F6C6F67696E7C733A31303A2231353935303435363831223B73745F73746F726549447C733A313A2230223B63757272656E745F62617463685F69647C733A313A2231223B),
	('44a3fb1438643dac1768010e46c08d5fc0081fe7', '::1', 1595059323, _binary 0x5F5F63695F6C6173745F726567656E65726174657C693A313539353035393332333B63757272656E745F6C616E67756167657C733A373A22656E676C697368223B6964656E746974797C733A31343A226A7261647340696E666F2E636F6D223B656D61696C7C733A31343A226A7261647340696E666F2E636F6D223B757365725F69647C733A323A223131223B6F6C645F6C6173745F6C6F67696E7C733A31303A2231353935303435363831223B73745F73746F726549447C733A313A2230223B63757272656E745F62617463685F69647C733A313A2231223B),
	('d69881b2217d0d3bbdbd8eb1deb21dff5beb44e3', '::1', 1595059646, _binary 0x5F5F63695F6C6173745F726567656E65726174657C693A313539353035393634363B63757272656E745F6C616E67756167657C733A373A22656E676C697368223B6964656E746974797C733A31343A226A7261647340696E666F2E636F6D223B656D61696C7C733A31343A226A7261647340696E666F2E636F6D223B757365725F69647C733A323A223131223B6F6C645F6C6173745F6C6F67696E7C733A31303A2231353935303435363831223B73745F73746F726549447C733A313A2230223B63757272656E745F62617463685F69647C733A313A2231223B),
	('9d80e52231980d62211296eb0cb95e173d63228b', '::1', 1595060206, _binary 0x5F5F63695F6C6173745F726567656E65726174657C693A313539353036303230363B63757272656E745F6C616E67756167657C733A373A22656E676C697368223B6964656E746974797C733A31343A226A7261647340696E666F2E636F6D223B656D61696C7C733A31343A226A7261647340696E666F2E636F6D223B757365725F69647C733A323A223131223B6F6C645F6C6173745F6C6F67696E7C733A31303A2231353935303435363831223B73745F73746F726549447C733A313A2230223B63757272656E745F62617463685F69647C733A313A2231223B),
	('185921b45ba587c77f2ff9c7fca797e9c480fb68', '::1', 1595060570, _binary 0x5F5F63695F6C6173745F726567656E65726174657C693A313539353036303537303B63757272656E745F6C616E67756167657C733A373A22656E676C697368223B6964656E746974797C733A31343A226A7261647340696E666F2E636F6D223B656D61696C7C733A31343A226A7261647340696E666F2E636F6D223B757365725F69647C733A323A223131223B6F6C645F6C6173745F6C6F67696E7C733A31303A2231353935303435363831223B73745F73746F726549447C733A313A2230223B63757272656E745F62617463685F69647C733A313A2231223B),
	('c1674b6e5778e6f9e40d48b83b51cb931da55f4e', '::1', 1595061009, _binary 0x5F5F63695F6C6173745F726567656E65726174657C693A313539353036313030393B63757272656E745F6C616E67756167657C733A373A22656E676C697368223B6964656E746974797C733A31343A226A7261647340696E666F2E636F6D223B656D61696C7C733A31343A226A7261647340696E666F2E636F6D223B757365725F69647C733A323A223131223B6F6C645F6C6173745F6C6F67696E7C733A31303A2231353935303435363831223B73745F73746F726549447C733A313A2230223B63757272656E745F62617463685F69647C733A313A2231223B),
	('dac3a334bddacb67a640740f583b6f785af743f0', '::1', 1595061326, _binary 0x5F5F63695F6C6173745F726567656E65726174657C693A313539353036313332363B63757272656E745F6C616E67756167657C733A373A22656E676C697368223B6964656E746974797C733A31343A226A7261647340696E666F2E636F6D223B656D61696C7C733A31343A226A7261647340696E666F2E636F6D223B757365725F69647C733A323A223131223B6F6C645F6C6173745F6C6F67696E7C733A31303A2231353935303435363831223B73745F73746F726549447C733A313A2230223B63757272656E745F62617463685F69647C733A313A2231223B),
	('329d752a6f42564665a1ce521ff6f5e8da654a07', '::1', 1595061740, _binary 0x5F5F63695F6C6173745F726567656E65726174657C693A313539353036313734303B63757272656E745F6C616E67756167657C733A373A22656E676C697368223B6964656E746974797C733A31343A226A7261647340696E666F2E636F6D223B656D61696C7C733A31343A226A7261647340696E666F2E636F6D223B757365725F69647C733A323A223131223B6F6C645F6C6173745F6C6F67696E7C733A31303A2231353935303435363831223B73745F73746F726549447C733A313A2230223B63757272656E745F62617463685F69647C733A313A2231223B),
	('913a93caca78e0d4f829fcc7ca24becb7c67ab13', '::1', 1595062718, _binary 0x5F5F63695F6C6173745F726567656E65726174657C693A313539353036323731383B63757272656E745F6C616E67756167657C733A373A22656E676C697368223B6964656E746974797C733A31343A226A7261647340696E666F2E636F6D223B656D61696C7C733A31343A226A7261647340696E666F2E636F6D223B757365725F69647C733A323A223131223B6F6C645F6C6173745F6C6F67696E7C733A31303A2231353935303435363831223B73745F73746F726549447C733A313A2230223B63757272656E745F62617463685F69647C733A313A2231223B),
	('1db463fcce0e99ffaaad1c35adf84d0259aa9303', '::1', 1595063134, _binary 0x5F5F63695F6C6173745F726567656E65726174657C693A313539353036333133343B63757272656E745F6C616E67756167657C733A373A22656E676C697368223B6964656E746974797C733A31343A226A7261647340696E666F2E636F6D223B656D61696C7C733A31343A226A7261647340696E666F2E636F6D223B757365725F69647C733A323A223131223B6F6C645F6C6173745F6C6F67696E7C733A31303A2231353935303435363831223B73745F73746F726549447C733A313A2230223B63757272656E745F62617463685F69647C733A313A2231223B),
	('6cc1dd521b253a3d34c234532b0f9de834e64550', '::1', 1595063438, _binary 0x5F5F63695F6C6173745F726567656E65726174657C693A313539353036333433383B63757272656E745F6C616E67756167657C733A373A22656E676C697368223B6964656E746974797C733A31343A226A7261647340696E666F2E636F6D223B656D61696C7C733A31343A226A7261647340696E666F2E636F6D223B757365725F69647C733A323A223131223B6F6C645F6C6173745F6C6F67696E7C733A31303A2231353935303435363831223B73745F73746F726549447C733A313A2230223B63757272656E745F62617463685F69647C733A313A2231223B),
	('a1a396b2fd68994678434c13d072f87d9bd066d2', '::1', 1595063744, _binary 0x5F5F63695F6C6173745F726567656E65726174657C693A313539353036333734343B63757272656E745F6C616E67756167657C733A373A22656E676C697368223B6964656E746974797C733A31343A226A7261647340696E666F2E636F6D223B656D61696C7C733A31343A226A7261647340696E666F2E636F6D223B757365725F69647C733A323A223131223B6F6C645F6C6173745F6C6F67696E7C733A31303A2231353935303435363831223B73745F73746F726549447C733A313A2230223B63757272656E745F62617463685F69647C733A313A2231223B),
	('e582899e37dc04c8e2260abd1ee6b4edb221803c', '::1', 1595064134, _binary 0x5F5F63695F6C6173745F726567656E65726174657C693A313539353036343133343B63757272656E745F6C616E67756167657C733A373A22656E676C697368223B6964656E746974797C733A31343A226A7261647340696E666F2E636F6D223B656D61696C7C733A31343A226A7261647340696E666F2E636F6D223B757365725F69647C733A323A223131223B6F6C645F6C6173745F6C6F67696E7C733A31303A2231353935303435363831223B73745F73746F726549447C733A313A2230223B63757272656E745F62617463685F69647C733A313A2231223B),
	('20d4d98f74223fd513401a8c4a6e1d2d4f1421ea', '::1', 1595065194, _binary 0x5F5F63695F6C6173745F726567656E65726174657C693A313539353036353139343B63757272656E745F6C616E67756167657C733A373A22656E676C697368223B6964656E746974797C733A31343A226A7261647340696E666F2E636F6D223B656D61696C7C733A31343A226A7261647340696E666F2E636F6D223B757365725F69647C733A323A223131223B6F6C645F6C6173745F6C6F67696E7C733A31303A2231353935303435363831223B73745F73746F726549447C733A313A2230223B63757272656E745F62617463685F69647C733A313A2231223B),
	('6818db39a64e9820ac41c1222477fd0de37e2b94', '::1', 1595065514, _binary 0x5F5F63695F6C6173745F726567656E65726174657C693A313539353036353531343B63757272656E745F6C616E67756167657C733A373A22656E676C697368223B6964656E746974797C733A31343A226A7261647340696E666F2E636F6D223B656D61696C7C733A31343A226A7261647340696E666F2E636F6D223B757365725F69647C733A323A223131223B6F6C645F6C6173745F6C6F67696E7C733A31303A2231353935303435363831223B73745F73746F726549447C733A313A2230223B63757272656E745F62617463685F69647C733A313A2231223B),
	('a56263bae1d9927684602875ec265c03369c2605', '::1', 1595065905, _binary 0x5F5F63695F6C6173745F726567656E65726174657C693A313539353036353930353B63757272656E745F6C616E67756167657C733A373A22656E676C697368223B6964656E746974797C733A31343A226A7261647340696E666F2E636F6D223B656D61696C7C733A31343A226A7261647340696E666F2E636F6D223B757365725F69647C733A323A223131223B6F6C645F6C6173745F6C6F67696E7C733A31303A2231353935303435363831223B73745F73746F726549447C733A313A2230223B63757272656E745F62617463685F69647C733A313A2231223B),
	('fd38b3ee77e722646b29095f6a98de03df8df930', '::1', 1595066240, _binary 0x5F5F63695F6C6173745F726567656E65726174657C693A313539353036363234303B63757272656E745F6C616E67756167657C733A373A22656E676C697368223B6964656E746974797C733A31343A226A7261647340696E666F2E636F6D223B656D61696C7C733A31343A226A7261647340696E666F2E636F6D223B757365725F69647C733A323A223131223B6F6C645F6C6173745F6C6F67696E7C733A31303A2231353935303435363831223B73745F73746F726549447C733A313A2230223B63757272656E745F62617463685F69647C733A313A2231223B),
	('0ce0cdcadf941adb3003bea9f692d5bacc7d14ad', '::1', 1595066933, _binary 0x5F5F63695F6C6173745F726567656E65726174657C693A313539353036363933333B63757272656E745F6C616E67756167657C733A373A22656E676C697368223B6964656E746974797C733A31343A226A7261647340696E666F2E636F6D223B656D61696C7C733A31343A226A7261647340696E666F2E636F6D223B757365725F69647C733A323A223131223B6F6C645F6C6173745F6C6F67696E7C733A31303A2231353935303435363831223B73745F73746F726549447C733A313A2230223B63757272656E745F62617463685F69647C733A313A2231223B),
	('d0435ae54cc510f06fac9cb90a77e6ab09c7bbbd', '::1', 1595067516, _binary 0x5F5F63695F6C6173745F726567656E65726174657C693A313539353036373531363B63757272656E745F6C616E67756167657C733A373A22656E676C697368223B6964656E746974797C733A31343A226A7261647340696E666F2E636F6D223B656D61696C7C733A31343A226A7261647340696E666F2E636F6D223B757365725F69647C733A323A223131223B6F6C645F6C6173745F6C6F67696E7C733A31303A2231353935303435363831223B73745F73746F726549447C733A313A2230223B63757272656E745F62617463685F69647C733A313A2231223B),
	('26b9c6696c43a26d9124432c26283810ae43bf9b', '::1', 1595067915, _binary 0x5F5F63695F6C6173745F726567656E65726174657C693A313539353036373931353B63757272656E745F6C616E67756167657C733A373A22656E676C697368223B6964656E746974797C733A31343A226A7261647340696E666F2E636F6D223B656D61696C7C733A31343A226A7261647340696E666F2E636F6D223B757365725F69647C733A323A223131223B6F6C645F6C6173745F6C6F67696E7C733A31303A2231353935303435363831223B73745F73746F726549447C733A313A2230223B63757272656E745F62617463685F69647C733A313A2231223B),
	('9037cb1e06bf528ff7bc051f5f1767013caafbd8', '::1', 1595068227, _binary 0x5F5F63695F6C6173745F726567656E65726174657C693A313539353036383232373B63757272656E745F6C616E67756167657C733A373A22656E676C697368223B6964656E746974797C733A31343A226A7261647340696E666F2E636F6D223B656D61696C7C733A31343A226A7261647340696E666F2E636F6D223B757365725F69647C733A323A223131223B6F6C645F6C6173745F6C6F67696E7C733A31303A2231353935303435363831223B73745F73746F726549447C733A313A2230223B63757272656E745F62617463685F69647C733A313A2231223B),
	('07d3e51c165ec5c6dfe5afb4a47e3bbb62eb53c4', '::1', 1595068537, _binary 0x5F5F63695F6C6173745F726567656E65726174657C693A313539353036383533373B63757272656E745F6C616E67756167657C733A373A22656E676C697368223B6964656E746974797C733A31343A226A7261647340696E666F2E636F6D223B656D61696C7C733A31343A226A7261647340696E666F2E636F6D223B757365725F69647C733A323A223131223B6F6C645F6C6173745F6C6F67696E7C733A31303A2231353935303435363831223B73745F73746F726549447C733A313A2230223B63757272656E745F62617463685F69647C733A313A2231223B),
	('4ef7cc2272675f6fb9bc42051278e8176eccf6fe', '::1', 1595068848, _binary 0x5F5F63695F6C6173745F726567656E65726174657C693A313539353036383834383B63757272656E745F6C616E67756167657C733A373A22656E676C697368223B6964656E746974797C733A31343A226A7261647340696E666F2E636F6D223B656D61696C7C733A31343A226A7261647340696E666F2E636F6D223B757365725F69647C733A323A223131223B6F6C645F6C6173745F6C6F67696E7C733A31303A2231353935303435363831223B73745F73746F726549447C733A313A2230223B63757272656E745F62617463685F69647C733A313A2231223B),
	('a28c60790b15ff41033903f811d27379593b417c', '::1', 1595069707, _binary 0x5F5F63695F6C6173745F726567656E65726174657C693A313539353036393730373B63757272656E745F6C616E67756167657C733A373A22656E676C697368223B6964656E746974797C733A31343A226A7261647340696E666F2E636F6D223B656D61696C7C733A31343A226A7261647340696E666F2E636F6D223B757365725F69647C733A323A223131223B6F6C645F6C6173745F6C6F67696E7C733A31303A2231353935303435363831223B73745F73746F726549447C733A313A2230223B63757272656E745F62617463685F69647C733A313A2231223B),
	('d15184648fd1e9fb7f3518b6a0cb97e1cd7b8d40', '::1', 1595070966, _binary 0x5F5F63695F6C6173745F726567656E65726174657C693A313539353037303936363B63757272656E745F6C616E67756167657C733A373A22656E676C697368223B6964656E746974797C733A31343A226A7261647340696E666F2E636F6D223B656D61696C7C733A31343A226A7261647340696E666F2E636F6D223B757365725F69647C733A323A223131223B6F6C645F6C6173745F6C6F67696E7C733A31303A2231353935303435363831223B73745F73746F726549447C733A313A2230223B63757272656E745F62617463685F69647C733A313A2231223B),
	('accba96721e93fe2389c247d5fe1c71184c0e41d', '::1', 1595071372, _binary 0x5F5F63695F6C6173745F726567656E65726174657C693A313539353037313337323B63757272656E745F6C616E67756167657C733A373A22656E676C697368223B6964656E746974797C733A31343A226A7261647340696E666F2E636F6D223B656D61696C7C733A31343A226A7261647340696E666F2E636F6D223B757365725F69647C733A323A223131223B6F6C645F6C6173745F6C6F67696E7C733A31303A2231353935303435363831223B73745F73746F726549447C733A313A2230223B63757272656E745F62617463685F69647C733A313A2231223B),
	('e90dd23c4c432ff5a582f71df6416af2e03cb52e', '::1', 1595071415, _binary 0x5F5F63695F6C6173745F726567656E65726174657C693A313539353037313337323B63757272656E745F6C616E67756167657C733A373A22656E676C697368223B6964656E746974797C733A31343A226A7261647340696E666F2E636F6D223B656D61696C7C733A31343A226A7261647340696E666F2E636F6D223B757365725F69647C733A323A223131223B6F6C645F6C6173745F6C6F67696E7C733A31303A2231353935303435363831223B73745F73746F726549447C733A313A2230223B63757272656E745F62617463685F69647C733A313A2231223B),
	('f2739994d6d2499d730a4c5852a117beffa0ea9b', '::1', 1595086514, _binary 0x5F5F63695F6C6173745F726567656E65726174657C693A313539353038363531343B63757272656E745F6C616E67756167657C733A373A22656E676C697368223B6964656E746974797C733A31343A226A7261647340696E666F2E636F6D223B656D61696C7C733A31343A226A7261647340696E666F2E636F6D223B757365725F69647C733A323A223131223B6F6C645F6C6173745F6C6F67696E7C733A31303A2231353935303538323038223B73745F73746F726549447C733A313A2230223B63757272656E745F62617463685F69647C4E3B),
	('92c479f00e8490513545020ee6e3a02f2a8d0e6b', '::1', 1595086851, _binary 0x5F5F63695F6C6173745F726567656E65726174657C693A313539353038363835313B63757272656E745F6C616E67756167657C733A373A22656E676C697368223B6964656E746974797C733A31343A226A7261647340696E666F2E636F6D223B656D61696C7C733A31343A226A7261647340696E666F2E636F6D223B757365725F69647C733A323A223131223B6F6C645F6C6173745F6C6F67696E7C733A31303A2231353935303538323038223B73745F73746F726549447C733A313A2230223B63757272656E745F62617463685F69647C4E3B),
	('5b7b3f43f91ea24194cf1f3024e4e605607624d4', '::1', 1595087269, _binary 0x5F5F63695F6C6173745F726567656E65726174657C693A313539353038373236393B63757272656E745F6C616E67756167657C733A373A22656E676C697368223B6964656E746974797C733A31343A226A7261647340696E666F2E636F6D223B656D61696C7C733A31343A226A7261647340696E666F2E636F6D223B757365725F69647C733A323A223131223B6F6C645F6C6173745F6C6F67696E7C733A31303A2231353935303538323038223B73745F73746F726549447C733A313A2230223B63757272656E745F62617463685F69647C4E3B),
	('c55d3b0072094301f935a9ba1278f66a60b1e993', '::1', 1595087864, _binary 0x5F5F63695F6C6173745F726567656E65726174657C693A313539353038373836343B63757272656E745F6C616E67756167657C733A373A22656E676C697368223B6964656E746974797C733A31343A226A7261647340696E666F2E636F6D223B656D61696C7C733A31343A226A7261647340696E666F2E636F6D223B757365725F69647C733A323A223131223B6F6C645F6C6173745F6C6F67696E7C733A31303A2231353935303538323038223B73745F73746F726549447C733A313A2230223B63757272656E745F62617463685F69647C4E3B),
	('bfad14623cfe41d6d18d048df3ede798dae7360f', '::1', 1595088176, _binary 0x5F5F63695F6C6173745F726567656E65726174657C693A313539353038383137363B63757272656E745F6C616E67756167657C733A373A22656E676C697368223B6964656E746974797C733A31343A226A7261647340696E666F2E636F6D223B656D61696C7C733A31343A226A7261647340696E666F2E636F6D223B757365725F69647C733A323A223131223B6F6C645F6C6173745F6C6F67696E7C733A31303A2231353935303538323038223B73745F73746F726549447C733A313A2230223B63757272656E745F62617463685F69647C4E3B),
	('942a965ebfb4d3f1ebc0238013df719f674ac113', '::1', 1595088507, _binary 0x5F5F63695F6C6173745F726567656E65726174657C693A313539353038383530373B63757272656E745F6C616E67756167657C733A373A22656E676C697368223B6964656E746974797C733A31343A226A7261647340696E666F2E636F6D223B656D61696C7C733A31343A226A7261647340696E666F2E636F6D223B757365725F69647C733A323A223131223B6F6C645F6C6173745F6C6F67696E7C733A31303A2231353935303538323038223B73745F73746F726549447C733A313A2230223B63757272656E745F62617463685F69647C4E3B),
	('5636b8ffc5edbe23320dc2096a69f6c2ef959f9e', '::1', 1595088813, _binary 0x5F5F63695F6C6173745F726567656E65726174657C693A313539353038383831333B63757272656E745F6C616E67756167657C733A373A22656E676C697368223B6964656E746974797C733A31343A226A7261647340696E666F2E636F6D223B656D61696C7C733A31343A226A7261647340696E666F2E636F6D223B757365725F69647C733A323A223131223B6F6C645F6C6173745F6C6F67696E7C733A31303A2231353935303538323038223B73745F73746F726549447C733A313A2230223B63757272656E745F62617463685F69647C4E3B),
	('79fd6f13e1bf42585a46d74750607ddb0da4dcba', '::1', 1595089362, _binary 0x5F5F63695F6C6173745F726567656E65726174657C693A313539353038393336323B63757272656E745F6C616E67756167657C733A373A22656E676C697368223B6964656E746974797C733A31343A226A7261647340696E666F2E636F6D223B656D61696C7C733A31343A226A7261647340696E666F2E636F6D223B757365725F69647C733A323A223131223B6F6C645F6C6173745F6C6F67696E7C733A31303A2231353935303538323038223B73745F73746F726549447C733A313A2230223B63757272656E745F62617463685F69647C4E3B),
	('0d636fd54b168e00218695063da5b7f6d6d71b7c', '::1', 1595089740, _binary 0x5F5F63695F6C6173745F726567656E65726174657C693A313539353038393734303B63757272656E745F6C616E67756167657C733A373A22656E676C697368223B6964656E746974797C733A31343A226A7261647340696E666F2E636F6D223B656D61696C7C733A31343A226A7261647340696E666F2E636F6D223B757365725F69647C733A323A223131223B6F6C645F6C6173745F6C6F67696E7C733A31303A2231353935303538323038223B73745F73746F726549447C733A313A2230223B63757272656E745F62617463685F69647C4E3B),
	('0d2a6194f10ceb69b222f0efccf68f2b5c0166b8', '::1', 1595090047, _binary 0x5F5F63695F6C6173745F726567656E65726174657C693A313539353039303034373B63757272656E745F6C616E67756167657C733A373A22656E676C697368223B6964656E746974797C733A31343A226A7261647340696E666F2E636F6D223B656D61696C7C733A31343A226A7261647340696E666F2E636F6D223B757365725F69647C733A323A223131223B6F6C645F6C6173745F6C6F67696E7C733A31303A2231353935303538323038223B73745F73746F726549447C733A313A2230223B63757272656E745F62617463685F69647C4E3B),
	('0845df5abe26e9490eca760cb50528a5255a86e4', '::1', 1595090619, _binary 0x5F5F63695F6C6173745F726567656E65726174657C693A313539353039303631393B63757272656E745F6C616E67756167657C733A373A22656E676C697368223B6964656E746974797C733A31343A226A7261647340696E666F2E636F6D223B656D61696C7C733A31343A226A7261647340696E666F2E636F6D223B757365725F69647C733A323A223131223B6F6C645F6C6173745F6C6F67696E7C733A31303A2231353935303930323438223B73745F73746F726549447C733A313A2230223B63757272656E745F62617463685F69647C4E3B),
	('9428bd9fb8fc9e28e5c60131c55e159af3419756', '::1', 1595090646, _binary 0x5F5F63695F6C6173745F726567656E65726174657C693A313539353039303631393B63757272656E745F6C616E67756167657C733A373A22656E676C697368223B6964656E746974797C733A31343A226A7261647340696E666F2E636F6D223B656D61696C7C733A31343A226A7261647340696E666F2E636F6D223B757365725F69647C733A323A223131223B6F6C645F6C6173745F6C6F67696E7C733A31303A2231353935303930323438223B73745F73746F726549447C733A313A2230223B63757272656E745F62617463685F69647C4E3B);
/*!40000 ALTER TABLE `ci_sessions` ENABLE KEYS */;

-- Dumping data for table aljoysgroup.groups: 6 rows
/*!40000 ALTER TABLE `groups` DISABLE KEYS */;
INSERT INTO `groups` (`id`, `name`, `description`) VALUES
	(1, 'admin', 'Administrator'),
	(2, 'wqt', 'WQT'),
	(3, 'ndt', 'NDT'),
	(4, 'audit', 'Audit'),
	(5, 'tesing', 'Tesing Data'),
	(6, 'testsing1', 'testsing122');
/*!40000 ALTER TABLE `groups` ENABLE KEYS */;

-- Dumping data for table aljoysgroup.jr_applicable_code: 2 rows
/*!40000 ALTER TABLE `jr_applicable_code` DISABLE KEYS */;
INSERT INTO `jr_applicable_code` (`applicable_code_id`, `applicable_code_name`, `applicable_code_show_status`, `createOn`, `createBy`, `updateOn`, `updateBy`) VALUES
	(1, 'Applicable Code 1', 1, '2020-03-14 08:58:29', 11, '2020-03-14 08:58:29', 11),
	(3, 'Applicable Code 2', 1, '2020-03-18 19:42:17', 11, '2020-03-18 19:42:17', 11);
/*!40000 ALTER TABLE `jr_applicable_code` ENABLE KEYS */;

-- Dumping data for table aljoysgroup.jr_batch: 2 rows
/*!40000 ALTER TABLE `jr_batch` DISABLE KEYS */;
INSERT INTO `jr_batch` (`batch_id`, `jobNo`, `batch_services`, `batch_wps`, `batch_client_specification`, `batch_request_date`, `batch_project_clone`, `batch_report_template`, `batch_ref_no`, `batch_acceptance_criteria`, `batch_location`, `batch_pqr_no`, `batch_name`, `batch_show_status`, `batch_completed`, `batch_createOn`, `batch_createBy`, `batch_updateOn`, `batch_updateBy`) VALUES
	(5, 2, 1, '64565', '', '0000-00-00', 0, 0, 'JR-2019-351', '', '', '', '', 1, 0, '2019-09-25 21:44:36', 11, '2019-09-25 21:44:36', 11),
	(6, 1, 2, 'ddf', 'df', '2020-02-05', 0, 0, 'JR-2020-352', 'API 1104', '', '', '', 1, 0, '2020-02-04 23:04:29', 11, '2020-02-04 23:04:29', 11);
/*!40000 ALTER TABLE `jr_batch` ENABLE KEYS */;

-- Dumping data for table aljoysgroup.jr_batchndt_attachement: 0 rows
/*!40000 ALTER TABLE `jr_batchndt_attachement` DISABLE KEYS */;
/*!40000 ALTER TABLE `jr_batchndt_attachement` ENABLE KEYS */;

-- Dumping data for table aljoysgroup.jr_batchvi_attachement: 0 rows
/*!40000 ALTER TABLE `jr_batchvi_attachement` DISABLE KEYS */;
/*!40000 ALTER TABLE `jr_batchvi_attachement` ENABLE KEYS */;

-- Dumping data for table aljoysgroup.jr_batch_attachement: 0 rows
/*!40000 ALTER TABLE `jr_batch_attachement` DISABLE KEYS */;
/*!40000 ALTER TABLE `jr_batch_attachement` ENABLE KEYS */;

-- Dumping data for table aljoysgroup.jr_batch_ndt: 0 rows
/*!40000 ALTER TABLE `jr_batch_ndt` DISABLE KEYS */;
/*!40000 ALTER TABLE `jr_batch_ndt` ENABLE KEYS */;

-- Dumping data for table aljoysgroup.jr_batch_vi: 0 rows
/*!40000 ALTER TABLE `jr_batch_vi` DISABLE KEYS */;
/*!40000 ALTER TABLE `jr_batch_vi` ENABLE KEYS */;

-- Dumping data for table aljoysgroup.jr_batch_wpq_additional: 0 rows
/*!40000 ALTER TABLE `jr_batch_wpq_additional` DISABLE KEYS */;
/*!40000 ALTER TABLE `jr_batch_wpq_additional` ENABLE KEYS */;

-- Dumping data for table aljoysgroup.jr_batch_wpq_report: 1 rows
/*!40000 ALTER TABLE `jr_batch_wpq_report` DISABLE KEYS */;
INSERT INTO `jr_batch_wpq_report` (`batchWPQ_id`, `batchID`, `batchForm_welding_processes_lbl`, `batchForm_welding_processes_val`, `batchForm_welding_processes_val1`, `batchForm_welding_processes_val2`, `batchForm_welding_processes_range`, `batchForm_welding_type_lbl`, `batchForm_welding_type_val`, `batchForm_welding_type_range`, `batchForm_pno_groupno_lbl`, `batchForm_pno_groupno_val`, `batchForm_pno_groupno_val_qnt`, `batchForm_pno_groupno_range`, `batchForm_test_specimen_lbl`, `batchForm_test_specimen_val`, `batchForm_test_specimen_range`, `batchForm_pipe_tube_lbl`, `batchForm_pipe_tube_val`, `batchForm_pipe_tube_range`, `batchForm_pipe_plate_lbl`, `batchForm_pipe_plate_val`, `batchForm_pipe_plate_val_qnt`, `batchForm_pipe_plate_range`, `batchForm_pno_groupno_val1`, `batchForm_pno_groupno_val_qnt1`, `batchForm_type_of_joint_lbl`, `batchForm_type_of_joint_val`, `batchForm_type_of_joint_range`, `batchForm_type_of_weld_lbl`, `batchForm_type_of_weld_val`, `batchForm_type_of_weld_range`, `batchForm_joint_backing_lbl`, `batchForm_joint_backing_val`, `batchForm_joint_backing_range`, `batchForm_filler_metal_spec_lbl`, `batchForm_filler_metal_spec_val`, `batchForm_filler_metal_spec_range`, `batchForm_filler_metal_aws_lbl`, `batchForm_filler_metal_aws_val`, `batchForm_filler_metal_aws_range`, `batchForm_filler_metal_fno_lbl`, `batchForm_filler_metal_fno_val`, `batchForm_filler_metal_fno_range`, `batchForm_filler_metal_brand_lbl`, `batchForm_filler_metal_brand_val`, `batchForm_filler_metal_brand_range`, `batchForm_deposit_weld_lbl`, `batchForm_deposit_weld_val`, `batchForm_deposit_weld_range`, `batchForm_consumable_insert_lbl`, `batchForm_consumable_insert_val`, `batchForm_consumable_insert_range`, `batchForm_filler_metal_product_lbl`, `batchForm_filler_metal_product_val`, `batchForm_filler_metal_product_range`, `batchForm_welding_position_lbl`, `batchForm_welding_position_val`, `batchForm_welding_position_range`, `batchForm_vertical_progression_lbl`, `batchForm_vertical_progression_val`, `batchForm_vertical_progression_range`, `batchForm_insert_gas_lbl`, `batchForm_insert_gas_val`, `batchForm_insert_gas_range`, `batchForm_transfer_mode_lbl`, `batchForm_transfer_mode_val`, `batchForm_transfer_mode_range`, `batchForm_current_type_lbl`, `batchForm_current_type_val`, `batchForm_current_type_range`, `batchWPQ_show_status`, `batchWPQ_createOn`, `batchWPQ_createBy`, `batchWPQ_updateOn`, `batchWPQ_updateBy`) VALUES
	(363, 5, 'Welding Process(es)', '', '', '', '', 'Type (Manual, Sem-auto, Auto, Mechanized) used', '', '', 'Base Metals P-Number to P-Number / /Group to Group', 'P-No. 1', 'P-No. 1', 'P-No. 1 through P-No. 15F, P-No. 34, and P-No. 41 through P-No. 49', 'Test Specimen (Pipe / Plate)', '', '', 'Pipe / Tube Diameter', '', '', 'Pipe / Plate Tickness', '', 'mm', '', '23', 'Others', 'Type of Joint (Butt, Lap, etc.)', '', '', 'Type of Weld (Groove, Fillet)', '', '', 'Backing (Metal, Weld Metal, Double Welded, Without)', '', '', 'Filler Metal or Electrode specification (s) (SFA No.)', '', '', 'Filler Metal or Electrode AWS classification', '', '', 'Filler Metal F-Number(s)', '', '', 'Filler Metal or Electrode Diameter / Brand Name', '', '', 'Deposit Weld Metal Thickness', '', '', 'Consumable insert (GTAW or PAW)', '', '', 'Filler metal product form (GTAW or PAW)', '', '', 'Welding Position (s)', '', '', 'Vertical progression (Uphill or Downhill)', '', '', 'Inert gas backing (GMAW, GTAW, PAW) ', '', '', 'Transfer mode (spray/globular or pluse to short circuit-GMAW)', '', '', 'Current Type / Polarity (AC, DCEN, DCEP)', '', '', 1, '2019-09-25 23:17:29', 11, '2019-09-25 23:17:43', 11);
/*!40000 ALTER TABLE `jr_batch_wpq_report` ENABLE KEYS */;

-- Dumping data for table aljoysgroup.jr_batch_wpq_test_result: 0 rows
/*!40000 ALTER TABLE `jr_batch_wpq_test_result` DISABLE KEYS */;
/*!40000 ALTER TABLE `jr_batch_wpq_test_result` ENABLE KEYS */;

-- Dumping data for table aljoysgroup.jr_category: 2 rows
/*!40000 ALTER TABLE `jr_category` DISABLE KEYS */;
INSERT INTO `jr_category` (`category_id`, `category_name`, `category_show_status`, `category_createOn`, `category_createBy`, `category_updateOn`, `category_updateBy`) VALUES
	(1, 'Temp Programmer', 1, '2019-01-05 11:43:20', 11, '2019-01-05 11:43:20', 11),
	(2, 'UT Machine', 1, '2019-01-05 11:43:20', 11, '2019-01-05 11:43:20', 11);
/*!40000 ALTER TABLE `jr_category` ENABLE KEYS */;

-- Dumping data for table aljoysgroup.jr_certification_body: 5 rows
/*!40000 ALTER TABLE `jr_certification_body` DISABLE KEYS */;
INSERT INTO `jr_certification_body` (`certification_id`, `certification_body`, `certification_body_type`, `certification_show_status`, `certification_createOn`, `certification_createBy`, `certification_updateOn`, `certification_updateBy`) VALUES
	(1, 'CWI', '1', 1, '2019-09-02 00:00:00', 11, '2019-09-02 00:00:00', 11),
	(2, 'SCWI', '1', 1, '2019-09-02 00:00:00', 11, '2019-09-02 00:00:00', 11),
	(3, 'CWE', '1', 1, '2019-09-02 00:00:00', 11, '2019-09-02 00:00:00', 11),
	(4, 'CSWIP 3.1', '0', 1, '2019-09-02 00:00:00', 11, '2019-09-02 00:00:00', 11),
	(5, 'CSWIP 3.2', '0', 1, '2019-09-02 00:00:00', 11, '2019-09-02 00:00:00', 11);
/*!40000 ALTER TABLE `jr_certification_body` ENABLE KEYS */;

-- Dumping data for table aljoysgroup.jr_client: 2 rows
/*!40000 ALTER TABLE `jr_client` DISABLE KEYS */;
INSERT INTO `jr_client` (`client_id`, `client_name`, `client_email`, `client_phone`, `client_office_no`, `client_fax`, `client_website`, `client_abbreviations`, `client_address`, `client_photo`, `client_show_status`, `client_createOn`, `client_createBy`, `client_updateOn`, `client_updateBy`) VALUES
	(1, 'Test', 'test@gmail.com', '', '', '', 'https://aljoysgroup.com', 'tesr', '', '~cdn/photoClient/10.jpg', 1, '2019-03-04 08:16:48', 11, '2019-10-06 15:48:23', 11),
	(2, 'Sf', 's@gmail.com', '', '', '', '', 'test', '', '~cdn/photoClient/envato-logo.png', 1, '2019-04-21 20:53:15', 11, '2019-09-22 10:39:14', 11);
/*!40000 ALTER TABLE `jr_client` ENABLE KEYS */;

-- Dumping data for table aljoysgroup.jr_company_details: 1 rows
/*!40000 ALTER TABLE `jr_company_details` DISABLE KEYS */;
INSERT INTO `jr_company_details` (`company_id`, `company_name`, `company_email`, `company_phone`, `company_address`, `company_logo`, `company_show_status`, `createOn`, `createBy`, `updateOn`, `updateBy`) VALUES
	(1, 'CUTECH ARABIA LLC', 'test1@gmail.com', '1234567897890', 'Testing Address 1', '~cdn/companyLogo/demologo.jpg', 1, '2020-03-08 14:27:29', 11, '2020-03-08 14:33:48', 11);
/*!40000 ALTER TABLE `jr_company_details` ENABLE KEYS */;

-- Dumping data for table aljoysgroup.jr_department: 2 rows
/*!40000 ALTER TABLE `jr_department` DISABLE KEYS */;
INSERT INTO `jr_department` (`department_id`, `department_name`, `department_show_status`, `department_createOn`, `department_createBy`, `department_updateOn`, `department_updateBy`) VALUES
	(1, 'Operation', 1, '2019-01-02 00:00:00', 11, '2019-01-30 00:00:00', 11),
	(2, 'Test', 1, '2019-01-13 00:00:00', 11, '2019-01-13 00:00:00', 11);
/*!40000 ALTER TABLE `jr_department` ENABLE KEYS */;

-- Dumping data for table aljoysgroup.jr_designation: 8 rows
/*!40000 ALTER TABLE `jr_designation` DISABLE KEYS */;
INSERT INTO `jr_designation` (`designation_id`, `designation_name`, `designation_abbr`, `designation_show_status`, `designation_createOn`, `designation_createBy`, `designation_updateOn`, `designation_updateBy`) VALUES
	(1, 'Inspector', 'Ins', 1, '2019-01-05 11:43:20', 11, '2019-01-05 11:43:45', 11),
	(2, 'Auditor', 'AI', 1, '2019-01-05 11:44:16', 11, '2019-01-05 11:44:49', 11),
	(3, 'sdad', 'rr', 1, '2019-03-16 18:12:25', 11, '2019-03-16 18:12:25', 11),
	(4, 'dfdsdfsdfds', 'dgfgf', 1, '2019-03-16 19:29:57', 11, '2019-03-16 19:29:57', 11),
	(5, 'dfxdfdsf', 'dfdsf', 1, '2019-03-16 19:32:27', 11, '2019-03-16 19:32:27', 11),
	(6, 'sdsasdasfas', 'fd', 1, '2019-03-16 19:48:55', 11, '2019-03-16 19:48:55', 11),
	(7, 'dfdsf', 'dfsdf', 1, '2019-03-16 20:16:45', 11, '2019-03-16 20:16:45', 11),
	(8, 'Radiographer', 'RT', 1, '2020-02-01 21:34:49', 11, '2020-02-01 21:34:49', 11);
/*!40000 ALTER TABLE `jr_designation` ENABLE KEYS */;

-- Dumping data for table aljoysgroup.jr_eccontractor: 0 rows
/*!40000 ALTER TABLE `jr_eccontractor` DISABLE KEYS */;
/*!40000 ALTER TABLE `jr_eccontractor` ENABLE KEYS */;

-- Dumping data for table aljoysgroup.jr_equipment: 2 rows
/*!40000 ALTER TABLE `jr_equipment` DISABLE KEYS */;
INSERT INTO `jr_equipment` (`equipment_id`, `equipment_category`, `equipment_serial_number`, `equipment_calibration_frequency`, `equipment_status`, `equipment_test_equipment`, `equipment_recommended_range`, `equipment_alert_frequency`, `equipment_least_count`, `equipment_manufacturer`, `equipment_range`, `equipment_acceptance_criteria`, `equipment_asset_tag_number`, `equipment_purpose`, `equipment_remarks`, `equipment_show_status`, `equipment_createOn`, `equipment_createBy`, `equipment_updateOn`, `equipment_updateBy`) VALUES
	(1, 1, '0765165', 12, 1, 'Digital Clamp Meter	', '', 30, '', 'KYORITSU', '', '', '2007A', '', '', 1, '2019-03-01 08:19:54', 11, '2019-03-01 08:19:54', 11),
	(2, 1, '424FSDF', 12, 1, 'Trxx', '25', 52, '', 'ara', '', '', 'FSDF45435', '', '', 1, '2019-03-10 18:21:04', 11, '0000-00-00 00:00:00', 0);
/*!40000 ALTER TABLE `jr_equipment` ENABLE KEYS */;

-- Dumping data for table aljoysgroup.jr_equipment_additional: 1 rows
/*!40000 ALTER TABLE `jr_equipment_additional` DISABLE KEYS */;
INSERT INTO `jr_equipment_additional` (`equipment_additional_id`, `equipmentCalibrationID`, `equipment_additional_nominial_value`, `equipment_additional_measured_value`, `equipment_additional_createOn`, `equipment_additional_createBy`, `equipment_additional_updateOn`, `equipment_additional_updateBy`) VALUES
	(89, 2, 'tes', '', '2019-02-27 00:27:00', 11, '2019-02-27 00:27:00', 11);
/*!40000 ALTER TABLE `jr_equipment_additional` ENABLE KEYS */;

-- Dumping data for table aljoysgroup.jr_equipment_calibration: 1 rows
/*!40000 ALTER TABLE `jr_equipment_calibration` DISABLE KEYS */;
INSERT INTO `jr_equipment_calibration` (`equipment_calibration_id`, `equipmentID`, `equipment_calibration_report_number`, `equipment_calibration_date`, `equipment_calibration_by`, `equipment_calibration_due_date`, `equipment_calibration_createOn`, `equipment_calibration_createBy`, `equipment_calibration_updateOn`, `equipment_calibration_updateBy`) VALUES
	(2, 1, 'MTE-CC-S22736', '2018-02-02', 'MT ENTERPRISES	', '2019-02-02', '2019-02-17 10:18:03', 11, '2019-03-01 08:18:52', 11);
/*!40000 ALTER TABLE `jr_equipment_calibration` ENABLE KEYS */;

-- Dumping data for table aljoysgroup.jr_equipment_calibration_attachement: 2 rows
/*!40000 ALTER TABLE `jr_equipment_calibration_attachement` DISABLE KEYS */;
INSERT INTO `jr_equipment_calibration_attachement` (`attachement_equipment_calibration_id`, `equipmentCalibrationID`, `equipment_calibration_attachement_type_name`, `equipment_calibration_attachement_file_name`, `equipment_calibration_attachement_file_size`, `equipment_calibration_attachement_file_type`, `equipment_calibration_attachement_show_status`, `equipment_calibration_attachement_createOn`, `equipment_calibration_attachement_createBy`, `equipment_calibration_attachement_updateOn`, `equipment_calibration_attachement_updateBy`) VALUES
	(1, 2, 'fdf', '~cdn/attachementCalibration/banner1.png', '66249', 'image/png', 1, '2019-03-01 07:29:34', 11, '2019-03-01 07:29:33', 11),
	(2, 2, 'fdf', '~cdn/attachementCalibration/banner-img.jpg', '19901', 'image/jpeg', 1, '2019-03-01 07:31:31', 11, '2019-03-01 07:31:31', 11);
/*!40000 ALTER TABLE `jr_equipment_calibration_attachement` ENABLE KEYS */;

-- Dumping data for table aljoysgroup.jr_equipment_pressure: 0 rows
/*!40000 ALTER TABLE `jr_equipment_pressure` DISABLE KEYS */;
/*!40000 ALTER TABLE `jr_equipment_pressure` ENABLE KEYS */;

-- Dumping data for table aljoysgroup.jr_equipment_recorder: 1 rows
/*!40000 ALTER TABLE `jr_equipment_recorder` DISABLE KEYS */;
INSERT INTO `jr_equipment_recorder` (`equipmentRecorderID`, `equipmentCalibrationID`, `equipment_recorder_serial_no`, `equipment_recorder_certificate_no`, `equipment_recorder_date_of_issue`, `equipment_recorder_expiry_date`, `equipment_recorder_range`, `equipment_recorder_zero`, `equipmen_recordert_createOn`, `equipment_recorder_createBy`, `equipment_recorder_updateOn`, `equipment_recorder_updateBy`) VALUES
	(2, 2, '', '52', '0000-00-00', '2019-03-01', '25', '', '2019-02-28 07:52:22', 11, '2019-03-01 00:10:34', 11);
/*!40000 ALTER TABLE `jr_equipment_recorder` ENABLE KEYS */;

-- Dumping data for table aljoysgroup.jr_equipment_temperature: 2 rows
/*!40000 ALTER TABLE `jr_equipment_temperature` DISABLE KEYS */;
INSERT INTO `jr_equipment_temperature` (`equipment_temperature_id`, `equipmentCalibrationID`, `equipment_temperature_degress`, `equipment_temperature_ambient`, `equipment_temperature_dergrees`, `equipment_temperature_show_status`, `equipment_temperature_createOn`, `equipment_temperature_createBy`, `equipment_temperature_updateOn`, `equipment_temperature_updateBy`) VALUES
	(7, 2, '5', '12', '33', 1, '2019-03-01 00:25:33', 11, '2019-03-01 00:25:33', 11),
	(8, 2, '52', '12', '33', 1, '2019-03-01 00:25:33', 11, '2019-03-01 00:25:33', 11);
/*!40000 ALTER TABLE `jr_equipment_temperature` ENABLE KEYS */;

-- Dumping data for table aljoysgroup.jr_grade: 1 rows
/*!40000 ALTER TABLE `jr_grade` DISABLE KEYS */;
INSERT INTO `jr_grade` (`grade_id`, `grade_name`, `grade_show_status`, `createOn`, `createBy`, `updateOn`, `updateBy`) VALUES
	(1, 'Grade one', 1, '2020-03-14 13:48:48', 11, '2020-03-14 13:48:55', 11);
/*!40000 ALTER TABLE `jr_grade` ENABLE KEYS */;

-- Dumping data for table aljoysgroup.jr_inspector: 2 rows
/*!40000 ALTER TABLE `jr_inspector` DISABLE KEYS */;
INSERT INTO `jr_inspector` (`inspector_id`, `inspector_client`, `inspector_project`, `inspector_job`, `inspector_name`, `inspector_show_status`, `inspector_createOn`, `inspector_createBy`, `inspector_updateOn`, `inspector_updateBy`) VALUES
	(1, 1, 2, 1, 5, 1, '2019-03-16', 11, '2019-03-16', 11),
	(2, 2, 3, 2, 32, 1, '2019-09-22', 11, '2019-09-22', 11);
/*!40000 ALTER TABLE `jr_inspector` ENABLE KEYS */;

-- Dumping data for table aljoysgroup.jr_job_no: 2 rows
/*!40000 ALTER TABLE `jr_job_no` DISABLE KEYS */;
INSERT INTO `jr_job_no` (`job_no_id`, `job_no`, `choose_project`, `job_no_show_status`, `job_no_createOn`, `job_no_createBy`, `job_no_updateOn`, `job_no_updateBy`) VALUES
	(1, 'J768786', 2, 1, '2019-03-16 01:21:14', 11, '2019-03-16 12:11:22', 11),
	(2, '445556', 3, 1, '2019-09-22 10:40:22', 11, '2019-09-22 10:40:22', 11);
/*!40000 ALTER TABLE `jr_job_no` ENABLE KEYS */;

-- Dumping data for table aljoysgroup.jr_master_documents: 1 rows
/*!40000 ALTER TABLE `jr_master_documents` DISABLE KEYS */;
INSERT INTO `jr_master_documents` (`master_documents_id`, `master_documents_name`, `master_documents_description`, `master_documents_show_status`, `master_documents_createOn`, `master_documents_createBy`, `master_documents_updateOn`, `master_documents_updateBy`) VALUES
	(1, 'AWS ATF REFERENCE DOCUMENTS	', 'CV & Certificates1', 1, '2019-02-07 00:31:58', 11, '2019-02-16 16:22:37', 11);
/*!40000 ALTER TABLE `jr_master_documents` ENABLE KEYS */;

-- Dumping data for table aljoysgroup.jr_master_documents_attachement: 3 rows
/*!40000 ALTER TABLE `jr_master_documents_attachement` DISABLE KEYS */;
INSERT INTO `jr_master_documents_attachement` (`attachement_documents_id`, `master_documentsID`, `attachement_type_name`, `attachement_file_name`, `attachement_file_size`, `attachement_file_type`, `attachement_show_status`, `attachement_createOn`, `attachement_createBy`, `attachement_updateOn`, `attachement_updateBy`) VALUES
	(63, 1, 'jhjfj', 'MasterDocumentsAttachement/banner1.png', '66249', 'image/png', 1, '2019-02-07 22:49:05', 11, '2019-02-07 22:49:05', 11),
	(69, 1, 'sdas', 'MasterDocumentsAttachement/banner13.png', '46857', 'image/png', 1, '2019-02-07 23:05:00', 11, '2019-02-07 23:05:00', 11),
	(71, 1, 'dfds', 'MasterDocumentsAttachement/banner11.png', '66249', 'image/png', 1, '2019-02-16 16:26:21', 11, '2019-02-16 16:26:21', 11);
/*!40000 ALTER TABLE `jr_master_documents_attachement` ENABLE KEYS */;

-- Dumping data for table aljoysgroup.jr_material: 1 rows
/*!40000 ALTER TABLE `jr_material` DISABLE KEYS */;
INSERT INTO `jr_material` (`material_id`, `material_name`, `material_show_status`, `createOn`, `createBy`, `updateOn`, `updateBy`) VALUES
	(1, 'Material Specification One', 1, '2020-03-14 13:38:49', 11, '2020-03-14 13:38:58', 11);
/*!40000 ALTER TABLE `jr_material` ENABLE KEYS */;

-- Dumping data for table aljoysgroup.jr_menu_module: 150 rows
/*!40000 ALTER TABLE `jr_menu_module` DISABLE KEYS */;
INSERT INTO `jr_menu_module` (`menu_id`, `menu_name`, `menu_area`, `menu_link`, `menu_path`, `menu_active_name`, `menu_position`, `menu_parent`, `menu_status`, `top_menu_position`, `menu_createOn`, `menu_createBy`, `menu_updateOn`, `menu_updateBy`) VALUES
	(29, 'Staffs', 'HRM', 'staffs.php', 'auth/staffsList', 'auth', 1, 0, 1, 2, '2019-01-05 11:43:20', 11, '2019-01-05 11:43:20', 11),
	(30, 'Staffs add and edit', 'HRM', 'staffs.php', 'auth/staffsList', 'auth', 1, 29, 1, 2, '2019-01-05 11:43:20', 11, '2019-10-01 06:22:05', 11),
	(31, 'Quotation', 'Operation', 'Quotation.php', '', '', 2, 0, 1, 3, '2019-01-05 11:43:20', 11, '2019-09-15 23:27:15', 5),
	(32, 'Clients', 'Operation', 'ClientsManage.php', 'operation/ClientsManage', 'operation', 1, 0, 1, 3, '2019-01-05 11:43:20', 11, '2019-09-15 21:02:24', 11),
	(33, 'Project', 'Operation', 'ProjectManage.php', 'operation/ProjectManage', 'operation', 3, 0, 1, 3, '2019-01-05 11:43:20', 11, '2019-01-05 11:43:20', 11),
	(34, 'Role Group', 'Admin', 'RoleGroup.php', 'admin/RoleGroup', 'admin', 1, 0, 1, 1, '2019-01-05 11:43:20', 11, '2019-01-05 11:43:20', 11),
	(35, 'Admin Role', 'Admin', 'AdminRole.php', 'admin/AdminModule', 'admin', 2, 0, 1, 1, '2019-09-15 20:49:28', 11, '2019-09-15 23:03:20', 5),
	(37, 'Job No', 'Operation', 'JobNo.php', 'operation/JobNo', 'operation', 4, 0, 1, 3, '2019-09-15 21:06:30', 11, '2019-09-15 21:06:30', 11),
	(38, 'Inspector ', 'Operation', 'Inspector.php', 'operation/inspector', 'operation', 5, 0, 1, 3, '2019-09-15 21:07:59', 11, '2019-09-15 21:07:59', 11),
	(39, 'NDT Contractor', 'Thirdparty', 'NDTContractor.php', 'thirdparty/NDTContractor', 'thirdparty', 1, 0, 1, 4, '2019-09-15 21:12:27', 11, '2019-09-15 21:12:27', 11),
	(40, 'Equipment Calibration Contractor', 'Thirdparty', 'ECContractor.php', 'thirdparty/ECContractor', 'thirdparty', 2, 0, 1, 4, '2019-09-15 21:14:42', 11, '2019-09-15 21:14:42', 11),
	(41, 'Mechanical Testing Lab Contractors', 'Thirdparty', 'MTLContractor.php', 'thirdparty/MTLContractor', 'thirdparty', 3, 0, 1, 4, '2019-09-15 21:16:56', 11, '2019-09-15 21:16:56', 11),
	(42, 'Batch', 'QA/QC', 'Batch.php', 'masters/Batch', 'masters', 1, 0, 1, 5, '2019-09-15 21:18:38', 11, '2019-09-15 21:18:38', 11),
	(43, 'Welder', 'QA/QC', 'Welder.php', 'masters/Welder', 'masters', 2, 0, 1, 5, '2019-09-15 21:19:41', 11, '2019-09-15 21:19:41', 11),
	(44, 'Equipment', 'QA/QC', 'Equipment.php', 'masters/Equipment', 'masters', 3, 0, 1, 5, '2019-09-15 21:20:25', 11, '2019-09-15 21:20:25', 11),
	(45, 'Rt Report', 'NDT', 'RtReport.php', '', '', 1, 0, 1, 6, '2019-09-15 21:24:46', 11, '2019-09-15 23:25:08', 5),
	(46, 'Bend Test Report', 'NDT', 'BendTestReport.php', '', '', 2, 0, 1, 6, '2019-09-15 21:26:17', 11, '2019-09-15 23:25:24', 5),
	(47, 'Fillet Fracture', 'NDT', 'FilletFracture.php', '', '', 3, 0, 1, 6, '2019-09-15 21:27:16', 11, '2019-09-15 23:25:37', 5),
	(48, 'Macro Examination', 'NDT', 'MacroExamination.php', '', '', 4, 0, 1, 6, '2019-09-15 21:28:05', 11, '2019-09-15 23:25:50', 5),
	(49, 'Invoice', 'Finance', 'Invoice.php', '', '', 1, 0, 1, 7, '2019-09-15 21:30:42', 11, '2019-09-15 23:23:55', 5),
	(50, 'Account Statement', 'Finance', 'AccountStatement.php', '', '', 2, 0, 1, 7, '2019-09-15 21:31:52', 11, '2019-09-15 23:24:29', 5),
	(51, 'Auditor Report', 'Auditor', 'Auditor.php', '', '', 1, 0, 1, 7, '2019-09-15 21:33:10', 11, '2019-09-15 23:18:25', 5),
	(52, 'Staffs delete', 'HRM', 'staffs.php', 'auth/staffsList', 'auth', 2, 29, 1, 2, '2019-09-30 09:34:28', 11, '2019-09-30 09:34:28', 11),
	(53, 'Staffs Certificate', 'HRM', 'staffs.php', 'auth/staffsList', 'auth', 3, 29, 1, 2, '2019-09-30 18:30:03', 11, '2019-09-30 18:30:03', 11),
	(54, 'Staffs Attachement', 'HRM', 'staffs.php', 'auth/staffsList', 'auth', 4, 29, 1, 2, '2019-09-30 18:30:31', 11, '2019-09-30 18:30:31', 11),
	(55, 'Staffs all details download pdf', 'HRM', 'staffs.php', 'auth/staffsList', 'auth', 5, 29, 1, 2, '2019-10-01 06:24:45', 11, '2019-10-01 06:24:45', 11),
	(56, 'Staffs all details download excel', 'HRM', 'staffs.php', 'auth/staffsList', 'auth', 6, 29, 1, 2, '2019-10-01 06:25:01', 11, '2019-10-01 06:25:01', 11),
	(57, 'Clients all details download excel', 'Operation', 'ClientsManage.php', 'operation/ClientsManage', 'operation', 4, 32, 1, 3, '2019-10-01 06:28:33', 11, '2019-10-01 06:30:04', 11),
	(58, 'Clients all details download pdf', 'Operation', 'ClientsManage.php', 'operation/ClientsManage', 'operation', 3, 32, 1, 3, '2019-10-01 06:28:48', 11, '2019-10-01 06:29:58', 11),
	(59, 'Clients add and edit', 'Operation', 'ClientsManage.php', 'operation/ClientsManage', 'operation', 2, 32, 1, 3, '2019-10-01 06:31:13', 11, '2019-10-01 06:31:13', 11),
	(60, 'Clients delete', 'Operation', 'ClientsManage.php', 'operation/ClientsManage', 'operation', 1, 32, 1, 3, '2019-10-01 06:31:27', 11, '2019-10-01 06:31:27', 11),
	(61, 'Project delete', 'Operation', 'ProjectManage.php', 'operation/ProjectManage', 'operation', 1, 33, 1, 3, '2019-10-01 06:34:48', 11, '2019-10-01 06:34:48', 11),
	(62, 'Project add and edit', 'Operation', 'ProjectManage.php', 'operation/ProjectManage', 'operation', 2, 33, 1, 3, '2019-10-01 06:35:08', 11, '2019-10-01 06:35:08', 11),
	(63, 'Project all details download pdf', 'Operation', 'ProjectManage.php', 'operation/ProjectManage', 'operation', 3, 33, 1, 3, '2019-10-01 06:36:07', 11, '2019-10-01 06:36:07', 11),
	(64, 'Project all details download excel', 'Operation', 'ProjectManage.php', 'operation/ProjectManage', 'operation', 4, 33, 1, 3, '2019-10-01 06:36:39', 11, '2019-10-01 06:36:39', 11),
	(65, 'JobNo all details download excel', 'Operation', 'JobNo.php', 'operation/JobNo', 'operation', 4, 37, 1, 3, '2019-10-01 06:39:07', 11, '2019-10-01 06:39:46', 11),
	(66, 'JobNo all details download pdf', 'Operation', 'JobNo.php', 'operation/JobNo', 'operation', 3, 37, 1, 3, '2019-10-01 06:40:10', 11, '2019-10-01 06:40:10', 11),
	(67, 'JobNo add and edit', 'Operation', 'JobNo.php', 'operation/JobNo', 'operation', 2, 37, 1, 3, '2019-10-01 06:40:33', 11, '2019-10-01 06:40:53', 11),
	(68, 'JobNo delete', 'Operation', 'JobNo.php', 'operation/JobNo', 'operation', 1, 37, 1, 3, '2019-10-01 06:41:11', 11, '2019-10-01 06:41:11', 11),
	(69, 'Inspector delete', 'Operation', 'Inspector.php', 'operation/inspector', 'operation', 1, 38, 1, 3, '2019-10-01 06:44:26', 11, '2019-10-01 06:44:26', 11),
	(70, 'Inspector add and edit', 'Operation', 'Inspector.php', 'operation/inspector', 'operation', 2, 38, 1, 3, '2019-10-01 06:44:42', 11, '2019-10-01 06:44:42', 11),
	(71, 'Inspector all details download pdf', 'Operation', 'Inspector.php', 'operation/inspector', 'operation', 3, 38, 1, 3, '2019-10-01 06:45:19', 11, '2019-10-01 06:45:19', 11),
	(72, 'Inspector all details download excel', 'Operation', 'Inspector.php', 'operation/inspector', 'operation', 4, 38, 1, 3, '2019-10-01 06:45:32', 11, '2019-10-01 06:45:32', 11),
	(73, 'NDTContractor all details download excel', 'Thirdparty', 'NDTContractor.php', 'operation/NDTContractor', 'thirdparty', 4, 39, 1, 4, '2019-10-01 06:49:43', 11, '2019-10-01 06:49:43', 11),
	(74, 'NDTContractor all details download pdf', 'Thirdparty', 'NDTContractor.php', 'operation/NDTContractor', 'thirdparty', 3, 39, 1, 4, '2019-10-01 06:50:05', 11, '2019-10-01 06:50:05', 11),
	(75, 'NDTContractor add and edit', 'Thirdparty', 'NDTContractor.php', 'operation/NDTContractor', 'thirdparty', 2, 39, 1, 4, '2019-10-01 06:50:35', 11, '2019-10-01 06:50:35', 11),
	(76, 'NDTContractor delete', 'Thirdparty', 'NDTContractor.php', 'operation/NDTContractor', 'thirdparty', 1, 39, 1, 4, '2019-10-01 06:50:54', 11, '2019-10-01 06:50:54', 11),
	(77, 'ECContractor delete', 'Thirdparty', 'ECContractor.php', 'operation/ECContractor', 'thirdparty', 1, 40, 1, 4, '2019-10-01 06:52:03', 11, '2019-10-01 06:52:03', 11),
	(78, 'ECContractor add and edit', 'Thirdparty', 'ECContractor.php', 'operation/ECContractor', 'thirdparty', 2, 40, 1, 4, '2019-10-01 06:52:21', 11, '2019-10-01 06:52:21', 11),
	(79, 'ECContractor all details download pdf', 'Thirdparty', 'ECContractor.php', 'operation/ECContractor', 'thirdparty', 3, 40, 1, 4, '2019-10-01 06:53:03', 11, '2019-10-01 06:53:03', 11),
	(80, 'ECContractor all details download excel', 'Thirdparty', 'ECContractor.php', 'operation/ECContractor', 'thirdparty', 4, 40, 1, 4, '2019-10-01 06:53:12', 11, '2019-10-01 06:53:12', 11),
	(81, 'MTLContractor all details download excel', 'Thirdparty', 'MTLContractor.php', 'operation/MTLContractor', 'thirdparty', 4, 41, 1, 4, '2019-10-01 06:54:22', 11, '2019-10-01 06:54:22', 11),
	(82, 'MTLContractor all details download pdf', 'Thirdparty', 'MTLContractor.php', 'operation/MTLContractor', 'thirdparty', 3, 41, 1, 4, '2019-10-01 06:54:33', 11, '2019-10-01 06:54:33', 11),
	(83, 'MTLContractor add and edit', 'Thirdparty', 'MTLContractor.php', 'operation/MTLContractor', 'thirdparty', 2, 41, 1, 4, '2019-10-01 06:54:50', 11, '2019-10-01 06:54:50', 11),
	(84, 'MTLContractor delete', 'Thirdparty', 'MTLContractor.php', 'operation/MTLContractor', 'thirdparty', 1, 41, 1, 4, '2019-10-01 06:55:07', 11, '2019-10-01 06:55:07', 11),
	(85, 'Batch delete', 'QA/QC', 'Batch.php', 'operation/Batch', 'masters', 1, 42, 1, 5, '2019-10-01 06:58:09', 11, '2019-10-01 06:58:09', 11),
	(86, 'Batch add and edit', 'QA/QC', 'Batch.php', 'operation/Batch', 'masters', 2, 42, 1, 5, '2019-10-01 06:58:33', 11, '2019-10-01 06:58:33', 11),
	(87, 'Batch all details download pdf', 'QA/QC', 'Batch.php', 'operation/Batch', 'masters', 3, 42, 1, 5, '2019-10-01 06:59:01', 11, '2019-10-01 06:59:01', 11),
	(88, 'Batch all details download excel', 'QA/QC', 'Batch.php', 'operation/Batch', 'masters', 4, 42, 1, 5, '2019-10-01 06:59:13', 11, '2019-10-01 06:59:13', 11),
	(89, 'Batch Table Check list View', 'QA/QC', 'Batch.php', 'operation/Batch', 'masters', 5, 42, 1, 5, '2019-10-01 07:00:37', 11, '2019-10-01 07:00:37', 11),
	(90, 'Batch Table NDT View', 'QA/QC', 'Batch.php', 'operation/Batch', 'masters', 6, 42, 1, 5, '2019-10-01 07:00:56', 11, '2019-10-01 07:00:56', 11),
	(91, 'Batch Qualification Record View', 'QA/QC', 'Batch.php', 'operation/Batch', 'masters', 7, 42, 1, 5, '2019-10-01 07:01:50', 11, '2019-10-01 07:01:50', 11),
	(92, 'Batch Bulk Report View', 'QA/QC', 'Batch.php', 'operation/Batch', 'masters', 8, 42, 1, 5, '2019-10-01 07:02:14', 11, '2019-10-01 07:02:14', 11),
	(93, 'Batch Table Attachment View', 'QA/QC', 'Batch.php', 'operation/Batch', 'masters', 8, 42, 1, 5, '2019-10-01 07:03:22', 11, '2019-10-01 07:03:22', 11),
	(94, 'Welder Table Attachment View', 'QA/QC', 'Welder.php', 'operation/Welder', 'masters', 6, 43, 1, 5, '2019-10-01 07:05:50', 11, '2019-10-01 07:05:50', 11),
	(95, 'Welder Table Report View', 'QA/QC', 'Welder.php', 'operation/Welder', 'masters', 7, 43, 1, 5, '2019-10-01 07:06:11', 11, '2019-10-01 07:06:11', 11),
	(96, 'Welder Table Results View', 'QA/QC', 'Welder.php', 'operation/Welder', 'masters', 5, 43, 1, 5, '2019-10-01 07:07:02', 11, '2019-10-01 07:07:02', 11),
	(97, 'Welder all details download excel', 'QA/QC', 'Welder.php', 'operation/Welder', 'masters', 4, 43, 1, 5, '2019-10-01 07:07:24', 11, '2019-10-01 07:07:24', 11),
	(98, 'Welder all details download pdf', 'QA/QC', 'Welder.php', 'operation/Welder', 'masters', 3, 43, 1, 5, '2019-10-01 07:07:33', 11, '2019-10-01 07:07:33', 11),
	(99, 'Welder add and edit', 'QA/QC', 'Welder.php', 'operation/Welder', 'masters', 2, 43, 1, 5, '2019-10-01 07:08:07', 11, '2019-10-01 07:08:07', 11),
	(100, 'Welder delete', 'QA/QC', 'Welder.php', 'operation/Welder', 'masters', 1, 43, 1, 5, '2019-10-01 07:08:29', 11, '2019-10-01 07:08:29', 11),
	(101, 'Equipment delete', 'QA/QC', 'Equipment.php', 'operation/Equipment', 'masters', 1, 44, 1, 5, '2019-10-01 07:09:52', 11, '2019-10-01 07:09:52', 11),
	(102, 'Equipment add and edit', 'QA/QC', 'Equipment.php', 'operation/Equipment', 'masters', 2, 44, 1, 5, '2019-10-01 07:10:56', 11, '2019-10-01 07:10:56', 11),
	(103, 'Equipment all details download pdf', 'QA/QC', 'Equipment.php', 'operation/Equipment', 'masters', 3, 44, 1, 5, '2019-10-01 07:11:18', 11, '2019-10-01 07:11:18', 11),
	(104, 'Equipment all details download excel', 'QA/QC', 'Equipment.php', 'operation/Equipment', 'masters', 4, 44, 1, 5, '2019-10-01 07:11:33', 11, '2019-10-01 07:11:33', 11),
	(105, 'Equipment Sub Grid delete', 'QA/QC', 'Equipment.php', 'operation/Equipment', 'masters', 5, 44, 1, 5, '2019-10-02 00:57:03', 11, '2019-10-02 00:57:03', 11),
	(106, 'Equipment Sub Grid add and edit', 'QA/QC', 'Equipment.php', 'operation/Equipment', 'masters', 6, 44, 1, 5, '2019-10-02 00:57:25', 11, '2019-10-02 00:57:25', 11),
	(107, 'RoleGroup add and edit', 'Admin', 'RoleGroup.php', 'admin/RoleGroup', 'admin', 1, 34, 1, 1, '2019-10-02 01:11:36', 11, '2019-10-02 01:11:36', 11),
	(108, 'RoleGroup delete', 'Admin', 'RoleGroup.php', 'admin/RoleGroup', 'admin', 2, 34, 1, 1, '2019-10-02 01:12:16', 11, '2019-10-02 01:12:16', 11),
	(109, 'RoleGroup all details download pdf', 'Admin', 'RoleGroup.php', 'admin/RoleGroup', 'admin', 3, 34, 1, 1, '2019-10-02 01:12:51', 11, '2019-10-02 01:12:51', 11),
	(110, 'RoleGroup all details download excel', 'Admin', 'RoleGroup.php', 'admin/RoleGroup', 'admin', 4, 34, 1, 1, '2019-10-02 01:13:08', 11, '2019-10-02 01:13:08', 11),
	(111, 'AdminRole add and edit', 'Admin', 'AdminRole.php', 'admin/AdminModule', 'admin', 1, 35, 1, 1, '2019-10-02 01:17:09', 11, '2019-10-02 01:17:09', 11),
	(112, 'AdminRole delete', 'Admin', 'AdminRole.php', 'admin/AdminModule', 'admin', 2, 35, 1, 1, '2019-10-02 01:17:40', 11, '2019-10-02 01:17:40', 11),
	(113, 'AdminRole all details download pdf', 'Admin', 'AdminRole.php', 'admin/AdminModule', 'admin', 3, 35, 1, 1, '2019-10-02 01:18:13', 11, '2019-10-02 01:18:13', 11),
	(114, 'AdminRole all details download excel', 'Admin', 'AdminRole.php', 'admin/AdminModule', 'admin', 4, 35, 1, 1, '2019-10-02 01:18:39', 11, '2019-10-02 01:18:39', 11),
	(115, 'Staffs roles edit', 'HRM', 'staffs.php', 'auth/staffsList', 'auth', 7, 29, 1, 2, '2019-10-08 11:25:22', 11, '2019-10-08 11:25:22', 11),
	(116, 'RT Procedure', 'Master', 'RTProcedure.php', 'master/RTProcedure', 'master', 1, 0, 1, 1, '2019-12-15 10:52:33', 11, '2019-12-15 10:52:33', 11),
	(117, 'RT Procedure add and edit', 'Master', 'RTProcedure.php', 'master/RTProcedure', 'master', 1, 116, 1, 1, '2019-12-15 10:59:11', 11, '2019-12-15 10:59:11', 11),
	(118, 'RT Procedure delete', 'Master', 'RTProcedure.php', 'master/RTProcedure', 'master', 2, 116, 1, 1, '2019-12-15 11:02:24', 11, '2019-12-15 11:02:24', 11),
	(119, 'RT Procedure all details download excel', 'Master', 'RTProcedure.php', 'master/RTProcedure', 'master', 3, 116, 1, 1, '2019-12-15 11:02:48', 11, '2019-12-15 11:02:48', 11),
	(120, 'RT Procedure all details download pdf', 'Master', 'RTProcedure.php', 'master/RTProcedure', 'master', 4, 116, 1, 1, '2019-12-15 11:03:08', 11, '2019-12-15 11:03:08', 11),
	(121, 'Radiographer First', 'Master', 'Radiographer1.php', 'master/Radiographer1', 'master', 2, 0, 1, 1, '2019-12-15 17:50:56', 11, '2019-12-15 17:50:56', 11),
	(122, 'Radiographer Second', 'Master', 'Radiographer2.php', 'master/Radiographer2', 'master', 3, 0, 1, 1, '2019-12-15 17:51:22', 11, '2019-12-15 17:51:22', 11),
	(123, 'Radiographer Third', 'Master', 'Radiographer3.php', 'master/Radiographer3', 'master', 4, 0, 1, 1, '2019-12-15 17:52:19', 11, '2019-12-15 17:52:19', 11),
	(124, 'Radiographer first add and edit', 'Master', 'Radiographer1.php', 'master/Radiographer1', 'master', 1, 121, 1, 1, '2019-12-15 18:05:56', 11, '2019-12-15 18:15:00', 11),
	(125, 'Radiographer first delete', 'Master', 'Radiographer1.php', 'master/Radiographer1', 'master', 2, 121, 1, 1, '2019-12-15 18:09:47', 11, '2019-12-15 18:14:55', 11),
	(126, 'Radiographer first all details download excel', 'Master', 'Radiographer1.php', 'master/Radiographer1', 'master', 3, 121, 1, 1, '2019-12-15 18:10:18', 11, '2019-12-15 18:14:49', 11),
	(127, 'Radiographer first all details download pdf', 'Master', 'Radiographer1.php', 'master/Radiographer1', 'master', 4, 121, 1, 1, '2019-12-15 18:10:30', 11, '2019-12-15 18:14:43', 11),
	(128, 'Radiographer second all details download pdf', 'Master', 'Radiographer2.php', 'master/Radiographer2', 'master', 4, 122, 1, 1, '2019-12-15 18:11:54', 11, '2019-12-15 18:11:54', 11),
	(129, 'Radiographer second all details download excel', 'Master', 'Radiographer2.php', 'master/Radiographer2', 'master', 3, 122, 1, 1, '2019-12-15 18:12:10', 11, '2019-12-15 18:12:10', 11),
	(130, 'Radiographer second delete', 'Master', 'Radiographer2.php', 'master/Radiographer2', 'master', 2, 122, 1, 1, '2019-12-15 18:12:30', 11, '2019-12-15 18:12:30', 11),
	(131, 'Radiographer second add and edit', 'Master', 'Radiographer2.php', 'master/Radiographer2', 'master', 1, 122, 1, 1, '2019-12-15 18:12:48', 11, '2019-12-15 18:12:48', 11),
	(132, 'Radiographer third add and edit', 'Master', 'Radiographer3.php', 'master/Radiographer3', 'master', 1, 123, 1, 1, '2019-12-15 18:13:23', 11, '2019-12-15 18:13:23', 11),
	(133, 'Radiographer third delete', 'Master', 'Radiographer3.php', 'master/Radiographer3', 'master', 2, 123, 1, 1, '2019-12-15 18:13:44', 11, '2019-12-15 18:13:44', 11),
	(134, 'Radiographer third all details download excel', 'Master', 'Radiographer3.php', 'master/Radiographer3', 'master', 3, 123, 1, 1, '2019-12-15 18:14:09', 11, '2019-12-15 18:14:09', 11),
	(135, 'Radiographer third all details download pdf', 'Master', 'Radiographer3.php', 'master/Radiographer3', 'master', 4, 123, 1, 1, '2019-12-15 18:14:23', 11, '2019-12-15 18:14:23', 11),
	(136, 'Radiographic Abbreviation', 'Master', 'RadiographicAbbreviation.php', 'master/RadiographicAbbreviation', 'master', 4, 0, 1, 1, '2019-12-15 21:24:05', 11, '2019-12-15 21:24:05', 11),
	(137, ' Radiographic Abbreviation add and edit', 'Master', 'RadiographicAbbreviation.php', 'master/RadiographicAbbreviation', 'master', 1, 136, 1, 1, '2019-12-15 21:40:07', 11, '2019-12-15 21:40:07', 11),
	(138, ' Radiographic Abbreviation delete', 'Master', 'RadiographicAbbreviation.php', 'master/RadiographicAbbreviation', 'master', 2, 136, 1, 1, '2019-12-15 21:40:27', 11, '2019-12-15 21:40:27', 11),
	(139, ' Radiographic Abbreviation all details download excel', 'Master', 'RadiographicAbbreviation.php', 'master/RadiographicAbbreviation', 'master', 3, 136, 1, 1, '2019-12-15 21:40:47', 11, '2019-12-15 21:40:47', 11),
	(140, ' Radiographic Abbreviation all details download pdf', 'Master', 'RadiographicAbbreviation.php', 'master/RadiographicAbbreviation', 'master', 4, 136, 1, 1, '2019-12-15 21:45:49', 11, '2019-12-15 21:45:49', 11),
	(141, 'Radiographic Examination', 'Master', 'RadiographicExamination.php', 'master/RadiographicExamination', 'master', 5, 0, 1, 1, '2019-12-15 21:58:20', 11, '2019-12-15 21:58:20', 11),
	(142, 'Radiographic Examination add and edit', 'Master', 'RadiographicExamination.php', 'master/RadiographicExamination', 'master', 1, 141, 1, 1, '2019-12-15 21:59:49', 11, '2019-12-15 21:59:49', 11),
	(143, 'Radiographic Examination delete', 'Master', 'RadiographicExamination.php', 'master/RadiographicExamination', 'master', 2, 141, 1, 1, '2019-12-15 22:00:10', 11, '2019-12-15 22:00:10', 11),
	(144, 'Radiographic Examination all details download excel', 'Master', 'RadiographicExamination.php', 'master/RadiographicExamination', 'master', 3, 141, 1, 1, '2019-12-15 22:00:31', 11, '2019-12-15 22:00:31', 11),
	(145, 'Radiographic Examination all details download pdf', 'Master', 'RadiographicExamination.php', 'master/RadiographicExamination', 'master', 4, 141, 1, 1, '2019-12-15 22:00:49', 11, '2019-12-15 22:00:49', 11),
	(146, 'Company Details', 'Admin', 'CompanyDetails.php', 'admin/CompanyDetails', 'admin', 3, 0, 1, 1, '2020-03-07 21:35:12', 11, '2020-03-08 10:56:25', 11),
	(147, 'CompanyDetails add and edit', 'Admin', 'CompanyDetails.php', 'admin/CompanyDetails', 'admin', 1, 146, 1, 1, '2020-03-07 21:43:54', 11, '2020-03-07 21:43:54', 11),
	(148, 'EmployeeDetails', 'Admin', 'EmployeeDetails.php', 'admin/EmployeeDetails', 'admin', 4, 0, 1, 1, '2020-03-07 21:45:38', 11, '2020-03-07 21:45:38', 11),
	(149, 'Employee add and edit', 'Admin', 'EmployeeDetails.php', 'admin/EmployeeDetails', 'admin', 1, 148, 1, 1, '2020-03-07 21:46:52', 11, '2020-03-07 21:46:52', 11),
	(150, 'Employee delete', 'Admin', 'EmployeeDetails.php', 'admin/EmployeeDetails', 'admin', 2, 148, 1, 1, '2020-03-07 21:47:57', 11, '2020-03-07 21:47:57', 11),
	(151, 'Process', 'Master', 'Process.php', 'master/Process', 'master', 6, 0, 1, 1, '2020-03-08 15:12:58', 11, '2020-03-08 15:30:56', 11),
	(152, 'Process add and edit', 'Master', 'Process.php', 'master/Process', 'master', 1, 151, 1, 1, '2020-03-08 15:16:44', 11, '2020-03-08 15:16:44', 11),
	(153, 'Process delete', 'Master', 'Process.php', 'master/Process', 'master', 2, 151, 1, 1, '2020-03-08 15:17:57', 11, '2020-03-08 15:37:15', 11),
	(154, 'Process all details download excel', 'Master', 'Process.php', 'master/Process', 'master', 3, 151, 1, 1, '2020-03-08 15:21:02', 11, '2020-03-08 15:38:13', 11),
	(155, 'Process all details download pdf', 'Master', 'Process.php', 'master/Process', 'master', 4, 151, 1, 1, '2020-03-08 15:22:47', 11, '2020-03-08 15:38:45', 11),
	(156, 'Type', 'Master', 'Type.php', 'master/Type', 'master', 7, 0, 1, 1, '2020-03-12 21:02:57', 11, '2020-03-12 21:02:57', 11),
	(157, 'Type add and edit', 'Master', 'Type.php', 'master/Type', 'master', 1, 156, 1, 1, '2020-03-12 21:05:29', 11, '2020-03-12 21:05:29', 11),
	(158, 'Type delete', 'Master', 'Type.php', 'master/Type', 'master', 2, 156, 1, 1, '2020-03-12 21:07:00', 11, '2020-03-12 21:07:00', 11),
	(159, 'Applicable Code', 'Master', 'ApplicableCode.php', 'master/ApplicableCode', 'master', 8, 0, 1, 1, '2020-03-13 10:48:47', 11, '2020-03-14 08:54:01', 11),
	(160, 'Applicable Code add and edit', 'Master', 'ApplicableCode.php', 'master/ApplicableCode', 'master', 1, 159, 1, 1, '2020-03-13 10:49:52', 11, '2020-03-13 10:49:52', 11),
	(161, 'Applicable Code delete', 'Master', 'ApplicationCode.php', 'master/ApplicableCode', 'master', 2, 159, 1, 1, '2020-03-13 10:50:39', 11, '2020-03-13 10:50:39', 11),
	(162, 'Material Specification', 'Master', 'MaterialSpecification.php', 'master/MaterialSpecification', 'master', 9, 0, 1, 1, '2020-03-13 10:52:11', 11, '2020-03-13 10:52:11', 11),
	(163, 'Material Specification add and edit', 'Master', 'MaterialSpecification.php', 'master/MaterialSpecification', 'master', 1, 162, 1, 1, '2020-03-13 10:53:22', 11, '2020-03-13 10:53:22', 11),
	(164, 'Material Specification delete', 'Master', 'MaterialSpecification.php', 'master/MaterialSpecification', 'master', 2, 162, 1, 1, '2020-03-13 10:54:20', 11, '2020-03-13 10:54:20', 11),
	(165, 'Grade', 'Master', 'Grade.php', 'master/Grade', 'master', 10, 0, 1, 1, '2020-03-13 10:55:16', 11, '2020-03-13 10:55:16', 11),
	(166, 'Grade add and edit', 'Master', 'Grade.php', 'master/Grade', 'master', 1, 165, 1, 1, '2020-03-13 10:56:00', 11, '2020-03-13 10:56:00', 11),
	(167, 'Grade delete', 'Master', 'Grade.php', 'master/Grade', 'master', 2, 165, 1, 1, '2020-03-13 10:56:34', 11, '2020-03-13 10:56:34', 11),
	(168, 'Welder', 'Master', 'Welder.php', 'master/Welder', 'master', 11, 0, 1, 1, '2020-03-13 10:57:51', 11, '2020-03-13 10:57:51', 11),
	(169, 'Welder add and edit', 'Master', 'Welder.php', 'master/Welder', 'master', 1, 168, 1, 1, '2020-03-13 10:59:17', 11, '2020-03-13 10:59:17', 11),
	(170, 'Welder delete', 'Master', 'Welder.php', 'master/Welder', 'master', 2, 168, 1, 1, '2020-03-13 10:59:52', 11, '2020-03-13 10:59:52', 11),
	(171, 'SFA', 'Master', 'SFA.php', 'master/SFA', 'master', 12, 0, 1, 1, '2020-03-14 19:18:49', 11, '2020-03-14 19:18:49', 11),
	(172, 'SFA add and edit', 'Master', 'SFA.php', 'master/SFA', 'master', 1, 171, 1, 1, '2020-03-14 19:19:43', 11, '2020-03-14 19:19:43', 11),
	(173, 'SFA delete', 'Master', 'SFA.php', 'master/SFA', 'master', 2, 171, 1, 1, '2020-03-14 19:20:21', 11, '2020-03-14 19:20:21', 11),
	(174, 'PQR', 'Operation', 'PQR.php', 'operation/PQR', 'operation', 6, 0, 1, 1, '2020-03-22 09:35:08', 11, '2020-03-22 09:35:08', 11),
	(175, 'PQR add and Edit', 'Operation', 'PQR.php', 'operation/PQR', 'operation', 1, 174, 1, 1, '2020-03-22 09:40:38', 11, '2020-03-22 09:40:38', 11),
	(176, 'PQR delete', 'Operation', 'PQR.php', 'operation/PQR', 'operation', 2, 174, 1, 1, '2020-03-22 09:42:13', 11, '2020-03-22 09:42:13', 11),
	(177, 'PNO', 'Master', 'PNO.php', 'master/PNO', 'master', 12, 0, 1, 1, '2020-04-05 16:14:30', 11, '2020-04-05 16:18:14', 11),
	(178, 'PNO add and edit', 'Master', 'PNO.php', 'master/PNO', 'master', 1, 177, 1, 1, '2020-04-05 16:15:31', 11, '2020-04-05 16:17:35', 11),
	(179, 'PNO delete', 'Master', 'PNO.php', 'master/PNO', 'master', 2, 177, 1, 1, '2020-04-05 16:16:18', 11, '2020-04-05 16:17:55', 11);
/*!40000 ALTER TABLE `jr_menu_module` ENABLE KEYS */;

-- Dumping data for table aljoysgroup.jr_menu_moudle: 8 rows
/*!40000 ALTER TABLE `jr_menu_moudle` DISABLE KEYS */;
INSERT INTO `jr_menu_moudle` (`menu_module_id`, `menu_module_name`, `menu_module_position`, `menu_module_status`, `menu_module_createOn`, `menu_module_createBy`, `menu_module_updateOn`, `menu_module_updateBy`) VALUES
	(1, 'Admin', 1, 1, '2019-01-05 11:43:20', 11, '2019-01-05 11:43:20', 11),
	(2, 'HRM', 2, 1, '2019-01-05 11:43:20', 11, '2019-01-05 11:43:20', 11),
	(3, 'Operation', 3, 1, '2019-01-05 11:43:20', 11, '2019-01-05 11:43:20', 11),
	(4, 'Thirdparty', 4, 1, '2019-01-05 11:43:20', 11, '2019-01-05 11:43:20', 11),
	(5, 'QA/QC ', 5, 1, '2019-01-05 11:43:20', 11, '2019-01-05 11:43:20', 11),
	(6, 'NDT', 6, 1, '2019-01-05 11:43:20', 11, '2019-01-05 11:43:20', 11),
	(7, 'Finance', 7, 1, '2019-01-05 11:43:20', 11, '2019-01-05 11:43:20', 11),
	(8, 'Auditor', 8, 1, '2019-01-05 11:43:20', 11, '2019-01-05 11:43:20', 11);
/*!40000 ALTER TABLE `jr_menu_moudle` ENABLE KEYS */;

-- Dumping data for table aljoysgroup.jr_menu_page: 27 rows
/*!40000 ALTER TABLE `jr_menu_page` DISABLE KEYS */;
INSERT INTO `jr_menu_page` (`menu_page_id`, `menu_module_id`, `menu_page_name`, `menu_page_position`, `menu_page_parent`, `menu_page_status`, `menu_module_createOn`, `menu_module_createBy`, `menu_module_updateOn`, `menu_module_updateBy`) VALUES
	(1, 1, 'Admin', 1, 0, 1, '2019-01-05 11:43:20', 11, '2019-01-05 11:43:20', 11),
	(2, 2, 'Staffs', 2, 0, 1, '2019-01-05 11:43:20', 11, '2019-01-05 11:43:20', 11),
	(3, 3, 'Quotation', 1, 0, 1, '2019-01-05 11:43:20', 11, '2019-01-05 11:43:20', 11),
	(4, 3, 'Clients', 2, 0, 1, '2019-01-05 11:43:20', 11, '2019-01-05 11:43:20', 11),
	(5, 3, 'Project', 3, 0, 1, '2019-01-05 11:43:20', 11, '2019-01-05 11:43:20', 11),
	(6, 3, 'Job No', 4, 0, 1, '2019-01-05 11:43:20', 11, '2019-01-05 11:43:20', 11),
	(7, 3, 'Inspector', 5, 0, 0, '2019-01-05 11:43:20', 11, '2019-01-05 11:43:20', 11),
	(8, 4, 'NDT Contractor', 1, 0, 0, '2019-01-05 11:43:20', 11, '2019-01-05 11:43:20', 11),
	(9, 4, 'Equipment Calibration Contractor', 2, 0, 1, '2019-01-05 11:43:20', 11, '2019-01-05 11:43:20', 11),
	(10, 4, 'Mechanical Testing Lab Contractors', 3, 0, 1, '2019-01-05 11:43:20', 11, '2019-01-05 11:43:20', 11),
	(11, 5, 'Batch', 1, 0, 1, '2019-01-05 11:43:20', 11, '2019-01-05 11:43:20', 11),
	(12, 5, 'Welders', 2, 0, 1, '2019-01-05 11:43:20', 11, '2019-01-05 11:43:20', 11),
	(13, 5, 'Equipments', 3, 0, 1, '2019-01-05 11:43:20', 11, '2019-01-05 11:43:20', 11),
	(14, 5, 'Certificates', 4, 0, 1, '2019-01-05 11:43:20', 11, '2019-01-05 11:43:20', 11),
	(15, 5, 'Welder Card', 5, 0, 1, '2019-01-05 11:43:20', 11, '2019-01-05 11:43:20', 11),
	(16, 5, 'Masters Documents', 6, 0, 1, '2019-01-05 11:43:20', 11, '2019-01-05 11:43:20', 11),
	(17, 6, 'Rt Report', 1, 0, 1, '2019-01-05 11:43:20', 11, '2019-01-05 11:43:20', 11),
	(18, 6, 'Bend Test Report', 2, 0, 1, '2019-01-05 11:43:20', 11, '2019-01-05 11:43:20', 11),
	(19, 6, 'Fillet Fracture', 3, 0, 1, '2019-01-05 11:43:20', 11, '2019-01-05 11:43:20', 11),
	(20, 6, 'Macro Examination', 4, 0, 1, '2019-01-05 11:43:20', 11, '2019-01-05 11:43:20', 11),
	(21, 7, 'Invoice', 1, 0, 1, '2019-01-05 11:43:20', 11, '2019-01-05 11:43:20', 11),
	(22, 7, 'Account Statement', 2, 0, 1, '2019-01-05 11:43:20', 11, '2019-01-05 11:43:20', 11),
	(23, 8, 'Auditor', 1, 0, 1, '2019-01-05 11:43:20', 11, '2019-01-05 11:43:20', 11),
	(24, 1, 'View Form', 1, 1, 1, '2019-01-05 11:43:20', 11, '2019-01-05 11:43:20', 11),
	(25, 1, 'Add/Update Form', 2, 1, 1, '2019-01-05 11:43:20', 11, '2019-01-05 11:43:20', 11),
	(26, 1, 'Edit Form', 3, 1, 1, '2019-01-05 11:43:20', 11, '2019-01-05 11:43:20', 11),
	(27, 1, 'Delete Form', 4, 1, 1, '2019-01-05 11:43:20', 11, '2019-01-05 11:43:20', 11);
/*!40000 ALTER TABLE `jr_menu_page` ENABLE KEYS */;

-- Dumping data for table aljoysgroup.jr_mtlcontractor: 1 rows
/*!40000 ALTER TABLE `jr_mtlcontractor` DISABLE KEYS */;
INSERT INTO `jr_mtlcontractor` (`mtlContractor_id`, `mtlContractor_name`, `mtlContractor_abbr`, `mtlContractor_email`, `mtlContractor_phone`, `mtlContractor_office_no`, `mtlContractor_fax`, `mtlContractor_website`, `mtlContractor_address`, `mtlContractor_photo`, `mtlContractor_show_status`, `mtlContractor_createOn`, `mtlContractor_createBy`, `mtlContractor_updateOn`, `mtlContractor_updateBy`) VALUES
	(1, 'Test', 'tssss', 'test@gmail.com', '', '', '', '', '', '', 1, '2019-04-21 20:23:36', 11, '2019-04-21 20:23:47', 11);
/*!40000 ALTER TABLE `jr_mtlcontractor` ENABLE KEYS */;

-- Dumping data for table aljoysgroup.jr_ndtcontractor: 3 rows
/*!40000 ALTER TABLE `jr_ndtcontractor` DISABLE KEYS */;
INSERT INTO `jr_ndtcontractor` (`ndtContractor_id`, `ndtContractor_name`, `ndtContractor_abbr`, `ndtContractor_email`, `ndtContractor_phone`, `ndtContractor_office_no`, `ndtContractor_fax`, `ndtContractor_website`, `ndtContractor_address`, `ndtContractor_photo`, `ndtContractor_show_status`, `ndtContractor_createOn`, `ndtContractor_createBy`, `ndtContractor_updateOn`, `ndtContractor_updateBy`) VALUES
	(1, 'Zeppelin Systems Gulf Co. ltd	', 'Contractor', 'test@gmail.com', '55555546', '', '', '', '', '~cdn/photoNdtContractor/81.jpg', 1, '2019-01-05 12:16:39', 11, '2019-03-15 01:18:04', 11),
	(2, 'AMO', 'AMO', '', '', '', '', '', '', '', 1, '2019-01-05 12:19:00', 11, '2019-03-15 01:14:40', 11),
	(3, 'Sdas', 'ewt', 'sd@er.fd', '', '', '', '', '', '', 1, '2019-10-06 22:15:04', 11, '2019-10-06 22:19:22', 11);
/*!40000 ALTER TABLE `jr_ndtcontractor` ENABLE KEYS */;

-- Dumping data for table aljoysgroup.jr_ndtcontractors: 1 rows
/*!40000 ALTER TABLE `jr_ndtcontractors` DISABLE KEYS */;
INSERT INTO `jr_ndtcontractors` (`ndtContractors_id`, `ndtContractors_name`, `ndtContractors_email`, `ndtContractors_phone`, `ndtContractors_office_no`, `ndtContractors_fax`, `ndtContractors_website`, `ndtContractors_abbreviations`, `ndtContractors_address`, `ndtContractors_show_status`, `ndtContractors_createOn`, `ndtContractors_createBy`, `ndtContractors_updateOn`, `ndtContractors_updateBy`) VALUES
	(1, 'test', 'es@gmail.com', '', '', '', '', '', '', 1, '2019-03-04 08:47:33', 11, '2019-03-04 08:48:23', 11);
/*!40000 ALTER TABLE `jr_ndtcontractors` ENABLE KEYS */;

-- Dumping data for table aljoysgroup.jr_ndttype: 2 rows
/*!40000 ALTER TABLE `jr_ndttype` DISABLE KEYS */;
INSERT INTO `jr_ndttype` (`ndttype_id`, `ndttype_name`, `ndttype_show_status`, `ndttype_createOn`, `ndttype_createBy`, `ndttype_updateOn`, `ndttype_updateBy`) VALUES
	(1, 'Mechanical Test', 1, '2019-01-01 00:00:00', 11, '2019-01-01 00:00:00', 11),
	(2, 'RadioGraphy Test', 1, '2019-01-01 00:00:00', 11, '2019-01-01 00:00:00', 11);
/*!40000 ALTER TABLE `jr_ndttype` ENABLE KEYS */;

-- Dumping data for table aljoysgroup.jr_pno: 4 rows
/*!40000 ALTER TABLE `jr_pno` DISABLE KEYS */;
INSERT INTO `jr_pno` (`pno_id`, `pno_name`, `pno_show_status`, `createOn`, `createBy`, `updateOn`, `updateBy`) VALUES
	(1, 'P-No. 1', 1, '2020-04-05 18:58:02', 11, '2020-04-05 18:58:02', 11),
	(2, 'P-No. 2', 1, '2020-04-05 18:58:23', 11, '2020-04-05 18:58:23', 11),
	(3, 'P-No. 3', 1, '2020-04-05 18:58:31', 11, '2020-04-05 18:58:31', 11),
	(4, 'P-No. 4', 1, '2020-04-05 18:58:36', 11, '2020-04-05 18:58:36', 11);
/*!40000 ALTER TABLE `jr_pno` ENABLE KEYS */;

-- Dumping data for table aljoysgroup.jr_pqr: 2 rows
/*!40000 ALTER TABLE `jr_pqr` DISABLE KEYS */;
INSERT INTO `jr_pqr` (`pqr_id`, `pqr_no`, `company_id`, `process_id`, `type_id`, `material_id`, `to_material_id`, `pno_id`, `grp_no`, `to_pno_id`, `to_grp_no`, `thickness_test_coupon`, `diameter_test_coupon`, `cast_no`, `weld_metal_analysis_no`, `sizeof_filler_metal`, `f_no`, `sfa_id`, `classfication_no`, `filler_metal_product_form`, `electrode_brand_name`, `lot_no`, `deposited_weld_thickness`, `position_groove`, `weld_progression`, `position_other`, `preheat_temp_min`, `interpass_temp_max`, `temp_range`, `soak_period`, `heating_rate`, `cooling_rate`, `post_heat_other`, `shielding_gas`, `shielding_percent`, `shielding_rate`, `backing_gas`, `backing_percent`, `backing_rate`, `trailing_gas`, `trailing_percent`, `trailing_rate`, `travel_speed`, `bead`, `cup_size`, `per_side`, `electrode`, `cleaing`, `tungesten_electrode`, `result_statificatory`, `penetration_into_partent_metal`, `maro_result`, `type_test`, `deposit_analysis`, `test_others`, `welder_staff_id`, `stamp_no`, `conducted_by`, `laboratory_test_1`, `laboratory_test_2`, `laboratory_test_3`, `createOn`, `createBy`, `updateOn`, `updateBy`, `pqr_show_status`) VALUES
	(11, 'PQRNO11', 1, 2, 1, '1', '1', 1, '1', 1, '1', 'test', 'test', 'test', 'test', 'test', 'test', 1, 'test', 'test', 'test', 'test', 'test', 'test', 'test', 'test', 'test', 'test', 'test', 'test', 'test', 'test', 'test', 'test', 'test', 'test', 'test', 'test', 'test', 'test', 'test', 'test', 'test', 'test', 'test', NULL, 'test', 'test', 'test', 'Yes', 'Yes', NULL, 'test', 'test', 'test', '1', 'test', 'test', 'test', 'test', 'test', '2020-05-11 11:24:32', 11, '2020-05-11 11:24:32', 11, 1),
	(10, 'PQRNO10', 1, 2, 1, '1', '1', 1, '1', 1, '1', 'test', 'test', 'test', 'test', 'test', 'test', 1, 'test', 'test', 'test', 'test', 'test', 'test', 'test', 'test', 'test', 'test', 'test', 'test', 'test', 'test', 'test', 'test', 'test', 'test', 'test', 'test', 'test', 'test', 'test', 'test', 'test', 'test', 'test', NULL, 'test', 'test', 'test', 'Yes', 'Yes', NULL, 'test', 'test', 'test', '1', 'test', 'test', 'test', 'test', 'test', '2020-05-11 11:16:07', 11, '2020-05-11 11:16:07', 11, 1);
/*!40000 ALTER TABLE `jr_pqr` ENABLE KEYS */;

-- Dumping data for table aljoysgroup.jr_pqr_electrical: 12 rows
/*!40000 ALTER TABLE `jr_pqr_electrical` DISABLE KEYS */;
INSERT INTO `jr_pqr_electrical` (`pqr_electrical_id`, `pqr_id`, `layer`, `typer_polority`, `current_amperage_range`, `current_voltage_range`, `travel_speed_range`, `heat_input`, `createOn`, `createBy`, `updateOn`, `updateBy`, `pqr_electrical_show_status`) VALUES
	(25, 10, 'test', 'test', 'test', 'test', 'test', 'test', '2020-05-11 11:16:07', 11, '2020-05-11 11:16:07', 11, 0),
	(26, 10, 'test', 'test', 'test', 'test', 'test', 'test', '2020-05-11 11:16:07', 11, '2020-05-11 11:16:07', 11, 0),
	(27, 10, 'test', 'test', 'test', 'test', 'test', 'test', '2020-05-11 11:16:07', 11, '2020-05-11 11:16:07', 11, 0),
	(28, 10, 'test', 'test', 'test', 'test', 'test', 'test', '2020-05-11 11:16:07', 11, '2020-05-11 11:16:07', 11, 0),
	(29, 10, 'test', 'test', 'test', 'test', 'test', 'test', '2020-05-11 11:16:07', 11, '2020-05-11 11:16:07', 11, 0),
	(30, 10, '', '', '', '', '', '', '2020-05-11 11:16:07', 11, '2020-05-11 11:16:07', 11, 0),
	(31, 11, 'test', 'test', 'test', 'test', 'test', 'test', '2020-05-11 11:24:32', 11, '2020-05-11 11:24:32', 11, 0),
	(32, 11, 'test', 'test', 'test', 'test', 'test', 'test', '2020-05-11 11:24:32', 11, '2020-05-11 11:24:32', 11, 0),
	(33, 11, 'test', 'test', 'test', 'test', 'test', 'test', '2020-05-11 11:24:32', 11, '2020-05-11 11:24:32', 11, 0),
	(34, 11, 'test', 'test', 'test', 'test', 'test', 'test', '2020-05-11 11:24:32', 11, '2020-05-11 11:24:32', 11, 0),
	(35, 11, 'test', 'test', 'test', 'test', 'test', 'test', '2020-05-11 11:24:32', 11, '2020-05-11 11:24:32', 11, 0),
	(36, 11, '', '', '', '', '', '', '2020-05-11 11:24:32', 11, '2020-05-11 11:24:32', 11, 0);
/*!40000 ALTER TABLE `jr_pqr_electrical` ENABLE KEYS */;

-- Dumping data for table aljoysgroup.jr_pqr_guided_ben_test: 4 rows
/*!40000 ALTER TABLE `jr_pqr_guided_ben_test` DISABLE KEYS */;
INSERT INTO `jr_pqr_guided_ben_test` (`pqr_guided_ben_test_id`, `pqr_id`, `type_and_figure_no`, `ben_test_result`, `createOn`, `createBy`, `updateOn`, `updateBy`, `pqr_guided_show_status`) VALUES
	(9, 10, 'test', 'test', '2020-05-11 11:16:07', 11, '2020-05-11 11:16:07', 11, 0),
	(10, 10, 'test', 'test', '2020-05-11 11:16:07', 11, '2020-05-11 11:16:07', 11, 0),
	(11, 11, 'test', 'test', '2020-05-11 11:24:32', 11, '2020-05-11 11:24:32', 11, 0),
	(12, 11, 'test', 'test', '2020-05-11 11:24:32', 11, '2020-05-11 11:24:32', 11, 0);
/*!40000 ALTER TABLE `jr_pqr_guided_ben_test` ENABLE KEYS */;

-- Dumping data for table aljoysgroup.jr_pqr_tensile_test: 4 rows
/*!40000 ALTER TABLE `jr_pqr_tensile_test` DISABLE KEYS */;
INSERT INTO `jr_pqr_tensile_test` (`pqr_tensile_test_id`, `pqr_id`, `specimen_no`, `thickness`, `width`, `area`, `ultimate_tensile_load`, `ultimate_tensile_strength`, `fracture_location`, `tensile_test_result`, `createOn`, `createBy`, `updateOn`, `updateBy`, `pqr_electrical_show_status`) VALUES
	(9, 10, 'test', 'test', 'test', 'test', 'test', 'test', 'test', 'test', '2020-05-11 11:16:07', 11, '2020-05-11 11:16:07', 11, 0),
	(10, 10, 'test', 'test', 'test', 'test', 'test', 'test', 'test', 'test', '2020-05-11 11:16:07', 11, '2020-05-11 11:16:07', 11, 0),
	(11, 11, 'test', 'test', 'test', 'test', 'test', 'test', 'test', 'test', '2020-05-11 11:24:32', 11, '2020-05-11 11:24:32', 11, 0),
	(12, 11, 'test', 'test', 'test', 'test', 'test', 'test', 'test', 'test', '2020-05-11 11:24:32', 11, '2020-05-11 11:24:32', 11, 0);
/*!40000 ALTER TABLE `jr_pqr_tensile_test` ENABLE KEYS */;

-- Dumping data for table aljoysgroup.jr_pqr_touchness_test: 2 rows
/*!40000 ALTER TABLE `jr_pqr_touchness_test` DISABLE KEYS */;
INSERT INTO `jr_pqr_touchness_test` (`pqr_touchness_test_id`, `pqr_id`, `touchness_specimen_no`, `notch_location`, `notch_type`, `test_temp`, `impact_values`, `lateral_exp_shear`, `lateral_exp_mils`, `drop_break`, `drop_no_break`, `createOn`, `createBy`, `updateOn`, `updateBy`, `pqr_touchness_show_status`) VALUES
	(5, 10, 'test', 'test', 'test', 'test', 'test', 'test', 'test', 'test', 'test', '2020-05-11 11:16:07', 11, '2020-05-11 11:16:07', 11, 0),
	(6, 11, 'test', 'test', 'test', 'test', 'test', 'test', 'test', 'test', 'test', '2020-05-11 11:24:32', 11, '2020-05-11 11:24:32', 11, 0);
/*!40000 ALTER TABLE `jr_pqr_touchness_test` ENABLE KEYS */;

-- Dumping data for table aljoysgroup.jr_process: 3 rows
/*!40000 ALTER TABLE `jr_process` DISABLE KEYS */;
INSERT INTO `jr_process` (`process_id`, `process_name`, `process_show_status`, `createOn`, `createBy`, `updateOn`, `updateBy`) VALUES
	(2, 'GTAW', 1, '2020-04-05 15:51:16', 11, '2020-04-05 15:51:16', 11),
	(3, 'testprocess', 1, '2020-06-25 12:01:36', 11, '2020-06-25 12:01:36', 11),
	(4, 'process test 1', 1, '2020-07-18 21:15:26', 11, '2020-07-18 21:15:26', 11);
/*!40000 ALTER TABLE `jr_process` ENABLE KEYS */;

-- Dumping data for table aljoysgroup.jr_project: 2 rows
/*!40000 ALTER TABLE `jr_project` DISABLE KEYS */;
INSERT INTO `jr_project` (`project_id`, `project_no`, `project_name`, `project_client_name`, `project_request_number`, `project_representative_name`, `project_representative_contact_no`, `project_representative_alternate_contact_no`, `project_representative_email`, `project_show_status`, `project_createOn`, `project_createBy`, `project_updateOn`, `project_updateBy`) VALUES
	(2, 'TF890009809', 'project', 1, '', '', '', '', '', 1, '2019-03-16 01:20:46', 11, '2019-03-16 21:05:47', 11),
	(3, 'P55345', 'Project2', 2, '545353453', '', '', '', '', 1, '2019-09-22 10:39:59', 11, '2019-09-22 10:39:59', 11);
/*!40000 ALTER TABLE `jr_project` ENABLE KEYS */;

-- Dumping data for table aljoysgroup.jr_radiographer_first: 1 rows
/*!40000 ALTER TABLE `jr_radiographer_first` DISABLE KEYS */;
INSERT INTO `jr_radiographer_first` (`radiographer_first_id`, `radiographer_first_name`, `radiographer_first_show_status`, `radiographer_first_createOn`, `radiographer_first_createBy`, `radiographer_first_updateOn`, `radiographer_first_updateBy`) VALUES
	(1, 'DEEPU', 1, '2019-12-15 18:19:18', 11, '2019-12-15 18:22:42', 11);
/*!40000 ALTER TABLE `jr_radiographer_first` ENABLE KEYS */;

-- Dumping data for table aljoysgroup.jr_radiographer_second: 1 rows
/*!40000 ALTER TABLE `jr_radiographer_second` DISABLE KEYS */;
INSERT INTO `jr_radiographer_second` (`radiographer_second_id`, `radiographer_second_name`, `radiographer_second_show_status`, `radiographer_second_createOn`, `radiographer_second_createBy`, `radiographer_second_updateOn`, `radiographer_second_updateBy`) VALUES
	(4, 'Tikka', 1, '2019-12-15 18:23:31', 11, '2019-12-15 18:23:38', 11);
/*!40000 ALTER TABLE `jr_radiographer_second` ENABLE KEYS */;

-- Dumping data for table aljoysgroup.jr_radiographer_third: 1 rows
/*!40000 ALTER TABLE `jr_radiographer_third` DISABLE KEYS */;
INSERT INTO `jr_radiographer_third` (`radiographer_third_id`, `radiographer_third_name`, `radiographer_third_show_status`, `radiographer_third_createOn`, `radiographer_third_createBy`, `radiographer_third_updateOn`, `radiographer_third_updateBy`) VALUES
	(4, 'test', 1, '2019-12-15 18:24:31', 11, '2019-12-15 18:24:37', 11);
/*!40000 ALTER TABLE `jr_radiographer_third` ENABLE KEYS */;

-- Dumping data for table aljoysgroup.jr_radiographic_abbreviation: 1 rows
/*!40000 ALTER TABLE `jr_radiographic_abbreviation` DISABLE KEYS */;
INSERT INTO `jr_radiographic_abbreviation` (`radiographic_abbreviation_id`, `radiographic_abbreviation_name`, `radiographic_abbreviation_show_status`, `radiographic_abbreviation_createOn`, `radiographic_abbreviation_createBy`, `radiographic_abbreviation_updateOn`, `radiographic_abbreviation_updateBy`) VALUES
	(4, 'PO-Porosity', 1, '2019-12-15 21:47:36', 11, '2019-12-15 21:47:45', 11);
/*!40000 ALTER TABLE `jr_radiographic_abbreviation` ENABLE KEYS */;

-- Dumping data for table aljoysgroup.jr_report_template: 5 rows
/*!40000 ALTER TABLE `jr_report_template` DISABLE KEYS */;
INSERT INTO `jr_report_template` (`report_template_id`, `report_template_name`, `report_template_show_status`, `report_template_createOn`, `report_template_createBy`, `report_template_updateOn`, `report_template_updateBy`) VALUES
	(1, 'Default', 0, '2019-01-05 11:43:20', 11, '2019-01-05 11:43:20', 11),
	(2, 'With 6 Rows', 0, '2019-01-05 11:43:20', 11, '2019-01-05 11:43:20', 11),
	(3, 'ASME SEC IX', 1, '2019-01-05 11:43:20', 11, '2019-01-05 11:43:20', 11),
	(4, 'API 1104', 1, '2019-01-05 11:43:20', 11, '2019-01-05 11:43:20', 11),
	(5, 'AWS D1.1', 1, '2019-01-05 11:43:20', 11, '2019-01-05 11:43:20', 11);
/*!40000 ALTER TABLE `jr_report_template` ENABLE KEYS */;

-- Dumping data for table aljoysgroup.jr_rt_procedure: 1 rows
/*!40000 ALTER TABLE `jr_rt_procedure` DISABLE KEYS */;
INSERT INTO `jr_rt_procedure` (`rt_procedure_id`, `rt_procedure_name`, `rt_procedure_show_status`, `rt_procedure_createOn`, `rt_procedure_createBy`, `rt_procedure_updateOn`, `rt_procedure_updateBy`) VALUES
	(3, 'DICL', 1, '2019-12-15 16:21:46', 11, '2019-12-15 16:21:46', 11);
/*!40000 ALTER TABLE `jr_rt_procedure` ENABLE KEYS */;

-- Dumping data for table aljoysgroup.jr_services: 2 rows
/*!40000 ALTER TABLE `jr_services` DISABLE KEYS */;
INSERT INTO `jr_services` (`services_id`, `services_name`, `services_show_status`, `services_createOn`, `services_createBy`, `services_updateOn`, `services_updateBy`) VALUES
	(1, 'ARAMCO', 1, '2019-01-05 11:43:20', 11, '2019-01-05 11:43:20', 11),
	(2, 'ATF ', 1, '2019-01-05 11:43:20', 11, '2019-01-05 11:43:20', 11);
/*!40000 ALTER TABLE `jr_services` ENABLE KEYS */;

-- Dumping data for table aljoysgroup.jr_sfa: 1 rows
/*!40000 ALTER TABLE `jr_sfa` DISABLE KEYS */;
INSERT INTO `jr_sfa` (`sfa_id`, `sfa_name`, `sfa_show_status`, `createOn`, `createBy`, `updateOn`, `updateBy`) VALUES
	(1, 'SFA ONE', 1, '2020-03-14 19:29:35', 11, '2020-03-14 19:29:43', 11);
/*!40000 ALTER TABLE `jr_sfa` ENABLE KEYS */;

-- Dumping data for table aljoysgroup.jr_staffs: 3 rows
/*!40000 ALTER TABLE `jr_staffs` DISABLE KEYS */;
INSERT INTO `jr_staffs` (`staffs_id`, `user_id`, `staffs_employee_id`, `staffs_employee_name`, `staffs_employee_middle_name`, `staffs_employee_last_name`, `staffs_designation`, `staffs_gender`, `staffs_dob`, `staffs_doj`, `staffs_phone_number`, `staffs_home_phone_number`, `staffs_mobile_phone_number`, `staffs_email`, `staffs_alternative_email`, `staffs_passport_no`, `staffs_passport_expiry_date`, `staffs_passport_attachment`, `staffs_nationality`, `staffs_address`, `staffs_home_address`, `staffs_iqama_number`, `staffs_iqama_expairye_date`, `staffs_iqama_attachment`, `staffs_emplove_cv`, `staffs_resigned_date`, `staffs_resigned_reason`, `staffs_resigned_attachment`, `staffs_department`, `staffs_CWI_body`, `staffs_CWI`, `staffs_CWI_no`, `staffs_CWI_issued_date`, `staffs_CWI_date`, `staffs_cwi_attachment`, `staffs_photo`, `staffs_certificate_no`, `staffs_expiry_date`, `staffs_certificate_issued_by`, `staffs_certificate_attachment`, `staffs_attachment`, `staffs_show_status`, `staffs_createOn`, `staffs_createBy`, `staffs_updateOn`, `staffs_updateBy`) VALUES
	(1, 32, '54355435', 'Demo', 'user', 'user2', 1, 'Male', '1994-07-03', '2019-09-01', '0442252222', '414552266', '8675490094', 'demouser@gmail.com1', '', 'IW345905', '2020-06-16', '~cdn/passportAttachmentStaffs/envato-logo4.png', 'Indian', 'test', 'test2', 'IQMA54545', '2019-11-21', '~cdn/iqamaAttachmentStaffs/signature4.png', '~cdn/emploveCVvStaffs/jegatheesh_fire_134.pdf', '2019-09-27', 'Resigned Reason', '~cdn/resignedAttachmentStaffs/jegatheesh_fire_123.pdf', '', '1', '', 'CDE454534', '2019-09-02', '2019-10-17', '~cdn/cwiAttachmentStaffs/jegatheesh_fire_12.pdf', '~cdn/photoStaffs/profile-menu-image6.png', 'VCD5454555', '2019-10-24', 'Sha', '~cdn/certificateAttachmentStaffs/jegatheesh_fire_124.pdf', '', 1, '2019-09-22 09:51:11', 11, '2019-10-06 12:27:42', 11),
	(2, 33, '54355435', 'demo2', 'user2', 'use2', 1, 'Female', '2019-09-23', '2019-09-09', '65646646', '8455225666', '8675490094', 'demouser2@gmail.com', '', 'ERR33455', '2019-09-23', '~cdn/passportAttachmentStaffs/jegatheesh_fire_13.pdf', 'indian', 'test2', 'test3', '5435IQMS', '2019-09-11', '~cdn/iqamaAttachmentStaffs/rubansign.jpg', '~cdn/emploveCVvStaffs/jegatheesh_fire_12.pdf', '2019-09-12', 'Resigned Reason22', '~cdn/resignedAttachmentStaffs/jegatheesh_fire_13.pdf', '', '1', '3', '5453453', '2019-09-27', '2019-09-28', '~cdn/cwiAttachmentStaffs/jegatheesh_fire_13.pdf', '~cdn/photoStaffs/profile-menu-image7.png', '5455525', '2019-09-28', 'sa', '~cdn/certificateAttachmentStaffs/jegatheesh_fire_125.pdf', '', 1, '2019-09-22 10:35:29', 11, '2019-10-06 14:09:07', 11),
	(3, 11, '54355435', 'Demo11111', 'user', 'user2', 1, 'Male', '1994-07-03', '2019-09-01', '0442252222', '414552266', '8675490094', 'demouser1@gmail.com1', '', 'IW345905', '2020-06-16', '', '', '', '', '', '2019-10-02', '', '', '2019-10-16', '', '', '', '', '', '', '2019-10-30', '2019-10-25', '', '', '', '2019-10-03', '', '', '', 1, '2019-09-22 09:51:11', 11, '2019-09-22 09:51:11', 11);
/*!40000 ALTER TABLE `jr_staffs` ENABLE KEYS */;

-- Dumping data for table aljoysgroup.jr_staffs_attachement: 0 rows
/*!40000 ALTER TABLE `jr_staffs_attachement` DISABLE KEYS */;
/*!40000 ALTER TABLE `jr_staffs_attachement` ENABLE KEYS */;

-- Dumping data for table aljoysgroup.jr_staffs_menu_module: 0 rows
/*!40000 ALTER TABLE `jr_staffs_menu_module` DISABLE KEYS */;
/*!40000 ALTER TABLE `jr_staffs_menu_module` ENABLE KEYS */;

-- Dumping data for table aljoysgroup.jr_status: 3 rows
/*!40000 ALTER TABLE `jr_status` DISABLE KEYS */;
INSERT INTO `jr_status` (`status_id`, `status_name`, `status_show_status`, `status_createOn`, `status_createBy`, `status_updateOn`, `status_updateBy`) VALUES
	(1, 'Active', 1, '2019-01-05 11:43:20', 11, '2019-01-05 11:43:20', 11),
	(2, 'InActive', 1, '2019-01-05 11:43:20', 11, '2019-01-05 11:43:20', 11),
	(3, 'Discarded', 1, '2019-01-05 11:43:20', 11, '2019-01-05 11:43:20', 11);
/*!40000 ALTER TABLE `jr_status` ENABLE KEYS */;

-- Dumping data for table aljoysgroup.jr_testresult: 2 rows
/*!40000 ALTER TABLE `jr_testresult` DISABLE KEYS */;
INSERT INTO `jr_testresult` (`tr_id`, `tr_name`, `tr_show_status`, `tr_createOn`, `tr_createBy`, `tr_updateOn`, `tr_updateBy`) VALUES
	(1, 'Accepted', 1, '2019-01-01 00:00:00', 11, '2019-01-01 00:00:00', 11),
	(2, 'Rejected', 1, '2019-01-01 00:00:00', 11, '2019-01-01 00:00:00', 11);
/*!40000 ALTER TABLE `jr_testresult` ENABLE KEYS */;

-- Dumping data for table aljoysgroup.jr_type: 3 rows
/*!40000 ALTER TABLE `jr_type` DISABLE KEYS */;
INSERT INTO `jr_type` (`type_id`, `type_name`, `type_show_status`, `createOn`, `createBy`, `updateOn`, `updateBy`) VALUES
	(1, 'Manual', 1, '2020-03-12 21:12:08', 11, '2020-03-14 19:34:18', 11),
	(2, 'Automatic', 1, '2020-03-14 19:34:36', 11, '2020-03-14 19:38:14', 11),
	(3, 'Semi-Auto', 1, '2020-03-14 19:34:50', 11, '2020-03-14 19:34:50', 11);
/*!40000 ALTER TABLE `jr_type` ENABLE KEYS */;

-- Dumping data for table aljoysgroup.jr_welder: 1 rows
/*!40000 ALTER TABLE `jr_welder` DISABLE KEYS */;
INSERT INTO `jr_welder` (`welder_id`, `welder_name`, `welder_show_status`, `createOn`, `createBy`, `updateOn`, `updateBy`) VALUES
	(1, 'Welder one', 1, '2020-03-14 14:00:10', 11, '2020-03-14 14:00:16', 11);
/*!40000 ALTER TABLE `jr_welder` ENABLE KEYS */;

-- Dumping data for table aljoysgroup.jr_welder1: 1 rows
/*!40000 ALTER TABLE `jr_welder1` DISABLE KEYS */;
INSERT INTO `jr_welder1` (`welder_id`, `batchID`, `welder_first_name`, `welder_middle_name`, `welder_last_name`, `welder_ref_no`, `welder_test_no`, `welder_no`, `welder_photo`, `welder_iqama_no`, `welder_show_status`, `welder_createOn`, `welder_createBy`, `welder_updateOn`, `welder_updateBy`) VALUES
	(4, 1, 'df', 'df', 'dda', 'DIM-2020-346', '3214', '23', NULL, '', 1, '2020-02-04 23:18:55', 11, '2020-02-04 23:18:55', 11);
/*!40000 ALTER TABLE `jr_welder1` ENABLE KEYS */;

-- Dumping data for table aljoysgroup.jr_welderdetails: 0 rows
/*!40000 ALTER TABLE `jr_welderdetails` DISABLE KEYS */;
/*!40000 ALTER TABLE `jr_welderdetails` ENABLE KEYS */;

-- Dumping data for table aljoysgroup.jr_welderdetailscode: 2 rows
/*!40000 ALTER TABLE `jr_welderdetailscode` DISABLE KEYS */;
INSERT INTO `jr_welderdetailscode` (`welderDetailsCode_id`, `welderDetailsCode_name`, `welderDetailsCode_show_status`, `welderDetailsCode_createOn`, `welderDetailsCode_createBy`, `welderDetailsCode_updateOn`, `welderDetailsCode_updateBy`) VALUES
	(1, 'AWS D1.1', 1, '2019-01-05 11:43:20', 11, '2019-01-05 11:43:20', 11),
	(2, 'ASME SEC IX-2017', 1, '2019-01-05 11:43:20', 11, '2019-01-05 11:43:20', 11);
/*!40000 ALTER TABLE `jr_welderdetailscode` ENABLE KEYS */;

-- Dumping data for table aljoysgroup.jr_welderpass: 0 rows
/*!40000 ALTER TABLE `jr_welderpass` DISABLE KEYS */;
/*!40000 ALTER TABLE `jr_welderpass` ENABLE KEYS */;

-- Dumping data for table aljoysgroup.jr_welder_attachement: 0 rows
/*!40000 ALTER TABLE `jr_welder_attachement` DISABLE KEYS */;
/*!40000 ALTER TABLE `jr_welder_attachement` ENABLE KEYS */;

-- Dumping data for table aljoysgroup.jr_welder_ndt: 1 rows
/*!40000 ALTER TABLE `jr_welder_ndt` DISABLE KEYS */;
INSERT INTO `jr_welder_ndt` (`ndt_welder_id`, `welderID`, `ndt_type`, `ndt_technician_name`, `ndt_date`, `ndt_report_no`, `ndt_issued_date`, `ndt_test_result`, `ndt_remarks`, `ndt_show_status`, `ndt_createOn`, `ndt_createBy`, `ndt_updateOn`, `ndt_updateBy`) VALUES
	(1, 4, 1, '', '0000-00-00', '', '0000-00-00', 0, '', 1, '2020-02-04 23:20:13', 11, '2020-02-04 23:20:13', 11);
/*!40000 ALTER TABLE `jr_welder_ndt` ENABLE KEYS */;

-- Dumping data for table aljoysgroup.jr_welder_vi: 1 rows
/*!40000 ALTER TABLE `jr_welder_vi` DISABLE KEYS */;
INSERT INTO `jr_welder_vi` (`vi_welder_id`, `welderID`, `vi_certified_welding_inspector`, `vi_weld_no`, `vi_weld_thickness`, `vi_ndt_contractor`, `vi_test_date`, `vi_test_result`, `vi_remarks`, `vi_show_status`, `vi_createOn`, `vi_createBy`, `vi_updateOn`, `vi_updateBy`) VALUES
	(1, 4, 11, '', '', 0, '0000-00-00', 0, '', 1, '2020-02-04 23:20:01', 11, '2020-02-04 23:20:01', 11);
/*!40000 ALTER TABLE `jr_welder_vi` ENABLE KEYS */;

-- Dumping data for table aljoysgroup.jr_weldgroovetype: 2 rows
/*!40000 ALTER TABLE `jr_weldgroovetype` DISABLE KEYS */;
INSERT INTO `jr_weldgroovetype` (`weldGrooveType_id`, `weldGrooveType_name`, `weldGrooveType_show_status`, `weldGrooveType_createOn`, `weldGrooveType_createBy`, `weldGrooveType_updateOn`, `weldGrooveType_updateBy`) VALUES
	(1, 'SQUARE', 1, '2019-01-05 11:43:20', 11, '2019-01-05 11:43:20', 11),
	(2, 'SINGLE-BEVEL', 1, '2019-01-05 11:43:20', 11, '2019-01-05 11:43:20', 11);
/*!40000 ALTER TABLE `jr_weldgroovetype` ENABLE KEYS */;

-- Dumping data for table aljoysgroup.jr_weldpenetration: 2 rows
/*!40000 ALTER TABLE `jr_weldpenetration` DISABLE KEYS */;
INSERT INTO `jr_weldpenetration` (`weldPenetration_id`, `weldPenetration_name`, `weldPenetration_show_status`, `weldPenetration_createOn`, `weldPenetration_createBy`, `weldPenetration_updateOn`, `weldPenetration_updateBy`) VALUES
	(1, 'CJP', 1, '2019-01-05 11:43:20', 11, '2019-01-05 11:43:20', 11),
	(2, 'PJP', 1, '2019-01-05 11:43:20', 11, '2019-01-05 11:43:20', 11);
/*!40000 ALTER TABLE `jr_weldpenetration` ENABLE KEYS */;

-- Dumping data for table aljoysgroup.jr_weldpolarity: 2 rows
/*!40000 ALTER TABLE `jr_weldpolarity` DISABLE KEYS */;
INSERT INTO `jr_weldpolarity` (`weldPolarity_id`, `weldPolarity_name`, `weldPolarity_show_status`, `weldPolarity_createOn`, `weldPolarity_createBy`, `weldPolarity_updateOn`, `weldPolarity_updateBy`) VALUES
	(1, 'DCEN', 1, '2019-01-05 11:43:20', 11, '2019-01-05 11:43:20', 11),
	(2, 'DCEP', 1, '2019-01-05 11:43:20', 11, '2019-01-05 11:43:20', 11);
/*!40000 ALTER TABLE `jr_weldpolarity` ENABLE KEYS */;

-- Dumping data for table aljoysgroup.jr_weldposition: 2 rows
/*!40000 ALTER TABLE `jr_weldposition` DISABLE KEYS */;
INSERT INTO `jr_weldposition` (`weldPosition_id`, `weldPosition_name`, `weldPosition_show_status`, `weldPosition_createOn`, `weldPosition_createBy`, `weldPosition_updateOn`, `weldPosition_updateBy`) VALUES
	(1, '1G', 1, '2019-01-05 11:43:20', 11, '2019-01-05 11:43:20', 11),
	(2, '2G', 1, '2019-01-05 11:43:20', 11, '2019-01-05 11:43:20', 11);
/*!40000 ALTER TABLE `jr_weldposition` ENABLE KEYS */;

-- Dumping data for table aljoysgroup.jr_weldprocess: 2 rows
/*!40000 ALTER TABLE `jr_weldprocess` DISABLE KEYS */;
INSERT INTO `jr_weldprocess` (`weldProcess_id`, `weldProcess_name`, `weldProcess_show_status`, `weldProcess_createOn`, `weldProcess_createBy`, `weldProcess_updateOn`, `weldProcess_updateBy`) VALUES
	(1, 'SMAW', 1, '2019-01-05 11:43:20', 11, '2019-01-05 11:43:20', 11),
	(2, 'GMAW-S', 1, '2019-01-05 11:43:20', 11, '2019-01-05 11:43:20', 11);
/*!40000 ALTER TABLE `jr_weldprocess` ENABLE KEYS */;

-- Dumping data for table aljoysgroup.jr_weldverticalprogression: 2 rows
/*!40000 ALTER TABLE `jr_weldverticalprogression` DISABLE KEYS */;
INSERT INTO `jr_weldverticalprogression` (`weldVerticalProgression_id`, `weldVerticalProgression_name`, `weldVerticalProgression_show_status`, `weldVerticalProgression_createOn`, `weldVerticalProgression_createBy`, `weldVerticalProgression_updateOn`, `weldVerticalProgression_updateBy`) VALUES
	(1, 'UP-HILL', 1, '2019-01-05 11:43:20', 11, '2019-01-05 11:43:20', 11),
	(2, 'DOWN-HILL', 1, '2019-01-05 11:43:20', 11, '2019-01-05 11:43:20', 11);
/*!40000 ALTER TABLE `jr_weldverticalprogression` ENABLE KEYS */;

-- Dumping data for table aljoysgroup.jr_wpq_static_form: 30 rows
/*!40000 ALTER TABLE `jr_wpq_static_form` DISABLE KEYS */;
INSERT INTO `jr_wpq_static_form` (`static_form_id`, `staticForm_welding_variables`, `staticForm_quali_test`, `staticForm_quali_range`, `staticForm_type`, `staticForm_type_label`, `staticForm_type_label_value`, `staticForm_show_status`) VALUES
	(41, 'Welding Process(es) Type(manual, semi-auto, auto, mechanized)used', 'SMAW(Manual)', 'SMAW(Manual)', 'Textbox', '', '', 1),
	(42, 'Backing(metal, weld metal, double-welded, etc)', 'With', 'With', 'Textbox', '', '', 1),
	(43, 'Test Specimen (Plate/Pipe)', 'Plate', 'Pipe/Plate', 'Textbox', '', '', 1),
	(44, 'Pipe / Tube Outside Diameter', 'Plate', '2 7/8"OD & Over', 'Textbox', '', '', 1),
	(45, 'Plate / Pipe Thickness', '20mm', 'Maximum to be  welded', 'Textbox', '', '', 1),
	(46, 'Base Metal P-Number to P-Number/ Group to Group', 'P1-P1', 'P1-P15F,P34,P41-P49', 'Textbox', '', '', 1),
	(47, 'Filler Metal or electrode specification(s) (SFA)', '5.1', '-', 'Textbox', '', '', 1),
	(48, 'Filler Metal or electrode Classification', 'E7018 H4R', '-', 'Textbox', '', '', 1),
	(49, 'Filler Metal F-Number(s)', 'F4', '(F1-F4)with backing', 'Textbox', '', '', 1),
	(50, 'Filler Metal Diameter and Trade name', 'E7018 H4R(3.2mm)/ALLOY RODS', 'E7018 H4R(3.2mm)/ALLOY RODS or equivalent', 'Textbox', '', '', 1),
	(51, 'Deposit Weld Metal Thickness', '20mm', 'Maximum to be  welded', 'Textbox', '', '', 1),
	(52, 'Welding Position (s)', '3G', 'F,V (Pipe & Plate over 24" OD) / F (2-7/8" OD Pipe24" OD )/ F,H,V(Pipe & Plate Fillet)', 'Textbox', '', '', 1),
	(53, 'SMAW', '4', '-', 'radio', 'Process1:', 'minimum layers\r\n', 1),
	(54, 'NA', '-', '-', 'radio', 'Process2:', 'minimum layers', 1),
	(55, 'Vertical progression(uphill or downhill)', 'Root-DownHill; Hot/Fill/Cap-Uphill', 'Root-DownHill; Hot/Fill/Cap-Uphill', 'Textbox', '', '', 1),
	(56, 'Code / Standard', 'ASME SEC IX;2017', 'ASME SEC IX;2017', 'Textbox', '', '', 1),
	(57, 'Inert gas backing(GTAW,PAW,GMAW)', 'NA', 'NA', 'Textbox', '', '', 1),
	(58, 'Transfer mode(spray/globular or pulse to short circuit-GMAW)', 'NA', 'NA', 'Textbox', '', '', 1),
	(59, 'Current Type /Polarity(AC,DCEP,DCEN)', 'DCEP', '-', 'Textbox', '', '', 1),
	(60, 'Consumable insert (GTAW or PAW)', 'NA', 'NA', 'Textbox', '', '', 1),
	(61, '', '', '', 'hidden', '', 'Amperes', 1),
	(62, 'Shielding Gas', 'NA', 'NA', 'Textbox', '', '', 1),
	(63, 'Shielding Gas Flowrate', 'NA', 'NA', 'Textbox', '', '', 1),
	(64, 'Base metal specification', '', '', 'Textbox', '', '', 1),
	(67, '', '', '', 'Textbox', '', '', 1),
	(68, 'Joint Design', '', '', 'Textbox', '', '', 1),
	(69, 'Welding passes', '', '', 'Textbox', '', '', 1),
	(70, '', '', '', 'Textbox', '', '', 1),
	(71, '', '', '', 'Textbox', '', '', 1),
	(72, '', '', '', 'Textbox', '', '', 1);
/*!40000 ALTER TABLE `jr_wpq_static_form` ENABLE KEYS */;

-- Dumping data for table aljoysgroup.login_attempts: 0 rows
/*!40000 ALTER TABLE `login_attempts` DISABLE KEYS */;
/*!40000 ALTER TABLE `login_attempts` ENABLE KEYS */;

-- Dumping data for table aljoysgroup.pzm_category: 5 rows
/*!40000 ALTER TABLE `pzm_category` DISABLE KEYS */;
INSERT INTO `pzm_category` (`cat_id`, `st_storeID`, `cat_parentID`, `cat_name`, `cat_description`, `cat_isOff`, `cat_isSubcat`, `cat_isHaveSubcat`, `cat_isMultipleSize`, `cat_isDressing`, `cat_isExtras`, `cat_isMov`, `cat_sort`, `cat_metaDesc`, `cat_metaKey`, `cat_status`, `cat_createBy`, `cat_createOn`, `cat_updateBy`, `cat_updateOn`, `cat_delete`, `cleanurl`) VALUES
	(2, 2, 0, 'Pizza', 'Jede Pizza wird mit Tomatensauce und Gouda-Kseg belegt.', 0, 0, 0, 1, 1, 1, 1, 1, 'Jede Pizza wird mit Tomatensauce und Gouda-Kseg belegt.', 'Jede Pizza wird mit Tomatensauce und Gouda-Kseg belegt.', 1, 4, '2017-02-17 18:33:44', 4, '2017-02-18 01:33:44', 0, 'pizza'),
	(3, 2, 0, 'Snack Rolls', 'Mit hausgemachten Dipg (Knoblauch oder American)', 0, 0, 0, 0, 0, 0, 1, 2, 'Mit hausgemachten Dipg (Knoblauch oder American)', 'Mit hausgemachten Dipg (Knoblauch oder American)', 1, 4, '2017-03-27 17:03:45', 4, '2017-03-27 13:33:45', 0, 'snack-rolls'),
	(4, 2, 0, 'Calzone', 'Jede Pizza wird mit Tomatensauce und Gouda-Kseg belegt.', 0, 0, 0, 1, 1, 1, 1, 3, 'Jede Pizza wird mit Tomatensauce und Gouda-Kseg belegt.', 'Jede Pizza wird mit Tomatensauce und Gouda-Kseg belegt.', 1, 4, '2016-11-26 13:48:22', 4, '2016-11-21 08:25:38', 1, 'calzone'),
	(5, 2, 0, 'Calzones', 'Calzones', 0, 2, 0, 1, 1, 1, 1, 4, 'Calzones', 'Calzones', 1, 4, '2016-11-26 13:48:10', 4, '2016-11-26 00:11:10', 1, 'calzones'),
	(6, 2, 0, 'teetete', 'vbvxb', 0, 3, 0, 0, 0, 0, 0, 0, 'vbvb', 'vbv', 1, 4, '2017-02-22 16:32:27', 4, '2017-02-22 16:32:27', 0, 'teetete');
/*!40000 ALTER TABLE `pzm_category` ENABLE KEYS */;

-- Dumping data for table aljoysgroup.pzm_dressing: 12 rows
/*!40000 ALTER TABLE `pzm_dressing` DISABLE KEYS */;
INSERT INTO `pzm_dressing` (`dressing_id`, `st_storeID`, `dressing_name`, `dressing_isFree`, `dressing_status`, `dressing_createBy`, `dressing_createOn`, `dressing_updateBy`, `dressing_updateOn`, `dressing_delete`) VALUES
	(1, 2, 'Joghurt', 1, 1, 4, '2016-11-21 07:15:31', 4, '2016-11-21 07:15:31', 0),
	(2, 2, 'Italien', 1, 1, 4, '2016-11-21 07:15:40', 4, '2016-11-21 07:15:40', 0),
	(3, 2, 'Essig l', 0, 1, 4, '2016-11-21 07:16:07', 4, '2016-11-21 07:16:07', 0),
	(4, 2, 'Knoblauch', 1, 1, 4, '2016-11-21 07:16:12', 4, '2016-11-21 07:16:12', 0),
	(5, 2, 'French', 0, 1, 4, '2016-11-21 07:16:18', 4, '2016-11-21 07:16:18', 0),
	(6, 2, 'American', 0, 1, 4, '2016-11-21 07:16:22', 4, '2016-11-21 07:16:22', 0),
	(7, 2, 'Cocktail', 0, 1, 4, '2016-11-21 07:16:27', 4, '2016-11-21 07:16:27', 0),
	(8, 2, '1000 Island', 1, 1, 4, '2016-11-21 07:16:33', 4, '2016-11-21 07:16:33', 0),
	(9, 2, 'Currysauce', 0, 1, 4, '2016-11-21 07:16:43', 4, '2016-11-21 07:16:43', 0),
	(10, 2, 'S-Pikant', 0, 1, 4, '2016-11-21 07:17:14', 4, '2016-11-21 07:17:14', 0),
	(11, 2, 'Kruter', 0, 1, 4, '2016-11-21 07:17:28', 4, '2016-11-21 07:17:28', 0),
	(12, 2, 'Remoulade', 0, 1, 4, '2016-11-21 07:17:45', 4, '2016-11-21 07:17:45', 0);
/*!40000 ALTER TABLE `pzm_dressing` ENABLE KEYS */;

-- Dumping data for table aljoysgroup.pzm_extras: 46 rows
/*!40000 ALTER TABLE `pzm_extras` DISABLE KEYS */;
INSERT INTO `pzm_extras` (`extras_id`, `st_storeID`, `exCat_id`, `extras_name`, `extras_isFree`, `extras_status`, `extras_createBy`, `extras_createOn`, `extras_updateBy`, `extras_updateOn`, `extras_delete`) VALUES
	(1, 2, 1, 'Sardellen', 1, 1, 4, '2016-11-21 11:42:44', 4, '2016-11-21 07:12:44', 0),
	(2, 2, 1, 'Thunfisch', 1, 1, 4, '2016-11-21 11:42:49', 4, '2016-11-21 07:12:49', 0),
	(3, 2, 1, 'Shrimps', 1, 1, 4, '2016-11-21 11:42:56', 4, '2016-11-21 07:12:56', 0),
	(4, 2, 1, 'Fruti de Mare', 1, 1, 4, '2016-11-21 11:43:02', 4, '2016-11-21 07:13:02', 0),
	(5, 2, 1, 'Garnelen', 0, 1, 4, '2016-11-21 07:04:02', 4, '2016-11-21 07:04:02', 0),
	(6, 2, 1, 'Schollenfilet', 0, 1, 4, '2016-11-21 07:04:11', 4, '2016-11-21 07:04:11', 0),
	(7, 2, 1, 'Rotbarschfilet', 0, 1, 4, '2016-11-21 07:04:17', 4, '2016-11-21 07:04:17', 0),
	(8, 2, 1, 'Zeezunge', 0, 1, 4, '2016-11-21 07:04:22', 4, '2016-11-21 07:04:22', 0),
	(9, 2, 1, 'Fischstbchen', 0, 1, 4, '2016-11-21 07:04:28', 4, '2016-11-21 07:04:28', 0),
	(10, 2, 1, 'Muschelln', 0, 1, 4, '2016-11-21 07:05:21', 4, '2016-11-21 07:05:21', 0),
	(11, 2, 1, 'Anchovis', 0, 1, 4, '2016-11-26 14:28:44', 4, '2016-11-26 21:28:44', 1),
	(12, 2, 1, 'Krabben', 0, 1, 4, '2016-11-26 14:29:12', 4, '2016-11-26 21:29:12', 1),
	(13, 2, 1, 'Scampi', 0, 1, 4, '2016-11-26 14:29:04', 4, '2016-11-26 21:29:04', 1),
	(14, 2, 2, 'Salami', 1, 1, 4, '2016-11-21 11:42:38', 4, '2016-11-21 07:12:38', 0),
	(15, 2, 2, 'Schinken', 1, 1, 4, '2016-11-21 07:07:50', 4, '2016-11-21 07:07:50', 0),
	(16, 2, 2, 'Wrstchen', 0, 1, 4, '2016-11-21 07:07:59', 4, '2016-11-21 07:07:59', 0),
	(17, 2, 1, 'Gyros Fleisch', 0, 1, 4, '2016-11-26 14:29:32', 4, '2016-11-26 21:29:32', 1),
	(18, 2, 2, 'Hhnchenfilet', 0, 1, 4, '2016-11-21 07:08:22', 4, '2016-11-21 07:08:22', 0),
	(19, 2, 1, 'Schweinefilet', 0, 1, 4, '2016-11-26 14:29:41', 4, '2016-11-26 21:29:41', 1),
	(20, 2, 2, 'Schweinelachs', 0, 1, 4, '2016-11-21 07:08:33', 4, '2016-11-21 07:08:33', 0),
	(21, 2, 2, 'Schweine nacken', 0, 1, 4, '2016-11-21 07:08:41', 4, '2016-11-21 07:08:41', 0),
	(22, 2, 2, 'Schweineschulter', 0, 1, 4, '2016-11-21 07:08:57', 4, '2016-11-21 07:08:57', 0),
	(23, 2, 2, 'Gyros', 1, 1, 4, '2016-11-21 07:09:05', 4, '2016-11-21 07:09:05', 0),
	(24, 2, 2, 'Hhnchen Gyros', 0, 1, 4, '2016-11-21 07:09:13', 4, '2016-11-21 07:09:13', 0),
	(25, 2, 2, 'Dnerfleisch', 0, 1, 4, '2016-11-21 07:09:20', 4, '2016-11-21 07:09:20', 0),
	(26, 2, 2, 'Lammfillet', 0, 1, 4, '2016-11-26 14:30:12', 4, '2016-11-26 21:30:12', 1),
	(27, 2, 2, 'Sucuk', 0, 1, 4, '2016-11-26 14:32:50', 4, '2016-11-26 21:32:50', 1),
	(28, 2, 2, 'Bolognese', 0, 1, 4, '2016-11-26 14:32:42', 4, '2016-11-26 21:32:42', 1),
	(29, 2, 2, 'Hhnchenfleisch', 1, 1, 4, '2016-11-26 14:32:37', 4, '2016-11-26 21:32:37', 1),
	(30, 2, 2, 'Bacon', 0, 1, 4, '2016-11-26 14:32:32', 4, '2016-11-26 21:32:32', 1),
	(31, 2, 2, 'Beef', 0, 1, 4, '2016-11-26 14:32:26', 4, '2016-11-26 21:32:26', 1),
	(32, 2, 2, 'Hackfleisch', 1, 1, 4, '2016-11-26 14:32:21', 4, '2016-11-26 21:32:21', 1),
	(33, 2, 2, 'Putenbrust', 0, 1, 4, '2016-11-26 14:32:15', 4, '2016-11-26 21:32:15', 1),
	(34, 2, 2, 'Peperonisalami', 0, 1, 4, '2016-11-26 14:32:10', 4, '2016-11-26 21:32:10', 1),
	(35, 2, 2, 'Hamburgerfleisch', 0, 1, 4, '2016-11-26 14:32:05', 4, '2016-11-26 21:32:05', 1),
	(36, 2, 2, 'Speck', 0, 1, 4, '2016-11-26 14:31:59', 4, '2016-11-26 21:31:59', 1),
	(37, 2, 2, 'Hintersschicken', 0, 1, 4, '2016-11-26 14:31:52', 4, '2016-11-26 21:31:52', 1),
	(38, 2, 2, 'Frikadellen', 0, 1, 4, '2016-11-26 14:31:46', 4, '2016-11-26 21:31:46', 1),
	(39, 2, 2, 'Rinderhack', 0, 1, 4, '2016-11-26 14:31:40', 4, '2016-11-26 21:31:40', 1),
	(40, 2, 2, 'Rindfleisch', 0, 1, 4, '2016-11-26 14:31:24', 4, '2016-11-26 21:31:24', 1),
	(41, 2, 2, 'Hhnenbrust', 0, 1, 4, '2016-11-26 14:31:12', 4, '2016-11-26 21:31:12', 1),
	(42, 2, 2, 'Rindersteak', 0, 1, 4, '2016-11-26 14:30:21', 4, '2016-11-26 21:30:21', 1),
	(43, 2, 3, 'Brocolli', 1, 1, 4, '2017-02-18 01:09:12', 4, '2017-02-18 01:09:12', 0),
	(44, 2, 3, 'Oliven', 0, 1, 4, '2017-02-18 01:09:23', 4, '2017-02-18 01:09:23', 0),
	(45, 2, 4, '12', 0, 1, 4, '2017-02-22 12:24:36', 4, '2017-02-22 12:24:36', 0),
	(46, 2, 4, '14', 1, 1, 4, '2017-02-22 12:24:49', 4, '2017-02-22 12:24:49', 0);
/*!40000 ALTER TABLE `pzm_extras` ENABLE KEYS */;

-- Dumping data for table aljoysgroup.pzm_extras_category: 4 rows
/*!40000 ALTER TABLE `pzm_extras_category` DISABLE KEYS */;
INSERT INTO `pzm_extras_category` (`exCat_id`, `st_storeID`, `exCat_name`, `exCat_status`, `exCat_createBy`, `exCat_createOn`, `exCat_updateBy`, `exCat_updateOn`, `exCat_delete`) VALUES
	(1, 2, 'Fisch', 1, 4, '2017-02-17 18:08:30', 4, '2017-02-18 01:08:30', 0),
	(2, 2, 'Fleisch', 1, 4, '2016-11-21 07:00:57', 4, '2016-11-21 07:00:57', 0),
	(3, 2, 'Vegetarisch', 1, 4, '2017-02-18 01:08:43', 4, '2017-02-18 01:08:43', 0),
	(4, 2, 'test', 1, 4, '2017-02-22 12:24:18', 4, '2017-02-22 12:24:18', 0);
/*!40000 ALTER TABLE `pzm_extras_category` ENABLE KEYS */;

-- Dumping data for table aljoysgroup.pzm_happy_offers: 5 rows
/*!40000 ALTER TABLE `pzm_happy_offers` DISABLE KEYS */;
INSERT INTO `pzm_happy_offers` (`hoffers_id`, `st_storeID`, `hfrom_date`, `hfrom_time`, `hto_date`, `hto_time`, `cat_id`, `hoffType_id`, `hoffer_value`, `hoffer_describtion`, `hoffer_status`, `hoffer_createBy`, `hoffer_createOn`, `hoffer_updateBy`, `hoffer_updateOn`, `hoffer_delete`) VALUES
	(1, 2, '2017-04-26', '06:30:00', '2017-04-27', '10:07:00', 2, 1, '7', 'Happy Howers Offer For This Time To This Time', 1, 4, '2017-04-28 16:31:28', 4, '2017-04-28 11:39:39', 0),
	(2, 2, '2017-04-27', '12:30:00', '2017-04-28', '05:07:00', 6, 2, '522', 'Test', 1, 4, '2017-04-28 15:12:18', 4, '2017-04-28 11:42:18', 0),
	(4, 2, '2017-04-28', '11:00:00', '2017-04-29', '14:10:00', 2, 2, '15', 'Tests', 1, 4, '2017-04-28 16:02:50', 4, '2017-04-28 12:32:50', 0),
	(5, 2, '2017-04-28', '07:30:00', '2017-05-03', '20:30:00', 6, 1, '40', 'Nice', 0, 4, '2017-05-02 16:17:11', 4, '2017-05-02 12:47:11', 0),
	(6, 2, '2017-04-29', '06:30:00', '2017-05-02', '19:35:00', 2, 3, '5.10', 'Tests', 0, 4, '2017-05-02 16:15:18', 4, '2017-05-02 12:45:18', 0);
/*!40000 ALTER TABLE `pzm_happy_offers` ENABLE KEYS */;

-- Dumping data for table aljoysgroup.pzo_orders: 18 rows
/*!40000 ALTER TABLE `pzo_orders` DISABLE KEYS */;
INSERT INTO `pzo_orders` (`od_id`, `st_storeID`, `od_date`, `od_invoiceNo`, `od_invoiceDate`, `mov_id`, `od_userId`, `od_email`, `od_fax`, `od_subTotal`, `od_totalTax`, `od_shippingCost`, `od_totalOffer`, `od_grandTotal`, `od_paymentMethod`, `od_deliveryMethod`, `od_paymentStatus`, `od_lastUpdateOn`, `od_lastUpdateBy`, `od_remarks`, `od_status`, `od_delivery_time`, `invisecommentOverAll`, `happy_offers`, `happy_offers_title`, `happy_offers_description`) VALUES
	(1, 2, '2016-11-22 16:49:16', 0, '0000-00-00 00:00:00', 5, 5, 'sjaga1993@gmail.com', '', 261.77, 18.33, 0.00, 3.00, 296.27, 1, 1, 1, '2017-02-18 01:14:23', 4, '', 7, '', '', 0, '', ''),
	(2, 2, '2016-11-22 17:13:11', 0, '0000-00-00 00:00:00', 5, 5, 'sjaga1993@gmail.com', '', 22.94, 1.61, 0.00, 3.00, 39.34, 1, 1, 1, '2017-02-18 01:14:36', 4, '', 7, '', '', 0, '', ''),
	(3, 2, '2016-11-22 17:15:00', 0, '0000-00-00 00:00:00', 5, 5, 'sjaga1993@gmail.com', '', 22.94, 1.61, 0.00, 3.00, 42.94, 1, 1, 1, '2017-03-28 16:30:09', 4, '', 7, '', '', 0, '', ''),
	(4, 2, '2016-11-22 17:20:39', 0, '0000-00-00 00:00:00', 5, 5, 'sjaga1993@gmail.com', '', 9.49, 0.67, 0.00, 0.00, 9.49, 1, 1, 1, '2017-02-18 01:15:22', 4, '', 7, '', '', 0, '', ''),
	(5, 2, '2016-11-22 17:43:14', 0, '0000-00-00 00:00:00', 5, 5, 'sjaga1993@gmail.com', '', 22.94, 1.61, 0.00, 3.00, 62.34, 1, 1, 1, '2017-02-18 01:15:37', 4, '', 7, '', '', 0, '', ''),
	(6, 2, '2016-11-25 11:37:22', 0, '0000-00-00 00:00:00', 5, 5, 'sjaga1993@gmail.com', '', 22.94, 1.61, 0.00, 3.00, 19.94, 1, 1, 1, '2017-03-28 16:30:04', 4, '', 7, '', '', 0, '', ''),
	(7, 2, '2016-11-26 07:19:52', 0, '0000-00-00 00:00:00', 5, 7, 'aswathymaha24@gmail.com', '', 13.99, 0.98, 0.00, 3.00, 24.89, 1, 1, 1, '2017-02-18 01:18:21', 4, '', 7, '', '', 0, '', ''),
	(8, 2, '2017-02-17 12:45:27', 0, '0000-00-00 00:00:00', 5, 10, 'ganesh@alphasoftz.com', '', 8.95, 0.63, 0.00, 0.00, 8.95, 1, 1, 1, '2017-02-18 01:18:34', 4, '', 7, '', '', 0, '', ''),
	(9, 2, '2017-02-17 12:48:27', 0, '0000-00-00 00:00:00', 5, 10, 'ganesh@alphasoftz.com', '', 27.98, 1.96, 0.00, 3.00, 24.98, 1, 1, 1, '2017-03-28 16:29:53', 4, '', 7, '', '', 0, '', ''),
	(10, 2, '2017-03-28 11:57:38', 0, '0000-00-00 00:00:00', 5, 5, 'sjaga1993@gmail.com', '', 8.95, 0.63, 0.10, 0.00, 9.05, 1, 2, 1, '2017-03-28 16:29:46', 4, '', 7, '18:30', 'fgsdfgsdfg', 0, '', ''),
	(11, 2, '2017-03-28 16:37:09', 0, '0000-00-00 00:00:00', 5, 5, 'sjaga1993@gmail.com', '', 17.90, 1.26, 0.10, 3.00, 24.00, 1, 2, 1, '2017-03-28 17:11:29', 4, '', 7, '18:30', 'nice', 0, '', ''),
	(12, 2, '2017-04-27 12:14:26', 0, '0000-00-00 00:00:00', 5, 5, 'sjaga1993@gmail.com', '', 39.09, 2.74, 0.10, 5.86, 33.23, 1, 3, 1, '2017-04-27 12:43:17', 4, '', 7, '03:15', '', 0, '', ''),
	(13, 2, '2017-04-27 14:24:07', 0, '0000-00-00 00:00:00', 5, 5, 'sjaga1993@gmail.com', '', 25.10, 1.76, 0.10, 1.89, 25.20, 1, 3, 1, '2017-04-27 17:54:07', 0, '', 4, '18:30', 'test', 0, '', ''),
	(14, 2, '2017-04-27 15:10:49', 0, '0000-00-00 00:00:00', 5, 5, 'sjaga1993@gmail.com', '', 47.05, 3.30, 0.10, 1.89, 47.15, 1, 3, 1, '2017-04-27 15:27:27', 4, '', 7, '17:25', 'nice', 1, 'Glckliche Heuler\n', 'Happy howers offer for this time to this time'),
	(15, 2, '2017-04-28 09:09:25', 0, '0000-00-00 00:00:00', 5, 5, 'sjaga1993@gmail.com', '', 24.00, 1.68, 0.10, 3.60, 20.50, 1, 3, 1, '2017-04-28 12:39:25', 0, '', 4, '18:30', 'test', 0, '', ''),
	(16, 2, '2017-05-02 09:51:58', 0, '0000-00-00 00:00:00', 5, 5, 'sjaga1993@gmail.com', '', 55.08, 3.86, 0.10, 14.80, 55.18, 1, 3, 1, '2017-05-02 13:21:58', 0, '', 4, '', 'tests', 1, 'Happy Hour', 'Nice'),
	(17, 2, '2017-05-02 11:49:31', 0, '0000-00-00 00:00:00', 5, 5, 'sjaga1993@gmail.com', '', 35.98, 2.52, 0.10, 6.15, 34.93, 1, 2, 1, '2017-05-02 15:19:31', 0, '', 4, '', '', 0, '', ''),
	(18, 2, '2017-05-02 12:32:20', 0, '0000-00-00 00:00:00', 5, 5, 'sjaga1993@gmail.com', '', 27.98, 1.96, 0.10, 4.20, 23.88, 1, 3, 1, '2017-05-02 16:02:20', 0, '', 4, '18:30', '', 0, '', '');
/*!40000 ALTER TABLE `pzo_orders` ENABLE KEYS */;

-- Dumping data for table aljoysgroup.pzr_menu_card: 21 rows
/*!40000 ALTER TABLE `pzr_menu_card` DISABLE KEYS */;
INSERT INTO `pzr_menu_card` (`mCard_ID`, `st_storeID`, `cat_id`, `mCard_name`, `mCard_description`, `mCard_tax`, `mCard_Number`, `mCard_isFreeExtras`, `mCard_isFreeDressing`, `mCard_isComboProduct`, `mCard_totalComboProduct`, `mCard_customerCanChoose`, `mCard_status`, `mCard_order`, `mCard_createBy`, `mCard_createOn`, `mCard_updateBy`, `mCard_updateOn`, `mCard_delete`, `cleanurl`) VALUES
	(2, 2, 2, 'Pizza Hack', 'mit Rinderhack, Mais, Paprika, Zwiebeln und Jalapenos M L', '4', '001', 1, 1, 0, 0, 1, 1, 1, 4, '2016-11-26 14:34:26', 4, '2016-11-26 21:34:26', 0, 'pizza-hack'),
	(3, 2, 2, 'Pizza grner Garten', 'mit Broccoli, Champignons, Paprika und Zwiebeln M L', '4', '0002', 1, 1, 0, 0, 1, 1, 2, 4, '2016-11-26 14:35:00', 4, '2016-11-26 21:35:00', 0, 'pizza-grner-garten'),
	(4, 2, 2, 'Pizza Pirata', 'mit Hhnchenbrust, Spinat, Tomaten und Creme Fraiche M L', '4', '003', 1, 1, 0, 0, 1, 1, 3, 4, '2016-11-26 13:48:55', 4, '2016-11-26 20:48:55', 1, 'pizza-pirata'),
	(5, 2, 2, 'Pizza Bergamo', 'mit Hhnchen, Broccoli, Tomaten und Sauce Hollandaise M L', '4', '004', 1, 1, 0, 0, 1, 1, 4, 4, '2016-11-26 13:48:59', 4, '2016-11-26 20:48:59', 1, 'pizza-bergamo'),
	(6, 2, 2, 'Pizza Margherita', 'mit Tomatensauce und Kseg', '4', '005', 0, 0, 0, 0, 1, 1, 5, 4, '2016-11-26 13:49:03', 4, '2016-11-26 20:49:03', 1, 'pizza-margherita'),
	(7, 2, 2, 'Pizza Salami', 'mit Salami4,5 und Kseg', '4', '006', 0, 0, 0, 0, 1, 1, 6, 4, '2016-11-26 13:49:07', 4, '2016-11-26 20:49:07', 1, 'pizza-salami'),
	(8, 2, 2, 'Pizza Classico', 'mit Schinken1,2,4,5 und Kseg', '4', '007', 0, 0, 0, 0, 1, 1, 7, 4, '2016-11-26 13:49:16', 4, '2016-11-26 20:49:16', 1, 'pizza-classico'),
	(9, 2, 2, 'Pizza Rodeo', 'mit Thunfischd, Zwiebeln, Salami4,5 und Fetag', '4', '008', 0, 0, 0, 0, 1, 1, 8, 4, '2016-11-26 13:48:46', 4, '2016-11-26 20:48:46', 1, 'pizza-rodeo'),
	(10, 2, 4, 'Calzone Mix', 'mit Salami4,5, Schinken1,2,4,5, Thunfischd, Zwiebeln und Champignons', '4', '009', 1, 0, 0, 0, 1, 1, 9, 4, '2016-11-26 13:49:26', 4, '2016-11-26 20:49:26', 1, 'calzone-mix'),
	(11, 2, 4, 'Calzone Delphi', 'mit Gyros, Zwiebeln, Paprika, Broccoli und Fetag', '4', '010', 0, 1, 0, 0, 1, 1, 10, 4, '2016-11-26 13:49:33', 4, '2016-11-26 20:49:33', 1, 'calzone-delphi'),
	(12, 2, 4, 'Calzone Spezial', 'mit Hhnchenbrust10, Gyros, Champignons, Broccoli und Sauce Hollandaise', '4', '011', 1, 1, 0, 0, 1, 1, 11, 4, '2016-11-26 13:49:38', 4, '2016-11-26 20:49:38', 1, 'calzone-spezial'),
	(13, 2, 4, 'Calzone Vegetarisch', 'mit Broccoli, Zwiebeln, Paprika, Champignons und Creme Fraiche', '4', '012', 0, 0, 0, 0, 1, 1, 12, 4, '2016-11-26 13:49:44', 4, '2016-11-26 20:49:44', 1, 'calzone-vegetarisch'),
	(14, 2, 3, 'Pizzabrtchen ohne Kseg', '', '4', '013', 0, 0, 0, 0, 1, 1, 13, 4, '2016-11-21 10:23:08', 4, '2016-11-21 10:23:08', 0, 'pizzabrtchen-ohne-kseg'),
	(15, 2, 3, 'Pizzabrtchen mit Kseg', '', '4', '014', 0, 0, 0, 0, 1, 1, 14, 4, '2016-11-26 13:49:58', 4, '2016-11-26 20:49:58', 1, 'pizzabrtchen-mit-kseg'),
	(16, 2, 3, 'Pizzabrtchen Spezial', 'mit Salami4,5, Schinken1,2,4,5 und Kseg', '4', '015', 0, 0, 0, 0, 1, 1, 14, 4, '2016-11-26 13:49:52', 4, '2016-11-26 20:49:52', 1, 'pizzabrtchen-spezial'),
	(17, 2, 3, 'Pizzabrtchen mit Salami', 'Pizzabrtchen mit Salami<sup>4,5</sup> und Kseg<br><br><br>', '4', '016', 1, 1, 0, 0, 1, 1, 16, 4, '2017-03-15 14:34:23', 4, '2017-03-15 10:04:23', 0, 'pizzabrtchen-mit-salami'),
	(18, 2, 3, 'Pizzabrtchen mit Schinken1,2,4,5 und Kseg', '', '4', '017', 1, 1, 0, 0, 1, 1, 17, 4, '2016-11-26 13:50:14', 4, '2016-11-26 20:50:14', 1, 'pizzabrtchen-mit-schinken1,2,4,5-und-kseg'),
	(19, 2, 3, 'Pizzabrtchen mit Pute10 und Kseg', '', '4', '018', 1, 1, 0, 0, 1, 1, 18, 4, '2016-11-26 13:50:09', 4, '2016-11-26 20:50:09', 1, 'pizzabrtchen-mit-pute10-und-kseg'),
	(20, 2, 5, 'Calzones1', 'Calzones 1009', '4', '1009', 1, 1, 0, 0, 1, 1, 1, 4, '2016-11-26 13:50:05', 4, '2016-11-26 20:50:05', 1, 'calzones1'),
	(21, 2, 2, 'tests', 'mit Rinderhack, Mais, Paprika, Zwiebeln und Jalapenos M L', '4', '5225', 1, 1, 0, 0, 1, 1, 3, 4, '2017-02-23 12:12:45', 4, '2017-02-23 07:42:45', 0, 'tests'),
	(22, 2, 6, 'nice product', 'fgghdgh', '4', '056', 1, 0, 0, 0, 1, 1, 2, 4, '2017-02-22 16:38:19', 4, '2017-02-22 16:38:19', 0, 'nice-product');
/*!40000 ALTER TABLE `pzr_menu_card` ENABLE KEYS */;

-- Dumping data for table aljoysgroup.pz_store_setting: 4 rows
/*!40000 ALTER TABLE `pz_store_setting` DISABLE KEYS */;
INSERT INTO `pz_store_setting` (`st_storeID`, `st_shopName`, `st_address`, `st_state`, `st_city`, `st_pinCode`, `st_phoneNumber`, `st_mobileNumber`, `st_faxNumber`, `st_storeOrderEmail`, `st_website`, `st_aboutShop`, `st_shopLogo`, `st_additives`, `st_allergy`, `st_facebookFanPageURL`, `st_twitterPageURL`, `st_latitude`, `st_longitude`, `st_activeStatus`, `cleanurl`, `is_pizza_store`) VALUES
	(2, 'Pizza Hot', 'Asia HOT Wok\r\nHeidekamp 48\r\n21244 Buchholz i.d.N.', 'Niedersachsen', 'Buchholz', '21244', '041819993338', '041819993338', '523', 'nani70@hotmail.de', 'www.asia-buchholz.de', 'The one day when the lady met this fellow and they knew it was much more than a hunch the first mate and his Skipper too will do their comfortable its like a kind of torture to have to watch the show the ship set ground on the shore of this uncharted desert isle with too the millionaire and his wife If you have a problem if no one else can help can hire Gilligan the Skipper.\r\n\r\nThe one day when the lady met this fellow and they knew it was much more than a hunch the first mate and his Skipper too will do their comfortable.', 'storelogo/logo2.png', '1) Truthahnfleisch 2) Farbstoff 3) mit Antioxidationsmittel 4) mit Geschmacksverstrker <br>5) Konservierungstoffe 6) geschwrzt 7) Koffeinhaltig 8) mit Sungsmitteln <br>9) enthlt eine Phenylalaninquelle 10) Stabilisator 11) Phosphatsure 12) Aroma<br>', 'a) glutenhaltiges Getreide b) Krebstiere&nbsp; c) Eier d) Fisch e) Erdnsse f) Soja g) Milch <br>h) Schalenfrchte i) Sellerie j) Senf k) Sesamsamen l) Schwefeldioxid m) Lupinen <br>n) Weichtiere<br>', 'Asia Hot Wok Lieferservice', '', 0.000000, 0.000000, 1, 'pizza-hot', 0),
	(3, 'Pizza Hot', 'Asia wok', 'Nidersachsen', 'Buchholz', '21244', '041819993338', '041819998883', '', 'www.nani70@hotmail.de', '', 'jetzt online Bestellen <br>', 'storelogo/2016-08-19_(3).png', '290 Bento 1 <br>', '290 Bento 1<br>', '', '', 0.000000, 0.000000, 1, 'asia-wok', 1),
	(4, 'Pizza Hot', 'Asia wok', 'Niedersachsen', 'Buchholz', '21244', '041819998883', '041819998883', '', 'www.nani70@hotmail.com', '', 'jetzt online Bestellen <br>', 'storelogo/logo1.png', '1) glutenhaltiges Getreide ; b) Krebstiere ; c) Eier ; d)Fisch ; e) Erdnsse<br>f)Soja ; g) Milch ; h) Schalenfrchte ; i) Sellerie ; Senf ; k) Sesamsamen <br>l) Schwefeldioxid ; m) Lupinen ; n) Weichtiere<br>', '1) Truthahnfleisch ; 2) Farbstoff ; 3) mit Antioxidationsmitel ; 4) mit Geschmacksverstrker <br>5) Konservierungsstoffe ; 6) geschwrzt ; 7) Koffeinhaltig ; 8) mit Ssungsmittel <br>9) enthlt eine Phenylalanquelle ; 10) Stabilisator ; 11) Phosphatsure ; 12) Aroma<br>', '', '', 0.000000, 0.000000, 1, 'asia-wok', 1),
	(5, 'Pizza Hot', 'Asia HOT Wok\r\nHeidekamp 48 \r\n21244 Buchholz i.d.N.', 'Niedersachsen', 'Buchholz', '21244', '041819993338', '041819993338', '', 'nani70@hotmail.com', '', 'Jetzt Online bestellen <br><br>Montag:&nbsp;&nbsp;&nbsp;&nbsp;&nbsp;&nbsp;&nbsp;&nbsp;&nbsp;&nbsp;&nbsp;&nbsp;&nbsp;&nbsp;&nbsp;&nbsp;&nbsp;&nbsp; &nbsp; &nbsp; Ruhetag<br>Dienstag - Samstag:&nbsp;&nbsp; 16.00 Uhr - 22.30 Uhr<br>Sonn- und Feiertage: 12.00 Uhr - 22.30 Uhr<br>', 'storelogo/logo4.png', '1) Truthahnfleisch 2) Farbstoff 3) mit Antioxidationsmittel 4) mit Geschmacksverstrker <br>5) Konservierungstoffe 6) geschwrzt 7) Koffeinhaltig 8) mit Ssungsmitteln <br>9) enthlt eine Phenylalaninquelle 10) Stabilisator 11) Phosphatsure 12) Aroma<br><b></b>', 'a) glutenhaltiges Getreide b) Krebstiere&nbsp; c) Eier d) Fisch e) Erdnsse f) Soja g) Milch <br>h) Schalenfrchte i) Sellerie j) Senf k) Sesamsamen l) Schwefeldioxid m) Lupinen <br>n) Weichtiere<br>', '', '', 0.000000, 0.000000, 1, 'asia-wok', 1);
/*!40000 ALTER TABLE `pz_store_setting` ENABLE KEYS */;

-- Dumping data for table aljoysgroup.settings: 16 rows
/*!40000 ALTER TABLE `settings` DISABLE KEYS */;
INSERT INTO `settings` (`pre_id`, `key`, `value`) VALUES
	(1, 'aathigamana_kadai', '2'),
	(2, 'is_pizza_store', '2'),
	(3, 'invoice_no', '2001'),
	(4, 'copyright', 'Contents subject to copyright'),
	(5, 'phone', '+04181/999 38 33'),
	(6, 'mail', 'frank@mahlich.de'),
	(7, 'facebook', ''),
	(8, 'twitter', ''),
	(9, 'googleplus', ''),
	(10, 'instagram', ''),
	(11, 'address', 'Frank Mahlich\nBahnhofstr. 37 f'),
	(12, 'phone_num_option', '+49 1575 8070365'),
	(13, 'number_of_category_list', '5'),
	(14, 'selfpickup', '15'),
	(15, 'selfpickup_offer_description', 'Angebot'),
	(16, 'happy_howers_offer', 'Happy Hour');
/*!40000 ALTER TABLE `settings` ENABLE KEYS */;

-- Dumping data for table aljoysgroup.users: 8 rows
/*!40000 ALTER TABLE `users` DISABLE KEYS */;
INSERT INTO `users` (`id`, `ip_address`, `username`, `password`, `salt`, `email`, `activation_code`, `forgotten_password_code`, `forgotten_password_time`, `remember_code`, `created_on`, `last_login`, `active`, `first_name`, `last_name`, `company`, `phone`, `user_photo`, `st_storeID`) VALUES
	(1, '127.0.0.1', 'administrator', '$2y$08$dfgsVS6Cr9Od4LkAFrGhGuoHRMK44FKTUgF9JkUyTtoRI1gwrWSnK', '', 'admin@admin.com', '', NULL, NULL, NULL, 1268889823, 1487331971, 1, 'Admin', 'istrator', 'ADMIN', '0', '', 0),
	(3, '49.207.185.56', NULL, '$2y$08$RZqbX6KKVePNmiadPt4bI.pRT/L3XKR97uLmJM6pmRzt.DeXkjzY6', NULL, 'alphasmytest@gmail.com', NULL, 'HaHp7PPZHIkmmk4VgA.iHuaf9d206d00a890e41e', 1470727490, NULL, 1470727347, NULL, 1, 'Testing', 'Alpha', NULL, '9047713412', '', 1),
	(4, '49.207.185.56', 'info@icgc.de', '$2y$08$Ip2nBN2iXPZRfUCqGIIqe.iZuLpFGnGIM2fFAw9uWeyN3IaDzYSS2', NULL, 'info@icgc.de', NULL, NULL, NULL, '2F9t5vvGc9AO3.CKnw8RlO', 1470746884, 1493704780, 1, 'Pizza Hot', NULL, 'Asia wok', '041819993338', '', 2),
	(10, '49.207.181.87', NULL, '$2y$08$D4DTaU45Ycorl5daACDkv.r4VSb6y.HIccnUwl7ZbkDzsASAIUKhu', NULL, 'ganesh@alphasoftz.com', NULL, NULL, NULL, NULL, 1487331880, 1568568954, 1, 'Raja', 'lll', NULL, '', '', 0),
	(11, '::1', 'jrads@info.com', '$2y$08$dfgsVS6Cr9Od4LkAFrGhGuoHRMK44FKTUgF9JkUyTtoRI1gwrWSnK', NULL, 'jrads@info.com', NULL, NULL, NULL, NULL, 1546234406, 1595090353, 1, 'JRADS', 'info', NULL, '04425255', '~cdn/photoStaffs/userimg.jpg', 0),
	(12, '::1', 'admin', '$2y$08$Yc6Q76Iou14Nmgbyf7y.Wec8ggh1ONh0bKxenXC/usuhcDS198ShW', NULL, 'pizza@info.com', NULL, NULL, NULL, NULL, 1546235613, 1551112345, 1, 'jaga', 'selvam', NULL, '55522555', '', 0),
	(32, '::1', 'demouser@gmail.com', '$2y$08$dfgsVS6Cr9Od4LkAFrGhGuoHRMK44FKTUgF9JkUyTtoRI1gwrWSnK', NULL, 'demouser@gmail.com', NULL, NULL, NULL, NULL, 1569126071, 1570349579, 1, 'Demo', 'user2', NULL, '0442252222', '~cdn/photoStaffs/profile-menu-image6.png', 0),
	(33, '::1', 'demouser2@gmail.com', '$2y$08$dfgsVS6Cr9Od4LkAFrGhGuoHRMK44FKTUgF9JkUyTtoRI1gwrWSnK', NULL, 'demouser2@gmail.com', NULL, NULL, NULL, NULL, 1569128729, 1570351187, 1, 'demo2', 'use2', NULL, '65646646', '~cdn/photoStaffs/profile-menu-image7.png', 0);
/*!40000 ALTER TABLE `users` ENABLE KEYS */;

-- Dumping data for table aljoysgroup.users_favorites_label: 0 rows
/*!40000 ALTER TABLE `users_favorites_label` DISABLE KEYS */;
/*!40000 ALTER TABLE `users_favorites_label` ENABLE KEYS */;

-- Dumping data for table aljoysgroup.users_groups: 11 rows
/*!40000 ALTER TABLE `users_groups` DISABLE KEYS */;
INSERT INTO `users_groups` (`id`, `user_id`, `group_id`) VALUES
	(1, 1, 1),
	(2, 1, 2),
	(4, 3, 2),
	(5, 4, 2),
	(11, 10, 3),
	(12, 11, 1),
	(13, 12, 3),
	(81, 32, 2),
	(82, 32, 3),
	(83, 32, 5),
	(84, 33, 3);
/*!40000 ALTER TABLE `users_groups` ENABLE KEYS */;

-- Dumping data for table aljoysgroup.user_admin_group: 8 rows
/*!40000 ALTER TABLE `user_admin_group` DISABLE KEYS */;
INSERT INTO `user_admin_group` (`admin_group_id`, `user_id`, `group_id`) VALUES
	(16, 11, 1),
	(20, 5, 2),
	(21, 31, 2),
	(22, 31, 3),
	(92, 32, 2),
	(93, 32, 3),
	(94, 32, 5),
	(95, 33, 3);
/*!40000 ALTER TABLE `user_admin_group` ENABLE KEYS */;

-- Dumping data for table aljoysgroup.user_group_module: 105 rows
/*!40000 ALTER TABLE `user_group_module` DISABLE KEYS */;
INSERT INTO `user_group_module` (`group_module_id`, `group_id`, `module_id`) VALUES
	(21, 3, 32),
	(832, 2, 50),
	(831, 2, 49),
	(830, 2, 48),
	(829, 2, 47),
	(828, 2, 46),
	(292, 3, 32),
	(293, 3, 31),
	(294, 3, 32),
	(295, 3, 31),
	(297, 3, 32),
	(298, 3, 31),
	(299, 3, 33),
	(300, 3, 32),
	(301, 3, 31),
	(302, 3, 33),
	(827, 2, 45),
	(826, 2, 44),
	(825, 2, 43),
	(824, 2, 93),
	(823, 2, 91),
	(822, 2, 90),
	(821, 2, 89),
	(820, 2, 88),
	(819, 2, 87),
	(818, 2, 86),
	(817, 2, 85),
	(816, 2, 42),
	(815, 2, 41),
	(814, 2, 40),
	(813, 2, 39),
	(812, 2, 38),
	(811, 2, 37),
	(810, 2, 33),
	(809, 2, 31),
	(808, 2, 32),
	(807, 2, 56),
	(806, 2, 55),
	(805, 2, 54),
	(804, 2, 53),
	(803, 2, 29),
	(802, 2, 150),
	(801, 2, 149),
	(800, 2, 148),
	(799, 2, 147),
	(798, 2, 146),
	(797, 2, 35),
	(796, 2, 108),
	(795, 2, 107),
	(794, 2, 34),
	(337, 3, 34),
	(338, 3, 32),
	(339, 3, 31),
	(340, 3, 33),
	(439, 6, 34),
	(440, 6, 35),
	(441, 6, 116),
	(442, 6, 117),
	(443, 6, 118),
	(444, 6, 119),
	(445, 6, 120),
	(446, 6, 121),
	(447, 6, 124),
	(448, 6, 125),
	(449, 6, 126),
	(450, 6, 127),
	(451, 6, 122),
	(452, 6, 131),
	(453, 6, 130),
	(454, 6, 129),
	(455, 6, 128),
	(456, 6, 123),
	(457, 6, 132),
	(458, 6, 133),
	(459, 6, 134),
	(460, 6, 135),
	(2022, 1, 176),
	(2021, 1, 175),
	(2020, 1, 174),
	(2019, 1, 179),
	(2018, 1, 178),
	(2017, 1, 177),
	(2016, 1, 173),
	(2015, 1, 172),
	(2014, 1, 171),
	(2013, 1, 170),
	(2012, 1, 169),
	(2011, 1, 168),
	(2010, 1, 167),
	(2009, 1, 166),
	(2008, 1, 165),
	(2007, 1, 164),
	(2006, 1, 163),
	(2005, 1, 162),
	(2004, 1, 161),
	(2003, 1, 160),
	(2002, 1, 159),
	(2001, 1, 158),
	(2000, 1, 157),
	(1999, 1, 156),
	(1998, 1, 155),
	(1997, 1, 154),
	(1996, 1, 153),
	(1995, 1, 152),
	(1994, 1, 151);
/*!40000 ALTER TABLE `user_group_module` ENABLE KEYS */;

/*!40101 SET SQL_MODE=IFNULL(@OLD_SQL_MODE, '') */;
/*!40014 SET FOREIGN_KEY_CHECKS=IF(@OLD_FOREIGN_KEY_CHECKS IS NULL, 1, @OLD_FOREIGN_KEY_CHECKS) */;
/*!40101 SET CHARACTER_SET_CLIENT=@OLD_CHARACTER_SET_CLIENT */;
