-- phpMyAdmin SQL Dump
-- version 4.9.2
-- https://www.phpmyadmin.net/
--
-- Host: 127.0.0.1:3306
-- Generation Time: Jul 26, 2020 at 04:07 PM
-- Server version: 10.4.10-MariaDB
-- PHP Version: 7.0.33

SET SQL_MODE = "NO_AUTO_VALUE_ON_ZERO";
SET AUTOCOMMIT = 0;
START TRANSACTION;
SET time_zone = "+00:00";


/*!40101 SET @OLD_CHARACTER_SET_CLIENT=@@CHARACTER_SET_CLIENT */;
/*!40101 SET @OLD_CHARACTER_SET_RESULTS=@@CHARACTER_SET_RESULTS */;
/*!40101 SET @OLD_COLLATION_CONNECTION=@@COLLATION_CONNECTION */;
/*!40101 SET NAMES utf8mb4 */;

--
-- Database: `pqr`
--

-- --------------------------------------------------------

--
-- Table structure for table `all_no_generater`
--

DROP TABLE IF EXISTS `all_no_generater`;
CREATE TABLE IF NOT EXISTS `all_no_generater` (
  `all_no_generater_id` int(11) NOT NULL AUTO_INCREMENT,
  `name` varchar(250) NOT NULL,
  `field` varchar(250) NOT NULL,
  `prefix` varchar(250) NOT NULL,
  `sufix` varchar(250) NOT NULL,
  `sequence_no` int(11) NOT NULL,
  `financial_status` tinyint(1) NOT NULL,
  `financial_beginning` tinyint(1) NOT NULL,
  `financial_before_s_no` tinyint(1) NOT NULL,
  `financial_after_s_no` tinyint(1) NOT NULL,
  `financial_end` tinyint(1) NOT NULL,
  `created_by` varchar(50) NOT NULL,
  `created_date` datetime NOT NULL,
  `updated_by` varchar(50) NOT NULL,
  `updated_date` datetime NOT NULL,
  `del_status` tinyint(4) NOT NULL DEFAULT 0,
  PRIMARY KEY (`all_no_generater_id`)
) ENGINE=InnoDB AUTO_INCREMENT=7 DEFAULT CHARSET=latin1;

--
-- Dumping data for table `all_no_generater`
--

INSERT INTO `all_no_generater` (`all_no_generater_id`, `name`, `field`, `prefix`, `sufix`, `sequence_no`, `financial_status`, `financial_beginning`, `financial_before_s_no`, `financial_after_s_no`, `financial_end`, `created_by`, `created_date`, `updated_by`, `updated_date`, `del_status`) VALUES
(1, 'Welder Ref No', 'welder_ref_no', 'DIM-', '', 346, 0, 0, 1, 0, 0, '2147484849', '0000-00-00 00:00:00', '565406348', '2017-02-11 13:14:42', 0),
(2, 'Batch Ref No', 'batch_ref_no', '', '', 563554, 0, 0, 1, 0, 0, '2147484849', '0000-00-00 00:00:00', '565406348', '2016-11-11 14:37:09', 0),
(3, 'Invoice', 'in_no', '', '', 216, 0, 0, 0, 0, 0, '2147484849', '2016-03-28 22:14:36', '565406348', '2017-02-04 10:30:20', 0),
(4, 'delivery challan', 'dc_no', '', '', 3001, 0, 0, 0, 0, 0, '2147484849', '2016-03-28 22:14:36', '565406348', '2017-01-31 16:12:35', 0),
(5, 'Customer No', 'cm_no', 'CMP-', '10017', 8803, 0, 0, 0, 0, 0, '2147484849', '2016-03-28 22:14:36', '565406348', '2016-09-06 14:38:26', 0),
(6, 'Employe No', 'emp_no', 'EMP-', '10016', 6, 0, 0, 0, 0, 0, '2147484849', '2016-10-27 04:15:17', '2147484849', '2016-10-27 04:15:17', 0);

-- --------------------------------------------------------

--
-- Table structure for table `ci_sessions`
--

DROP TABLE IF EXISTS `ci_sessions`;
CREATE TABLE IF NOT EXISTS `ci_sessions` (
  `id` varchar(40) NOT NULL,
  `ip_address` varchar(45) NOT NULL,
  `timestamp` int(10) UNSIGNED NOT NULL DEFAULT 0,
  `data` blob NOT NULL,
  PRIMARY KEY (`id`),
  KEY `ci_sessions_timestamp` (`timestamp`)
) ENGINE=MyISAM DEFAULT CHARSET=utf8;

--
-- Dumping data for table `ci_sessions`
--

INSERT INTO `ci_sessions` (`id`, `ip_address`, `timestamp`, `data`) VALUES
('770f2194e981be10a8de69cb3d763f04cb273da8', '::1', 1582630259, 0x5f5f63695f6c6173745f726567656e65726174657c693a313538323633303235363b63757272656e745f6c616e67756167657c733a373a22656e676c697368223b6964656e746974797c733a31343a226a7261647340696e666f2e636f6d223b656d61696c7c733a31343a226a7261647340696e666f2e636f6d223b757365725f69647c733a323a223131223b6f6c645f6c6173745f6c6f67696e7c733a31303a2231353832363131323231223b73745f73746f726549447c733a313a2230223b),
('7e25076f27f7d0dd43de6a4ca4edf76f6bee5c69', '::1', 1582629503, 0x5f5f63695f6c6173745f726567656e65726174657c693a313538323632393530333b),
('bd9e1170924c770733794095feb46667000aafce', '::1', 1582630256, 0x5f5f63695f6c6173745f726567656e65726174657c693a313538323633303235363b63757272656e745f6c616e67756167657c733a373a22656e676c697368223b6964656e746974797c733a31343a226a7261647340696e666f2e636f6d223b656d61696c7c733a31343a226a7261647340696e666f2e636f6d223b757365725f69647c733a323a223131223b6f6c645f6c6173745f6c6f67696e7c733a31303a2231353832363131323231223b73745f73746f726549447c733a313a2230223b),
('6f44ca1085c2e64e8222ac3a02753c2c1b7c820b', '::1', 1582613802, 0x5f5f63695f6c6173745f726567656e65726174657c693a313538323631333537323b63757272656e745f6c616e67756167657c733a373a22656e676c697368223b6964656e746974797c733a31343a226a7261647340696e666f2e636f6d223b656d61696c7c733a31343a226a7261647340696e666f2e636f6d223b757365725f69647c733a323a223131223b6f6c645f6c6173745f6c6f67696e7c733a31303a2231353832353630343139223b73745f73746f726549447c733a313a2230223b),
('8edc28bbdb8995065b1d0c9f6bc8b1b46b2352bd', '::1', 1582613572, 0x5f5f63695f6c6173745f726567656e65726174657c693a313538323631333537323b63757272656e745f6c616e67756167657c733a373a22656e676c697368223b6964656e746974797c733a31343a226a7261647340696e666f2e636f6d223b656d61696c7c733a31343a226a7261647340696e666f2e636f6d223b757365725f69647c733a323a223131223b6f6c645f6c6173745f6c6f67696e7c733a31303a2231353832353630343139223b73745f73746f726549447c733a313a2230223b),
('8ae3a0c9181146a9205fd925ac2317efc0ed7a54', '::1', 1582613169, 0x5f5f63695f6c6173745f726567656e65726174657c693a313538323631333136393b63757272656e745f6c616e67756167657c733a373a22656e676c697368223b6964656e746974797c733a31343a226a7261647340696e666f2e636f6d223b656d61696c7c733a31343a226a7261647340696e666f2e636f6d223b757365725f69647c733a323a223131223b6f6c645f6c6173745f6c6f67696e7c733a31303a2231353832353630343139223b73745f73746f726549447c733a313a2230223b),
('00c6c81f0fc0ff8bad10fe77b947d92a6ce6c821', '::1', 1582612804, 0x5f5f63695f6c6173745f726567656e65726174657c693a313538323631323830343b63757272656e745f6c616e67756167657c733a373a22656e676c697368223b6964656e746974797c733a31343a226a7261647340696e666f2e636f6d223b656d61696c7c733a31343a226a7261647340696e666f2e636f6d223b757365725f69647c733a323a223131223b6f6c645f6c6173745f6c6f67696e7c733a31303a2231353832353630343139223b73745f73746f726549447c733a313a2230223b),
('5ee59d9e6bd61bc49e9474cc05fc112fa889a03c', '::1', 1582564912, 0x5f5f63695f6c6173745f726567656e65726174657c693a313538323536343733383b63757272656e745f6c616e67756167657c733a373a22656e676c697368223b6964656e746974797c733a31343a226a7261647340696e666f2e636f6d223b656d61696c7c733a31343a226a7261647340696e666f2e636f6d223b757365725f69647c733a323a223131223b6f6c645f6c6173745f6c6f67696e7c733a31303a2231353832353536393633223b73745f73746f726549447c733a313a2230223b),
('e8493cd8f31387ec42f89ac3366807d8cdc01199', '::1', 1582564738, 0x5f5f63695f6c6173745f726567656e65726174657c693a313538323536343733383b63757272656e745f6c616e67756167657c733a373a22656e676c697368223b6964656e746974797c733a31343a226a7261647340696e666f2e636f6d223b656d61696c7c733a31343a226a7261647340696e666f2e636f6d223b757365725f69647c733a323a223131223b6f6c645f6c6173745f6c6f67696e7c733a31303a2231353832353536393633223b73745f73746f726549447c733a313a2230223b),
('84b6e0e264df97a2ed44e53a8dccf106e29e1807', '::1', 1582564436, 0x5f5f63695f6c6173745f726567656e65726174657c693a313538323536343433363b63757272656e745f6c616e67756167657c733a373a22656e676c697368223b6964656e746974797c733a31343a226a7261647340696e666f2e636f6d223b656d61696c7c733a31343a226a7261647340696e666f2e636f6d223b757365725f69647c733a323a223131223b6f6c645f6c6173745f6c6f67696e7c733a31303a2231353832353536393633223b73745f73746f726549447c733a313a2230223b),
('da8e640093534059ca7d8595b1531b4599fcb079', '::1', 1582563630, 0x5f5f63695f6c6173745f726567656e65726174657c693a313538323536333633303b63757272656e745f6c616e67756167657c733a373a22656e676c697368223b6964656e746974797c733a31343a226a7261647340696e666f2e636f6d223b656d61696c7c733a31343a226a7261647340696e666f2e636f6d223b757365725f69647c733a323a223131223b6f6c645f6c6173745f6c6f67696e7c733a31303a2231353832353536393633223b73745f73746f726549447c733a313a2230223b),
('7c7176e4ca8a8cba952aebcf1bc7637bab6cbc6d', '::1', 1582562688, 0x5f5f63695f6c6173745f726567656e65726174657c693a313538323536323638383b63757272656e745f6c616e67756167657c733a373a22656e676c697368223b6964656e746974797c733a31343a226a7261647340696e666f2e636f6d223b656d61696c7c733a31343a226a7261647340696e666f2e636f6d223b757365725f69647c733a323a223131223b6f6c645f6c6173745f6c6f67696e7c733a31303a2231353832353536393633223b73745f73746f726549447c733a313a2230223b),
('a2475bc51aa9916770794bf3d96a2ab90c14bea3', '::1', 1582563190, 0x5f5f63695f6c6173745f726567656e65726174657c693a313538323536333139303b63757272656e745f6c616e67756167657c733a373a22656e676c697368223b6964656e746974797c733a31343a226a7261647340696e666f2e636f6d223b656d61696c7c733a31343a226a7261647340696e666f2e636f6d223b757365725f69647c733a323a223131223b6f6c645f6c6173745f6c6f67696e7c733a31303a2231353832353536393633223b73745f73746f726549447c733a313a2230223b),
('cccf3fa5c12f8dddbaf0a7ad53783534edffa024', '::1', 1582561769, 0x5f5f63695f6c6173745f726567656e65726174657c693a313538323536313736393b63757272656e745f6c616e67756167657c733a373a22656e676c697368223b6964656e746974797c733a31343a226a7261647340696e666f2e636f6d223b656d61696c7c733a31343a226a7261647340696e666f2e636f6d223b757365725f69647c733a323a223131223b6f6c645f6c6173745f6c6f67696e7c733a31303a2231353832353536393633223b73745f73746f726549447c733a313a2230223b),
('c225ce42ef1d9dfa7cabe391fe9b1b0f68d32a58', '::1', 1582561097, 0x5f5f63695f6c6173745f726567656e65726174657c693a313538323536313039373b63757272656e745f6c616e67756167657c733a373a22656e676c697368223b6964656e746974797c733a31343a226a7261647340696e666f2e636f6d223b656d61696c7c733a31343a226a7261647340696e666f2e636f6d223b757365725f69647c733a323a223131223b6f6c645f6c6173745f6c6f67696e7c733a31303a2231353832353536393633223b73745f73746f726549447c733a313a2230223b),
('becb30b1af11d3c3310f539300d74d321b24da22', '::1', 1582559732, 0x5f5f63695f6c6173745f726567656e65726174657c693a313538323535393632353b63757272656e745f6c616e67756167657c733a373a22656e676c697368223b6964656e746974797c733a31343a226a7261647340696e666f2e636f6d223b656d61696c7c733a31343a226a7261647340696e666f2e636f6d223b757365725f69647c733a323a223131223b6f6c645f6c6173745f6c6f67696e7c733a31303a2231353832353436303230223b73745f73746f726549447c733a313a2230223b),
('9533e10a47105ce0ab3f835e5342813ed8bc24f9', '::1', 1582559625, 0x5f5f63695f6c6173745f726567656e65726174657c693a313538323535393632353b63757272656e745f6c616e67756167657c733a373a22656e676c697368223b6964656e746974797c733a31343a226a7261647340696e666f2e636f6d223b656d61696c7c733a31343a226a7261647340696e666f2e636f6d223b757365725f69647c733a323a223131223b6f6c645f6c6173745f6c6f67696e7c733a31303a2231353832353436303230223b73745f73746f726549447c733a313a2230223b),
('e8ee93df72611d87b0ae82b5e3dce6a9a2c9bd1b', '::1', 1582559283, 0x5f5f63695f6c6173745f726567656e65726174657c693a313538323535393238333b63757272656e745f6c616e67756167657c733a373a22656e676c697368223b6964656e746974797c733a31343a226a7261647340696e666f2e636f6d223b656d61696c7c733a31343a226a7261647340696e666f2e636f6d223b757365725f69647c733a323a223131223b6f6c645f6c6173745f6c6f67696e7c733a31303a2231353832353436303230223b73745f73746f726549447c733a313a2230223b),
('154bfc553e0b64f8dea59db9dd2b366dc5631462', '::1', 1582535372, 0x5f5f63695f6c6173745f726567656e65726174657c693a313538323533353337323b63757272656e745f6c616e67756167657c733a373a22656e676c697368223b6964656e746974797c733a31343a226a7261647340696e666f2e636f6d223b656d61696c7c733a31343a226a7261647340696e666f2e636f6d223b757365725f69647c733a323a223131223b6f6c645f6c6173745f6c6f67696e7c733a31303a2231353832343735343234223b73745f73746f726549447c733a313a2230223b),
('36b7c8af30a9a69645fb2aeb2b331330edf2e5b5', '::1', 1582558446, 0x5f5f63695f6c6173745f726567656e65726174657c693a313538323535383434363b63757272656e745f6c616e67756167657c733a373a22656e676c697368223b6964656e746974797c733a31343a226a7261647340696e666f2e636f6d223b656d61696c7c733a31343a226a7261647340696e666f2e636f6d223b757365725f69647c733a323a223131223b6f6c645f6c6173745f6c6f67696e7c733a31303a2231353832353436303230223b73745f73746f726549447c733a313a2230223b),
('578412b1aa4e7d8c164f35346f9b476ce3524b5d', '::1', 1582535046, 0x5f5f63695f6c6173745f726567656e65726174657c693a313538323533353034363b63757272656e745f6c616e67756167657c733a373a22656e676c697368223b6964656e746974797c733a31343a226a7261647340696e666f2e636f6d223b656d61696c7c733a31343a226a7261647340696e666f2e636f6d223b757365725f69647c733a323a223131223b6f6c645f6c6173745f6c6f67696e7c733a31303a2231353832343735343234223b73745f73746f726549447c733a313a2230223b),
('bc1d571c5ab18b700bdb2fe7893b825a5bcc0f53', '::1', 1582535843, 0x5f5f63695f6c6173745f726567656e65726174657c693a313538323533353834333b63757272656e745f6c616e67756167657c733a373a22656e676c697368223b6964656e746974797c733a31343a226a7261647340696e666f2e636f6d223b656d61696c7c733a31343a226a7261647340696e666f2e636f6d223b757365725f69647c733a323a223131223b6f6c645f6c6173745f6c6f67696e7c733a31303a2231353832343735343234223b73745f73746f726549447c733a313a2230223b),
('a2bf27b464d4fd7d9b3fc83f51008221339753cc', '::1', 1582535952, 0x5f5f63695f6c6173745f726567656e65726174657c693a313538323533353834333b63757272656e745f6c616e67756167657c733a373a22656e676c697368223b6964656e746974797c733a31343a226a7261647340696e666f2e636f6d223b656d61696c7c733a31343a226a7261647340696e666f2e636f6d223b757365725f69647c733a323a223131223b6f6c645f6c6173745f6c6f67696e7c733a31303a2231353832343735343234223b73745f73746f726549447c733a313a2230223b),
('4d018b7ddc77dc3a019ba63e8337d12d7451a9a6', '::1', 1582546316, 0x5f5f63695f6c6173745f726567656e65726174657c693a313538323534363331363b63757272656e745f6c616e67756167657c733a373a22656e676c697368223b6964656e746974797c733a31343a226a7261647340696e666f2e636f6d223b656d61696c7c733a31343a226a7261647340696e666f2e636f6d223b757365725f69647c733a323a223131223b6f6c645f6c6173745f6c6f67696e7c733a31303a2231353832353334353632223b73745f73746f726549447c733a313a2230223b),
('2fbcb11c73d48aadb7cfe891fa1b6f0492b39b4b', '::1', 1582546741, 0x5f5f63695f6c6173745f726567656e65726174657c693a313538323534363734313b63757272656e745f6c616e67756167657c733a373a22656e676c697368223b6964656e746974797c733a31343a226a7261647340696e666f2e636f6d223b656d61696c7c733a31343a226a7261647340696e666f2e636f6d223b757365725f69647c733a323a223131223b6f6c645f6c6173745f6c6f67696e7c733a31303a2231353832353334353632223b73745f73746f726549447c733a313a2230223b),
('aead93abcfc4c2577a5ba78af0ba057128ef8b32', '::1', 1582546888, 0x5f5f63695f6c6173745f726567656e65726174657c693a313538323534363734313b63757272656e745f6c616e67756167657c733a373a22656e676c697368223b6964656e746974797c733a31343a226a7261647340696e666f2e636f6d223b656d61696c7c733a31343a226a7261647340696e666f2e636f6d223b757365725f69647c733a323a223131223b6f6c645f6c6173745f6c6f67696e7c733a31303a2231353832353334353632223b73745f73746f726549447c733a313a2230223b),
('0536a1f80ff9e4de6382851d6f125fa77ebf6cd9', '::1', 1582557253, 0x5f5f63695f6c6173745f726567656e65726174657c693a313538323535373235333b63757272656e745f6c616e67756167657c733a373a22656e676c697368223b6964656e746974797c733a31343a226a7261647340696e666f2e636f6d223b656d61696c7c733a31343a226a7261647340696e666f2e636f6d223b757365725f69647c733a323a223131223b6f6c645f6c6173745f6c6f67696e7c733a31303a2231353832353436303230223b73745f73746f726549447c733a313a2230223b),
('c06b6744f680d19fa75cc2907a836fc903145e45', '::1', 1582557615, 0x5f5f63695f6c6173745f726567656e65726174657c693a313538323535373631353b63757272656e745f6c616e67756167657c733a373a22656e676c697368223b6964656e746974797c733a31343a226a7261647340696e666f2e636f6d223b656d61696c7c733a31343a226a7261647340696e666f2e636f6d223b757365725f69647c733a323a223131223b6f6c645f6c6173745f6c6f67696e7c733a31303a2231353832353436303230223b73745f73746f726549447c733a313a2230223b),
('97a36df5057e9a0c5cca1491345fad7e0d5bc8c0', '::1', 1582557994, 0x5f5f63695f6c6173745f726567656e65726174657c693a313538323535373939343b63757272656e745f6c616e67756167657c733a373a22656e676c697368223b6964656e746974797c733a31343a226a7261647340696e666f2e636f6d223b656d61696c7c733a31343a226a7261647340696e666f2e636f6d223b757365725f69647c733a323a223131223b6f6c645f6c6173745f6c6f67696e7c733a31303a2231353832353436303230223b73745f73746f726549447c733a313a2230223b),
('1eed411101750525f07ca440a892ebd6047edf58', '::1', 1582737619, 0x5f5f63695f6c6173745f726567656e65726174657c693a313538323733373431353b63757272656e745f6c616e67756167657c733a373a22656e676c697368223b6964656e746974797c733a31343a226a7261647340696e666f2e636f6d223b656d61696c7c733a31343a226a7261647340696e666f2e636f6d223b757365725f69647c733a323a223131223b6f6c645f6c6173745f6c6f67696e7c733a31303a2231353832363239353034223b73745f73746f726549447c733a313a2230223b),
('1ad8ea135e66f11da7479abd207dbea50545480d', '::1', 1582782047, 0x5f5f63695f6c6173745f726567656e65726174657c693a313538323738323034373b63757272656e745f6c616e67756167657c733a373a22656e676c697368223b6964656e746974797c733a31343a226a7261647340696e666f2e636f6d223b656d61696c7c733a31343a226a7261647340696e666f2e636f6d223b757365725f69647c733a323a223131223b6f6c645f6c6173745f6c6f67696e7c733a31303a2231353832373337353630223b73745f73746f726549447c733a313a2230223b),
('5063f765ce4ce89df8638868f1f6cf29ea26bd87', '::1', 1582782386, 0x5f5f63695f6c6173745f726567656e65726174657c693a313538323738323338363b63757272656e745f6c616e67756167657c733a373a22656e676c697368223b6964656e746974797c733a31343a226a7261647340696e666f2e636f6d223b656d61696c7c733a31343a226a7261647340696e666f2e636f6d223b757365725f69647c733a323a223131223b6f6c645f6c6173745f6c6f67696e7c733a31303a2231353832373337353630223b73745f73746f726549447c733a313a2230223b),
('4fb19169d0d76bcbdbdb52afc5ddeaacf51ff954', '::1', 1582782973, 0x5f5f63695f6c6173745f726567656e65726174657c693a313538323738323937333b63757272656e745f6c616e67756167657c733a373a22656e676c697368223b6964656e746974797c733a31343a226a7261647340696e666f2e636f6d223b656d61696c7c733a31343a226a7261647340696e666f2e636f6d223b757365725f69647c733a323a223131223b6f6c645f6c6173745f6c6f67696e7c733a31303a2231353832373337353630223b73745f73746f726549447c733a313a2230223b),
('c4aa2173b8976c42d16e3ce0ab9c9be079439eee', '::1', 1582783602, 0x5f5f63695f6c6173745f726567656e65726174657c693a313538323738333630323b63757272656e745f6c616e67756167657c733a373a22656e676c697368223b6964656e746974797c733a31343a226a7261647340696e666f2e636f6d223b656d61696c7c733a31343a226a7261647340696e666f2e636f6d223b757365725f69647c733a323a223131223b6f6c645f6c6173745f6c6f67696e7c733a31303a2231353832373337353630223b73745f73746f726549447c733a313a2230223b),
('54bfe19a7a25cffe2220fc363b3624e871abbd04', '::1', 1582783913, 0x5f5f63695f6c6173745f726567656e65726174657c693a313538323738333931333b63757272656e745f6c616e67756167657c733a373a22656e676c697368223b6964656e746974797c733a31343a226a7261647340696e666f2e636f6d223b656d61696c7c733a31343a226a7261647340696e666f2e636f6d223b757365725f69647c733a323a223131223b6f6c645f6c6173745f6c6f67696e7c733a31303a2231353832373337353630223b73745f73746f726549447c733a313a2230223b),
('5798860d3fdea8d7f156a9b3a01c86c78288cb93', '::1', 1582784403, 0x5f5f63695f6c6173745f726567656e65726174657c693a313538323738343430333b63757272656e745f6c616e67756167657c733a373a22656e676c697368223b6964656e746974797c733a31343a226a7261647340696e666f2e636f6d223b656d61696c7c733a31343a226a7261647340696e666f2e636f6d223b757365725f69647c733a323a223131223b6f6c645f6c6173745f6c6f67696e7c733a31303a2231353832373337353630223b73745f73746f726549447c733a313a2230223b),
('5b939cbde2f3f73a3fee2dcbcaebff7bae47055c', '::1', 1582784789, 0x5f5f63695f6c6173745f726567656e65726174657c693a313538323738343738393b63757272656e745f6c616e67756167657c733a373a22656e676c697368223b6964656e746974797c733a31343a226a7261647340696e666f2e636f6d223b656d61696c7c733a31343a226a7261647340696e666f2e636f6d223b757365725f69647c733a323a223131223b6f6c645f6c6173745f6c6f67696e7c733a31303a2231353832373337353630223b73745f73746f726549447c733a313a2230223b),
('a2dd7b94c9aeb0d311feb10e8429a8e6654b3234', '::1', 1582785277, 0x5f5f63695f6c6173745f726567656e65726174657c693a313538323738353237373b63757272656e745f6c616e67756167657c733a373a22656e676c697368223b6964656e746974797c733a31343a226a7261647340696e666f2e636f6d223b656d61696c7c733a31343a226a7261647340696e666f2e636f6d223b757365725f69647c733a323a223131223b6f6c645f6c6173745f6c6f67696e7c733a31303a2231353832373337353630223b73745f73746f726549447c733a313a2230223b),
('43e04d0da6506ab99cd982157217126a405b25de', '::1', 1582788367, 0x5f5f63695f6c6173745f726567656e65726174657c693a313538323738383336373b63757272656e745f6c616e67756167657c733a373a22656e676c697368223b6964656e746974797c733a31343a226a7261647340696e666f2e636f6d223b656d61696c7c733a31343a226a7261647340696e666f2e636f6d223b757365725f69647c733a323a223131223b6f6c645f6c6173745f6c6f67696e7c733a31303a2231353832373337353630223b73745f73746f726549447c733a313a2230223b),
('eb77e0099b9e99b6225915267a5b092a696fd47d', '::1', 1582788782, 0x5f5f63695f6c6173745f726567656e65726174657c693a313538323738383738323b63757272656e745f6c616e67756167657c733a373a22656e676c697368223b6964656e746974797c733a31343a226a7261647340696e666f2e636f6d223b656d61696c7c733a31343a226a7261647340696e666f2e636f6d223b757365725f69647c733a323a223131223b6f6c645f6c6173745f6c6f67696e7c733a31303a2231353832373337353630223b73745f73746f726549447c733a313a2230223b),
('159b16738eb3a64890a02518b5c8bc9f1cd9176b', '::1', 1582791588, 0x5f5f63695f6c6173745f726567656e65726174657c693a313538323739313538383b63757272656e745f6c616e67756167657c733a373a22656e676c697368223b6964656e746974797c733a31343a226a7261647340696e666f2e636f6d223b656d61696c7c733a31343a226a7261647340696e666f2e636f6d223b757365725f69647c733a323a223131223b6f6c645f6c6173745f6c6f67696e7c733a31303a2231353832373337353630223b73745f73746f726549447c733a313a2230223b),
('5789f44bd10503833dccb09f8ae3297a80a25858', '::1', 1582791902, 0x5f5f63695f6c6173745f726567656e65726174657c693a313538323739313930323b63757272656e745f6c616e67756167657c733a373a22656e676c697368223b6964656e746974797c733a31343a226a7261647340696e666f2e636f6d223b656d61696c7c733a31343a226a7261647340696e666f2e636f6d223b757365725f69647c733a323a223131223b6f6c645f6c6173745f6c6f67696e7c733a31303a2231353832373337353630223b73745f73746f726549447c733a313a2230223b),
('83838419d62e64ba3dac525e410e9a0f7ce7a9d1', '::1', 1582794496, 0x5f5f63695f6c6173745f726567656e65726174657c693a313538323739343439363b63757272656e745f6c616e67756167657c733a373a22656e676c697368223b6964656e746974797c733a31343a226a7261647340696e666f2e636f6d223b656d61696c7c733a31343a226a7261647340696e666f2e636f6d223b757365725f69647c733a323a223131223b6f6c645f6c6173745f6c6f67696e7c733a31303a2231353832373337353630223b73745f73746f726549447c733a313a2230223b),
('f1abafda68e8a2720e6c355acf3a47224091d8f9', '::1', 1582795155, 0x5f5f63695f6c6173745f726567656e65726174657c693a313538323739353135353b63757272656e745f6c616e67756167657c733a373a22656e676c697368223b6964656e746974797c733a31343a226a7261647340696e666f2e636f6d223b656d61696c7c733a31343a226a7261647340696e666f2e636f6d223b757365725f69647c733a323a223131223b6f6c645f6c6173745f6c6f67696e7c733a31303a2231353832373337353630223b73745f73746f726549447c733a313a2230223b),
('211a85b170ee0502bbd1818b7a85d79dd62a2df3', '::1', 1582795474, 0x5f5f63695f6c6173745f726567656e65726174657c693a313538323739353437343b63757272656e745f6c616e67756167657c733a373a22656e676c697368223b6964656e746974797c733a31343a226a7261647340696e666f2e636f6d223b656d61696c7c733a31343a226a7261647340696e666f2e636f6d223b757365725f69647c733a323a223131223b6f6c645f6c6173745f6c6f67696e7c733a31303a2231353832373337353630223b73745f73746f726549447c733a313a2230223b),
('75700d66a761987db1967bb02c1d3214b271a7a1', '::1', 1582795782, 0x5f5f63695f6c6173745f726567656e65726174657c693a313538323739353738323b63757272656e745f6c616e67756167657c733a373a22656e676c697368223b6964656e746974797c733a31343a226a7261647340696e666f2e636f6d223b656d61696c7c733a31343a226a7261647340696e666f2e636f6d223b757365725f69647c733a323a223131223b6f6c645f6c6173745f6c6f67696e7c733a31303a2231353832373337353630223b73745f73746f726549447c733a313a2230223b),
('7b1266481328849e6e58f9c6baa0f169cd73b29b', '::1', 1582796437, 0x5f5f63695f6c6173745f726567656e65726174657c693a313538323739363433373b63757272656e745f6c616e67756167657c733a373a22656e676c697368223b6964656e746974797c733a31343a226a7261647340696e666f2e636f6d223b656d61696c7c733a31343a226a7261647340696e666f2e636f6d223b757365725f69647c733a323a223131223b6f6c645f6c6173745f6c6f67696e7c733a31303a2231353832373337353630223b73745f73746f726549447c733a313a2230223b),
('60e75677b403b23d74025a1baabbc4fd1c486b71', '::1', 1582796839, 0x5f5f63695f6c6173745f726567656e65726174657c693a313538323739363833393b63757272656e745f6c616e67756167657c733a373a22656e676c697368223b6964656e746974797c733a31343a226a7261647340696e666f2e636f6d223b656d61696c7c733a31343a226a7261647340696e666f2e636f6d223b757365725f69647c733a323a223131223b6f6c645f6c6173745f6c6f67696e7c733a31303a2231353832373337353630223b73745f73746f726549447c733a313a2230223b),
('a3ed5441fc0ac55100c1d44e081f7918b8c8aff5', '::1', 1582797150, 0x5f5f63695f6c6173745f726567656e65726174657c693a313538323739373135303b63757272656e745f6c616e67756167657c733a373a22656e676c697368223b6964656e746974797c733a31343a226a7261647340696e666f2e636f6d223b656d61696c7c733a31343a226a7261647340696e666f2e636f6d223b757365725f69647c733a323a223131223b6f6c645f6c6173745f6c6f67696e7c733a31303a2231353832373337353630223b73745f73746f726549447c733a313a2230223b),
('bc7f94b00a5362cfcd83d783ed2c585e547ba12c', '::1', 1582797531, 0x5f5f63695f6c6173745f726567656e65726174657c693a313538323739373533313b63757272656e745f6c616e67756167657c733a373a22656e676c697368223b6964656e746974797c733a31343a226a7261647340696e666f2e636f6d223b656d61696c7c733a31343a226a7261647340696e666f2e636f6d223b757365725f69647c733a323a223131223b6f6c645f6c6173745f6c6f67696e7c733a31303a2231353832373337353630223b73745f73746f726549447c733a313a2230223b),
('d1268272544baf8d3ed68340b18f4c05fb7d24a8', '::1', 1582797838, 0x5f5f63695f6c6173745f726567656e65726174657c693a313538323739373833383b63757272656e745f6c616e67756167657c733a373a22656e676c697368223b6964656e746974797c733a31343a226a7261647340696e666f2e636f6d223b656d61696c7c733a31343a226a7261647340696e666f2e636f6d223b757365725f69647c733a323a223131223b6f6c645f6c6173745f6c6f67696e7c733a31303a2231353832373337353630223b73745f73746f726549447c733a313a2230223b),
('f13d378409eb067ebc4450ef65e7297189c1a880', '::1', 1582798279, 0x5f5f63695f6c6173745f726567656e65726174657c693a313538323739383237393b63757272656e745f6c616e67756167657c733a373a22656e676c697368223b6964656e746974797c733a31343a226a7261647340696e666f2e636f6d223b656d61696c7c733a31343a226a7261647340696e666f2e636f6d223b757365725f69647c733a323a223131223b6f6c645f6c6173745f6c6f67696e7c733a31303a2231353832373337353630223b73745f73746f726549447c733a313a2230223b),
('07c9471841eceaaa0e5674fecaa60408ed9c68f3', '::1', 1582798409, 0x5f5f63695f6c6173745f726567656e65726174657c693a313538323739383237393b63757272656e745f6c616e67756167657c733a373a22656e676c697368223b6964656e746974797c733a31343a226a7261647340696e666f2e636f6d223b656d61696c7c733a31343a226a7261647340696e666f2e636f6d223b757365725f69647c733a323a223131223b6f6c645f6c6173745f6c6f67696e7c733a31303a2231353832373337353630223b73745f73746f726549447c733a313a2230223b),
('c35ada408ec41aeed160ef1e5ba382e0a66936e1', '::1', 1583249401, 0x5f5f63695f6c6173745f726567656e65726174657c693a313538333234393430313b63757272656e745f6c616e67756167657c733a373a22656e676c697368223b6964656e746974797c733a31343a226a7261647340696e666f2e636f6d223b656d61696c7c733a31343a226a7261647340696e666f2e636f6d223b757365725f69647c733a323a223131223b6f6c645f6c6173745f6c6f67696e7c733a31303a2231353832373831363632223b73745f73746f726549447c733a313a2230223b),
('659591ea4cf8fd78b07512aa559b5ff543fcc92f', '::1', 1583252272, 0x5f5f63695f6c6173745f726567656e65726174657c693a313538333235323237323b63757272656e745f6c616e67756167657c733a373a22656e676c697368223b6964656e746974797c733a31343a226a7261647340696e666f2e636f6d223b656d61696c7c733a31343a226a7261647340696e666f2e636f6d223b757365725f69647c733a323a223131223b6f6c645f6c6173745f6c6f67696e7c733a31303a2231353832373831363632223b73745f73746f726549447c733a313a2230223b),
('51af8f8331640786346d90df143128850e02d6a6', '::1', 1583252747, 0x5f5f63695f6c6173745f726567656e65726174657c693a313538333235323734373b63757272656e745f6c616e67756167657c733a373a22656e676c697368223b6964656e746974797c733a31343a226a7261647340696e666f2e636f6d223b656d61696c7c733a31343a226a7261647340696e666f2e636f6d223b757365725f69647c733a323a223131223b6f6c645f6c6173745f6c6f67696e7c733a31303a2231353832373831363632223b73745f73746f726549447c733a313a2230223b),
('8806e408797d391b7d598a51eb14b029e6a76318', '::1', 1583253286, 0x5f5f63695f6c6173745f726567656e65726174657c693a313538333235333238363b63757272656e745f6c616e67756167657c733a373a22656e676c697368223b6964656e746974797c733a31343a226a7261647340696e666f2e636f6d223b656d61696c7c733a31343a226a7261647340696e666f2e636f6d223b757365725f69647c733a323a223131223b6f6c645f6c6173745f6c6f67696e7c733a31303a2231353832373831363632223b73745f73746f726549447c733a313a2230223b),
('0e9ea84a47a9db2d19ee2deb0920419e396f7274', '::1', 1583253305, 0x5f5f63695f6c6173745f726567656e65726174657c693a313538333235333238363b63757272656e745f6c616e67756167657c733a373a22656e676c697368223b6964656e746974797c733a31343a226a7261647340696e666f2e636f6d223b656d61696c7c733a31343a226a7261647340696e666f2e636f6d223b757365725f69647c733a323a223131223b6f6c645f6c6173745f6c6f67696e7c733a31303a2231353832373831363632223b73745f73746f726549447c733a313a2230223b),
('98430df0dfe81131e0990071cdb193748d677bef', '::1', 1583298521, 0x5f5f63695f6c6173745f726567656e65726174657c693a313538333239383532313b63757272656e745f6c616e67756167657c733a373a22656e676c697368223b6964656e746974797c733a31343a226a7261647340696e666f2e636f6d223b656d61696c7c733a31343a226a7261647340696e666f2e636f6d223b757365725f69647c733a323a223131223b6f6c645f6c6173745f6c6f67696e7c733a31303a2231353833323439303937223b73745f73746f726549447c733a313a2230223b),
('2669449064fb64fc825c7562230cc9832c4a3be4', '::1', 1583299070, 0x5f5f63695f6c6173745f726567656e65726174657c693a313538333239393037303b63757272656e745f6c616e67756167657c733a373a22656e676c697368223b6964656e746974797c733a31343a226a7261647340696e666f2e636f6d223b656d61696c7c733a31343a226a7261647340696e666f2e636f6d223b757365725f69647c733a323a223131223b6f6c645f6c6173745f6c6f67696e7c733a31303a2231353833323439303937223b73745f73746f726549447c733a313a2230223b),
('0d9cbfb5662aa5a8e19b0873a878aead3338ebf3', '::1', 1583299632, 0x5f5f63695f6c6173745f726567656e65726174657c693a313538333239393633323b63757272656e745f6c616e67756167657c733a373a22656e676c697368223b6964656e746974797c733a31343a226a7261647340696e666f2e636f6d223b656d61696c7c733a31343a226a7261647340696e666f2e636f6d223b757365725f69647c733a323a223131223b6f6c645f6c6173745f6c6f67696e7c733a31303a2231353833323439303937223b73745f73746f726549447c733a313a2230223b),
('b805d54c7d2e7eb4271ec5999de3f6f8f2c16591', '::1', 1583300103, 0x5f5f63695f6c6173745f726567656e65726174657c693a313538333330303130333b63757272656e745f6c616e67756167657c733a373a22656e676c697368223b6964656e746974797c733a31343a226a7261647340696e666f2e636f6d223b656d61696c7c733a31343a226a7261647340696e666f2e636f6d223b757365725f69647c733a323a223131223b6f6c645f6c6173745f6c6f67696e7c733a31303a2231353833323439303937223b73745f73746f726549447c733a313a2230223b),
('c607e01bcd488edaf2b1ae9eb9e2cb5cf1667c56', '::1', 1583303636, 0x5f5f63695f6c6173745f726567656e65726174657c693a313538333330333633363b63757272656e745f6c616e67756167657c733a373a22656e676c697368223b6964656e746974797c733a31343a226a7261647340696e666f2e636f6d223b656d61696c7c733a31343a226a7261647340696e666f2e636f6d223b757365725f69647c733a323a223131223b6f6c645f6c6173745f6c6f67696e7c733a31303a2231353833323439303937223b73745f73746f726549447c733a313a2230223b),
('f40b90e3c101f47a32894b0f409cb569abade7a1', '::1', 1583303942, 0x5f5f63695f6c6173745f726567656e65726174657c693a313538333330333934323b63757272656e745f6c616e67756167657c733a373a22656e676c697368223b6964656e746974797c733a31343a226a7261647340696e666f2e636f6d223b656d61696c7c733a31343a226a7261647340696e666f2e636f6d223b757365725f69647c733a323a223131223b6f6c645f6c6173745f6c6f67696e7c733a31303a2231353833323439303937223b73745f73746f726549447c733a313a2230223b),
('2cdb91a3d5d2c5fd164ea7616698ff8fac787002', '::1', 1583303942, 0x5f5f63695f6c6173745f726567656e65726174657c693a313538333330333934323b63757272656e745f6c616e67756167657c733a373a22656e676c697368223b6964656e746974797c733a31343a226a7261647340696e666f2e636f6d223b656d61696c7c733a31343a226a7261647340696e666f2e636f6d223b757365725f69647c733a323a223131223b6f6c645f6c6173745f6c6f67696e7c733a31303a2231353833323439303937223b73745f73746f726549447c733a313a2230223b),
('0c4e8f5f87e3a0083408aa3b43a7fd840b12b000', '::1', 1583391128, 0x5f5f63695f6c6173745f726567656e65726174657c693a313538333339313132383b63757272656e745f6c616e67756167657c733a373a22656e676c697368223b6964656e746974797c733a31343a226a7261647340696e666f2e636f6d223b656d61696c7c733a31343a226a7261647340696e666f2e636f6d223b757365725f69647c733a323a223131223b6f6c645f6c6173745f6c6f67696e7c733a31303a2231353833323938323437223b73745f73746f726549447c733a313a2230223b),
('07ec38741d56f5166ffd26bf6f27a35bd0f6b297', '::1', 1583391669, 0x5f5f63695f6c6173745f726567656e65726174657c693a313538333339313636393b63757272656e745f6c616e67756167657c733a373a22656e676c697368223b6964656e746974797c733a31343a226a7261647340696e666f2e636f6d223b656d61696c7c733a31343a226a7261647340696e666f2e636f6d223b757365725f69647c733a323a223131223b6f6c645f6c6173745f6c6f67696e7c733a31303a2231353833323938323437223b73745f73746f726549447c733a313a2230223b),
('000616def5cd8f255e1403eb0e790a06c148d6ca', '::1', 1583392022, 0x5f5f63695f6c6173745f726567656e65726174657c693a313538333339323032323b63757272656e745f6c616e67756167657c733a373a22656e676c697368223b6964656e746974797c733a31343a226a7261647340696e666f2e636f6d223b656d61696c7c733a31343a226a7261647340696e666f2e636f6d223b757365725f69647c733a323a223131223b6f6c645f6c6173745f6c6f67696e7c733a31303a2231353833323938323437223b73745f73746f726549447c733a313a2230223b),
('de4ff38ed3711e6dad7306e864901bcb67853880', '::1', 1583392387, 0x5f5f63695f6c6173745f726567656e65726174657c693a313538333339323338373b63757272656e745f6c616e67756167657c733a373a22656e676c697368223b6964656e746974797c733a31343a226a7261647340696e666f2e636f6d223b656d61696c7c733a31343a226a7261647340696e666f2e636f6d223b757365725f69647c733a323a223131223b6f6c645f6c6173745f6c6f67696e7c733a31303a2231353833323938323437223b73745f73746f726549447c733a313a2230223b),
('10203849de13df806bcbd81365b1b53a7f15e9e4', '::1', 1583392699, 0x5f5f63695f6c6173745f726567656e65726174657c693a313538333339323639393b63757272656e745f6c616e67756167657c733a373a22656e676c697368223b6964656e746974797c733a31343a226a7261647340696e666f2e636f6d223b656d61696c7c733a31343a226a7261647340696e666f2e636f6d223b757365725f69647c733a323a223131223b6f6c645f6c6173745f6c6f67696e7c733a31303a2231353833323938323437223b73745f73746f726549447c733a313a2230223b),
('114b50c25d785af65df0ba045f93c23acee12139', '::1', 1583393014, 0x5f5f63695f6c6173745f726567656e65726174657c693a313538333339333031343b63757272656e745f6c616e67756167657c733a373a22656e676c697368223b6964656e746974797c733a31343a226a7261647340696e666f2e636f6d223b656d61696c7c733a31343a226a7261647340696e666f2e636f6d223b757365725f69647c733a323a223131223b6f6c645f6c6173745f6c6f67696e7c733a31303a2231353833323938323437223b73745f73746f726549447c733a313a2230223b),
('02f5a135ab5c4235622e80c4d4abaca1d77ad17e', '::1', 1583393578, 0x5f5f63695f6c6173745f726567656e65726174657c693a313538333339333537383b63757272656e745f6c616e67756167657c733a373a22656e676c697368223b6964656e746974797c733a31343a226a7261647340696e666f2e636f6d223b656d61696c7c733a31343a226a7261647340696e666f2e636f6d223b757365725f69647c733a323a223131223b6f6c645f6c6173745f6c6f67696e7c733a31303a2231353833323938323437223b73745f73746f726549447c733a313a2230223b),
('c7eea7bdeaa41d25f2d6e4244bf0233e94a30cd7', '::1', 1583393986, 0x5f5f63695f6c6173745f726567656e65726174657c693a313538333339333938363b63757272656e745f6c616e67756167657c733a373a22656e676c697368223b6964656e746974797c733a31343a226a7261647340696e666f2e636f6d223b656d61696c7c733a31343a226a7261647340696e666f2e636f6d223b757365725f69647c733a323a223131223b6f6c645f6c6173745f6c6f67696e7c733a31303a2231353833323938323437223b73745f73746f726549447c733a313a2230223b),
('de910dcdf5906946798b386972fb156d53d1dcd5', '::1', 1583394305, 0x5f5f63695f6c6173745f726567656e65726174657c693a313538333339343330353b63757272656e745f6c616e67756167657c733a373a22656e676c697368223b6964656e746974797c733a31343a226a7261647340696e666f2e636f6d223b656d61696c7c733a31343a226a7261647340696e666f2e636f6d223b757365725f69647c733a323a223131223b6f6c645f6c6173745f6c6f67696e7c733a31303a2231353833323938323437223b73745f73746f726549447c733a313a2230223b),
('fe019a1836cbd9c486271fa833b4380cac1894ea', '::1', 1583394708, 0x5f5f63695f6c6173745f726567656e65726174657c693a313538333339343730383b63757272656e745f6c616e67756167657c733a373a22656e676c697368223b6964656e746974797c733a31343a226a7261647340696e666f2e636f6d223b656d61696c7c733a31343a226a7261647340696e666f2e636f6d223b757365725f69647c733a323a223131223b6f6c645f6c6173745f6c6f67696e7c733a31303a2231353833323938323437223b73745f73746f726549447c733a313a2230223b),
('f82200ac58d9ed65769148bf4f447d0891493997', '::1', 1583395606, 0x5f5f63695f6c6173745f726567656e65726174657c693a313538333339353630363b63757272656e745f6c616e67756167657c733a373a22656e676c697368223b6964656e746974797c733a31343a226a7261647340696e666f2e636f6d223b656d61696c7c733a31343a226a7261647340696e666f2e636f6d223b757365725f69647c733a323a223131223b6f6c645f6c6173745f6c6f67696e7c733a31303a2231353833323938323437223b73745f73746f726549447c733a313a2230223b),
('2b380cac99308be03dc9f64be2025d76dedf2071', '::1', 1583395910, 0x5f5f63695f6c6173745f726567656e65726174657c693a313538333339353931303b63757272656e745f6c616e67756167657c733a373a22656e676c697368223b6964656e746974797c733a31343a226a7261647340696e666f2e636f6d223b656d61696c7c733a31343a226a7261647340696e666f2e636f6d223b757365725f69647c733a323a223131223b6f6c645f6c6173745f6c6f67696e7c733a31303a2231353833323938323437223b73745f73746f726549447c733a313a2230223b),
('742d1a2e727ea0eeae05108a3a4fcc1678d2bbad', '::1', 1583397833, 0x5f5f63695f6c6173745f726567656e65726174657c693a313538333339373833333b63757272656e745f6c616e67756167657c733a373a22656e676c697368223b6964656e746974797c733a31343a226a7261647340696e666f2e636f6d223b656d61696c7c733a31343a226a7261647340696e666f2e636f6d223b757365725f69647c733a323a223131223b6f6c645f6c6173745f6c6f67696e7c733a31303a2231353833323938323437223b73745f73746f726549447c733a313a2230223b),
('f18be181a73d515cd009cdf02577403c47bd6268', '::1', 1583398151, 0x5f5f63695f6c6173745f726567656e65726174657c693a313538333339383135313b63757272656e745f6c616e67756167657c733a373a22656e676c697368223b6964656e746974797c733a31343a226a7261647340696e666f2e636f6d223b656d61696c7c733a31343a226a7261647340696e666f2e636f6d223b757365725f69647c733a323a223131223b6f6c645f6c6173745f6c6f67696e7c733a31303a2231353833323938323437223b73745f73746f726549447c733a313a2230223b),
('17eec4c8efc46566137f23c5166e671315529ea6', '::1', 1583399293, 0x5f5f63695f6c6173745f726567656e65726174657c693a313538333339393239333b63757272656e745f6c616e67756167657c733a373a22656e676c697368223b6964656e746974797c733a31343a226a7261647340696e666f2e636f6d223b656d61696c7c733a31343a226a7261647340696e666f2e636f6d223b757365725f69647c733a323a223131223b6f6c645f6c6173745f6c6f67696e7c733a31303a2231353833323938323437223b73745f73746f726549447c733a313a2230223b),
('350dc29053c104cbb6d85303dd5b4c8acbce4fc2', '::1', 1583399655, 0x5f5f63695f6c6173745f726567656e65726174657c693a313538333339393635353b63757272656e745f6c616e67756167657c733a373a22656e676c697368223b6964656e746974797c733a31343a226a7261647340696e666f2e636f6d223b656d61696c7c733a31343a226a7261647340696e666f2e636f6d223b757365725f69647c733a323a223131223b6f6c645f6c6173745f6c6f67696e7c733a31303a2231353833323938323437223b73745f73746f726549447c733a313a2230223b),
('dcd0952f86cefc2c4407f719bab4e9a189d75344', '::1', 1583399980, 0x5f5f63695f6c6173745f726567656e65726174657c693a313538333339393938303b63757272656e745f6c616e67756167657c733a373a22656e676c697368223b6964656e746974797c733a31343a226a7261647340696e666f2e636f6d223b656d61696c7c733a31343a226a7261647340696e666f2e636f6d223b757365725f69647c733a323a223131223b6f6c645f6c6173745f6c6f67696e7c733a31303a2231353833323938323437223b73745f73746f726549447c733a313a2230223b),
('fbf586addaeb66150bb90de2af9a4b7c045f6066', '::1', 1583400308, 0x5f5f63695f6c6173745f726567656e65726174657c693a313538333430303330383b63757272656e745f6c616e67756167657c733a373a22656e676c697368223b6964656e746974797c733a31343a226a7261647340696e666f2e636f6d223b656d61696c7c733a31343a226a7261647340696e666f2e636f6d223b757365725f69647c733a323a223131223b6f6c645f6c6173745f6c6f67696e7c733a31303a2231353833323938323437223b73745f73746f726549447c733a313a2230223b),
('08a711085c4ab7c19f243836a555c70d7eca1614', '::1', 1583400650, 0x5f5f63695f6c6173745f726567656e65726174657c693a313538333430303635303b63757272656e745f6c616e67756167657c733a373a22656e676c697368223b6964656e746974797c733a31343a226a7261647340696e666f2e636f6d223b656d61696c7c733a31343a226a7261647340696e666f2e636f6d223b757365725f69647c733a323a223131223b6f6c645f6c6173745f6c6f67696e7c733a31303a2231353833323938323437223b73745f73746f726549447c733a313a2230223b),
('96c893219054f6d9fa349d6e61b7bce5f48aae7d', '::1', 1583401023, 0x5f5f63695f6c6173745f726567656e65726174657c693a313538333430313032333b63757272656e745f6c616e67756167657c733a373a22656e676c697368223b6964656e746974797c733a31343a226a7261647340696e666f2e636f6d223b656d61696c7c733a31343a226a7261647340696e666f2e636f6d223b757365725f69647c733a323a223131223b6f6c645f6c6173745f6c6f67696e7c733a31303a2231353833323938323437223b73745f73746f726549447c733a313a2230223b),
('c18f6c31e80351fae7cf96090bf99ab072258149', '::1', 1583401333, 0x5f5f63695f6c6173745f726567656e65726174657c693a313538333430313333333b63757272656e745f6c616e67756167657c733a373a22656e676c697368223b6964656e746974797c733a31343a226a7261647340696e666f2e636f6d223b656d61696c7c733a31343a226a7261647340696e666f2e636f6d223b757365725f69647c733a323a223131223b6f6c645f6c6173745f6c6f67696e7c733a31303a2231353833323938323437223b73745f73746f726549447c733a313a2230223b),
('a76608fbadcbc95830737b56ed445545407e6bba', '::1', 1583401646, 0x5f5f63695f6c6173745f726567656e65726174657c693a313538333430313634363b63757272656e745f6c616e67756167657c733a373a22656e676c697368223b6964656e746974797c733a31343a226a7261647340696e666f2e636f6d223b656d61696c7c733a31343a226a7261647340696e666f2e636f6d223b757365725f69647c733a323a223131223b6f6c645f6c6173745f6c6f67696e7c733a31303a2231353833323938323437223b73745f73746f726549447c733a313a2230223b),
('dca76be85dad47c3e7321635d348c832afbc403a', '::1', 1583402152, 0x5f5f63695f6c6173745f726567656e65726174657c693a313538333430323135323b63757272656e745f6c616e67756167657c733a373a22656e676c697368223b6964656e746974797c733a31343a226a7261647340696e666f2e636f6d223b656d61696c7c733a31343a226a7261647340696e666f2e636f6d223b757365725f69647c733a323a223131223b6f6c645f6c6173745f6c6f67696e7c733a31303a2231353833323938323437223b73745f73746f726549447c733a313a2230223b),
('404a528b021251392d0e17f09b58c00ca0cf98bd', '::1', 1583402808, 0x5f5f63695f6c6173745f726567656e65726174657c693a313538333430323830383b63757272656e745f6c616e67756167657c733a373a22656e676c697368223b6964656e746974797c733a31343a226a7261647340696e666f2e636f6d223b656d61696c7c733a31343a226a7261647340696e666f2e636f6d223b757365725f69647c733a323a223131223b6f6c645f6c6173745f6c6f67696e7c733a31303a2231353833323938323437223b73745f73746f726549447c733a313a2230223b),
('4db809af2d52ca2f955f0786aeb4cd1ce36ea00c', '::1', 1583403161, 0x5f5f63695f6c6173745f726567656e65726174657c693a313538333430333136313b63757272656e745f6c616e67756167657c733a373a22656e676c697368223b6964656e746974797c733a31343a226a7261647340696e666f2e636f6d223b656d61696c7c733a31343a226a7261647340696e666f2e636f6d223b757365725f69647c733a323a223131223b6f6c645f6c6173745f6c6f67696e7c733a31303a2231353833323938323437223b73745f73746f726549447c733a313a2230223b),
('e8f2c70f44a9195869b71d1b926681ea7f5e56e3', '::1', 1583403293, 0x5f5f63695f6c6173745f726567656e65726174657c693a313538333430333136313b63757272656e745f6c616e67756167657c733a373a22656e676c697368223b6964656e746974797c733a31343a226a7261647340696e666f2e636f6d223b656d61696c7c733a31343a226a7261647340696e666f2e636f6d223b757365725f69647c733a323a223131223b6f6c645f6c6173745f6c6f67696e7c733a31303a2231353833323938323437223b73745f73746f726549447c733a313a2230223b),
('7d8216ce1f47da1648c0c0a7a25dd27b2baa0c5b', '::1', 1583558907, 0x5f5f63695f6c6173745f726567656e65726174657c693a313538333535383930373b63757272656e745f6c616e67756167657c733a373a22656e676c697368223b6964656e746974797c733a31343a226a7261647340696e666f2e636f6d223b656d61696c7c733a31343a226a7261647340696e666f2e636f6d223b757365725f69647c733a323a223131223b6f6c645f6c6173745f6c6f67696e7c733a31303a2231353833333930383232223b73745f73746f726549447c733a313a2230223b),
('9d4d1d47be358ebfa802af214cc87d71f0996dda', '::1', 1583559240, 0x5f5f63695f6c6173745f726567656e65726174657c693a313538333535393234303b63757272656e745f6c616e67756167657c733a373a22656e676c697368223b6964656e746974797c733a31343a226a7261647340696e666f2e636f6d223b656d61696c7c733a31343a226a7261647340696e666f2e636f6d223b757365725f69647c733a323a223131223b6f6c645f6c6173745f6c6f67696e7c733a31303a2231353833333930383232223b73745f73746f726549447c733a313a2230223b),
('ac3b66d0d4bf1eaee534b64b3dfd244fc16db6be', '::1', 1583559616, 0x5f5f63695f6c6173745f726567656e65726174657c693a313538333535393631363b63757272656e745f6c616e67756167657c733a373a22656e676c697368223b6964656e746974797c733a31343a226a7261647340696e666f2e636f6d223b656d61696c7c733a31343a226a7261647340696e666f2e636f6d223b757365725f69647c733a323a223131223b6f6c645f6c6173745f6c6f67696e7c733a31303a2231353833333930383232223b73745f73746f726549447c733a313a2230223b),
('0da26f6735f44dd1bdfba9418e9a9826d45d0186', '::1', 1583559971, 0x5f5f63695f6c6173745f726567656e65726174657c693a313538333535393937313b63757272656e745f6c616e67756167657c733a373a22656e676c697368223b6964656e746974797c733a31343a226a7261647340696e666f2e636f6d223b656d61696c7c733a31343a226a7261647340696e666f2e636f6d223b757365725f69647c733a323a223131223b6f6c645f6c6173745f6c6f67696e7c733a31303a2231353833333930383232223b73745f73746f726549447c733a313a2230223b),
('013fb2c2f29cd7ec45d1f619a4c99293c2524a5b', '::1', 1583560331, 0x5f5f63695f6c6173745f726567656e65726174657c693a313538333536303333313b63757272656e745f6c616e67756167657c733a373a22656e676c697368223b6964656e746974797c733a31343a226a7261647340696e666f2e636f6d223b656d61696c7c733a31343a226a7261647340696e666f2e636f6d223b757365725f69647c733a323a223131223b6f6c645f6c6173745f6c6f67696e7c733a31303a2231353833333930383232223b73745f73746f726549447c733a313a2230223b),
('8deb70016832f37ccbf170cb5a0bf56d5f5ffcc2', '::1', 1583563740, 0x5f5f63695f6c6173745f726567656e65726174657c693a313538333536333734303b63757272656e745f6c616e67756167657c733a373a22656e676c697368223b6964656e746974797c733a31343a226a7261647340696e666f2e636f6d223b656d61696c7c733a31343a226a7261647340696e666f2e636f6d223b757365725f69647c733a323a223131223b6f6c645f6c6173745f6c6f67696e7c733a31303a2231353833333930383232223b73745f73746f726549447c733a313a2230223b),
('ec90421341296acaad1ff98d8052710dbba49dc7', '::1', 1583563810, 0x5f5f63695f6c6173745f726567656e65726174657c693a313538333536333734303b63757272656e745f6c616e67756167657c733a373a22656e676c697368223b6964656e746974797c733a31343a226a7261647340696e666f2e636f6d223b656d61696c7c733a31343a226a7261647340696e666f2e636f6d223b757365725f69647c733a323a223131223b6f6c645f6c6173745f6c6f67696e7c733a31303a2231353833333930383232223b73745f73746f726549447c733a313a2230223b),
('a8e949b98ebb7df6ad58d6466b11afc8cbf0b6cf', '::1', 1583573150, 0x5f5f63695f6c6173745f726567656e65726174657c693a313538333537333135303b63757272656e745f6c616e67756167657c733a373a22656e676c697368223b6964656e746974797c733a31343a226a7261647340696e666f2e636f6d223b656d61696c7c733a31343a226a7261647340696e666f2e636f6d223b757365725f69647c733a323a223131223b6f6c645f6c6173745f6c6f67696e7c733a31303a2231353833353538353935223b73745f73746f726549447c733a313a2230223b),
('f79c169071b5d91f60dd4a25421943b0d255382f', '::1', 1583573625, 0x5f5f63695f6c6173745f726567656e65726174657c693a313538333537333632353b63757272656e745f6c616e67756167657c733a373a22656e676c697368223b6964656e746974797c733a31343a226a7261647340696e666f2e636f6d223b656d61696c7c733a31343a226a7261647340696e666f2e636f6d223b757365725f69647c733a323a223131223b6f6c645f6c6173745f6c6f67696e7c733a31303a2231353833353538353935223b73745f73746f726549447c733a313a2230223b),
('6b40abafdb7e7761f97fba009cdbda6a0f3144ab', '::1', 1583574155, 0x5f5f63695f6c6173745f726567656e65726174657c693a313538333537343135353b63757272656e745f6c616e67756167657c733a373a22656e676c697368223b6964656e746974797c733a31343a226a7261647340696e666f2e636f6d223b656d61696c7c733a31343a226a7261647340696e666f2e636f6d223b757365725f69647c733a323a223131223b6f6c645f6c6173745f6c6f67696e7c733a31303a2231353833353538353935223b73745f73746f726549447c733a313a2230223b),
('fb2e65ae0b9e1a692220714bebaed755900486e6', '::1', 1583574555, 0x5f5f63695f6c6173745f726567656e65726174657c693a313538333537343535353b63757272656e745f6c616e67756167657c733a373a22656e676c697368223b6964656e746974797c733a31343a226a7261647340696e666f2e636f6d223b656d61696c7c733a31343a226a7261647340696e666f2e636f6d223b757365725f69647c733a323a223131223b6f6c645f6c6173745f6c6f67696e7c733a31303a2231353833353538353935223b73745f73746f726549447c733a313a2230223b),
('23fc44e6e1730476fc4c5c3910920352949c5b5a', '::1', 1583574896, 0x5f5f63695f6c6173745f726567656e65726174657c693a313538333537343839363b63757272656e745f6c616e67756167657c733a373a22656e676c697368223b6964656e746974797c733a31343a226a7261647340696e666f2e636f6d223b656d61696c7c733a31343a226a7261647340696e666f2e636f6d223b757365725f69647c733a323a223131223b6f6c645f6c6173745f6c6f67696e7c733a31303a2231353833353538353935223b73745f73746f726549447c733a313a2230223b),
('9fbeda35be6133f3adf52360fbf5f0629b2b1851', '::1', 1583575226, 0x5f5f63695f6c6173745f726567656e65726174657c693a313538333537353232363b63757272656e745f6c616e67756167657c733a373a22656e676c697368223b6964656e746974797c733a31343a226a7261647340696e666f2e636f6d223b656d61696c7c733a31343a226a7261647340696e666f2e636f6d223b757365725f69647c733a323a223131223b6f6c645f6c6173745f6c6f67696e7c733a31303a2231353833353538353935223b73745f73746f726549447c733a313a2230223b),
('1cc9b797c1277c5aeb3705937b4202d13c75e8a6', '::1', 1583577768, 0x5f5f63695f6c6173745f726567656e65726174657c693a313538333537373736383b63757272656e745f6c616e67756167657c733a373a22656e676c697368223b6964656e746974797c733a31343a226a7261647340696e666f2e636f6d223b656d61696c7c733a31343a226a7261647340696e666f2e636f6d223b757365725f69647c733a323a223131223b6f6c645f6c6173745f6c6f67696e7c733a31303a2231353833353538353935223b73745f73746f726549447c733a313a2230223b),
('dd7e086037d80a25c817b0b16fd752b5479389e6', '::1', 1583578365, 0x5f5f63695f6c6173745f726567656e65726174657c693a313538333537383336353b63757272656e745f6c616e67756167657c733a373a22656e676c697368223b6964656e746974797c733a31343a226a7261647340696e666f2e636f6d223b656d61696c7c733a31343a226a7261647340696e666f2e636f6d223b757365725f69647c733a323a223131223b6f6c645f6c6173745f6c6f67696e7c733a31303a2231353833353538353935223b73745f73746f726549447c733a313a2230223b),
('918735868c1bbcbc46ba2c7d4ddf9aa9cf99323e', '::1', 1583579175, 0x5f5f63695f6c6173745f726567656e65726174657c693a313538333537393137353b63757272656e745f6c616e67756167657c733a373a22656e676c697368223b6964656e746974797c733a31343a226a7261647340696e666f2e636f6d223b656d61696c7c733a31343a226a7261647340696e666f2e636f6d223b757365725f69647c733a323a223131223b6f6c645f6c6173745f6c6f67696e7c733a31303a2231353833353538353935223b73745f73746f726549447c733a313a2230223b),
('67ecb78046efa3a1cc7710e055bcb200734c61ac', '::1', 1583579263, 0x5f5f63695f6c6173745f726567656e65726174657c693a313538333537393137353b63757272656e745f6c616e67756167657c733a373a22656e676c697368223b6964656e746974797c733a31343a226a7261647340696e666f2e636f6d223b656d61696c7c733a31343a226a7261647340696e666f2e636f6d223b757365725f69647c733a323a223131223b6f6c645f6c6173745f6c6f67696e7c733a31303a2231353833353538353935223b73745f73746f726549447c733a313a2230223b),
('d00bb9105f28a80e806fc559f7260b36ce32b6d7', '::1', 1584534616, 0x5f5f63695f6c6173745f726567656e65726174657c693a313538343533343536383b63757272656e745f6c616e67756167657c733a373a22656e676c697368223b6964656e746974797c733a31343a226a7261647340696e666f2e636f6d223b656d61696c7c733a31343a226a7261647340696e666f2e636f6d223b757365725f69647c733a323a223131223b6f6c645f6c6173745f6c6f67696e7c733a31303a2231353833353732363632223b73745f73746f726549447c733a313a2230223b),
('2899f643f4f3b327c7a0b2a3c2376acd869c498f', '::1', 1584540054, 0x5f5f63695f6c6173745f726567656e65726174657c693a313538343534303030363b63757272656e745f6c616e67756167657c733a373a22656e676c697368223b6964656e746974797c733a31343a226a7261647340696e666f2e636f6d223b656d61696c7c733a31343a226a7261647340696e666f2e636f6d223b757365725f69647c733a323a223131223b6f6c645f6c6173745f6c6f67696e7c733a31303a2231353834353334353932223b73745f73746f726549447c733a313a2230223b);
INSERT INTO `ci_sessions` (`id`, `ip_address`, `timestamp`, `data`) VALUES
('57a159a76e4104790e391424915afe4a39bf5e8d', '::1', 1584807521, 0x5f5f63695f6c6173745f726567656e65726174657c693a313538343830373434303b63757272656e745f6c616e67756167657c733a373a22656e676c697368223b6964656e746974797c733a31343a226a7261647340696e666f2e636f6d223b656d61696c7c733a31343a226a7261647340696e666f2e636f6d223b757365725f69647c733a323a223131223b6f6c645f6c6173745f6c6f67696e7c733a31303a2231353834353430303236223b73745f73746f726549447c733a313a2230223b),
('6e43bc28a2e7d831d044b523d76707c96a1cec7a', '::1', 1584846244, 0x5f5f63695f6c6173745f726567656e65726174657c693a313538343834363234343b63757272656e745f6c616e67756167657c733a373a22656e676c697368223b6964656e746974797c733a31343a226a7261647340696e666f2e636f6d223b656d61696c7c733a31343a226a7261647340696e666f2e636f6d223b757365725f69647c733a323a223131223b6f6c645f6c6173745f6c6f67696e7c733a31303a2231353834383037343539223b73745f73746f726549447c733a313a2230223b),
('ea2c17ca41d096144f0494879d135d7d8a267b71', '::1', 1584846244, 0x5f5f63695f6c6173745f726567656e65726174657c693a313538343834363234343b63757272656e745f6c616e67756167657c733a373a22656e676c697368223b6964656e746974797c733a31343a226a7261647340696e666f2e636f6d223b656d61696c7c733a31343a226a7261647340696e666f2e636f6d223b757365725f69647c733a323a223131223b6f6c645f6c6173745f6c6f67696e7c733a31303a2231353834383037343539223b73745f73746f726549447c733a313a2230223b);

-- --------------------------------------------------------

--
-- Table structure for table `company_details`
--

DROP TABLE IF EXISTS `company_details`;
CREATE TABLE IF NOT EXISTS `company_details` (
  `company_id` int(11) NOT NULL AUTO_INCREMENT,
  `company_name` varchar(500) DEFAULT NULL,
  `company_logo` varchar(500) DEFAULT NULL,
  `company_address` text DEFAULT NULL,
  `company_phone` bigint(20) DEFAULT NULL,
  `company_email` varchar(50) DEFAULT NULL,
  `created_by` int(11) DEFAULT NULL,
  `created_date` datetime DEFAULT NULL,
  `updated_by` int(11) DEFAULT NULL,
  `updated_date` datetime DEFAULT NULL,
  `del_status` int(11) DEFAULT 0,
  PRIMARY KEY (`company_id`)
) ENGINE=MyISAM DEFAULT CHARSET=latin1;

-- --------------------------------------------------------

--
-- Table structure for table `discipline`
--

DROP TABLE IF EXISTS `discipline`;
CREATE TABLE IF NOT EXISTS `discipline` (
  `discipline_id` int(11) NOT NULL AUTO_INCREMENT,
  `name` varchar(250) NOT NULL,
  `field` varchar(250) NOT NULL,
  `prefix` varchar(250) NOT NULL,
  `sufix` varchar(250) NOT NULL,
  `sequence_no` int(11) NOT NULL,
  `financial_status` tinyint(1) NOT NULL,
  `financial_beginning` tinyint(1) NOT NULL,
  `financial_before_s_no` tinyint(1) NOT NULL,
  `financial_after_s_no` tinyint(1) NOT NULL,
  `financial_end` tinyint(1) NOT NULL,
  `created_by` varchar(50) NOT NULL,
  `created_date` datetime NOT NULL,
  `updated_by` varchar(50) NOT NULL,
  `updated_date` datetime NOT NULL,
  `del_status` tinyint(4) NOT NULL DEFAULT 0,
  PRIMARY KEY (`discipline_id`)
) ENGINE=InnoDB AUTO_INCREMENT=18 DEFAULT CHARSET=latin1;

--
-- Dumping data for table `discipline`
--

INSERT INTO `discipline` (`discipline_id`, `name`, `field`, `prefix`, `sufix`, `sequence_no`, `financial_status`, `financial_beginning`, `financial_before_s_no`, `financial_after_s_no`, `financial_end`, `created_by`, `created_date`, `updated_by`, `updated_date`, `del_status`) VALUES
(1, 'Mechanical', '', 'M-', '', 2, 0, 0, 0, 0, 0, '2147484849', '0000-00-00 00:00:00', '565406348', '2017-02-11 13:14:42', 0),
(2, 'HVAC System', '', '', '', 355, 0, 0, 0, 0, 0, '2147484849', '0000-00-00 00:00:00', '565406348', '2016-11-11 14:37:09', 0),
(3, 'Mechanical - Coating', '', 'H-', '', 217, 0, 0, 0, 0, 0, '2147484849', '2016-03-28 22:14:36', '565406348', '2017-02-04 10:30:20', 0),
(4, 'Civil / Structural', '', '', '', 3001, 0, 0, 0, 0, 0, '2147484849', '2016-03-28 22:14:36', '565406348', '2017-01-31 16:12:35', 0),
(5, 'Civil / Structural / Architectural', '', '', '', 8804, 0, 0, 0, 0, 0, '2147484849', '2016-03-28 22:14:36', '565406348', '2016-09-06 14:38:26', 0),
(6, 'Electrical', '', 'E-', '', 5, 0, 0, 0, 0, 0, '2147484849', '2016-10-27 04:15:17', '2147484849', '2016-10-27 04:15:17', 0),
(7, 'Mechanical - Piping / Welding', '', '', '', 22, 0, 0, 0, 0, 0, '2147484849', '2016-10-27 04:15:17', '2147484849', '2016-10-27 04:15:17', 0),
(8, 'Telecommunications', '', 'T-', '', 11, 0, 0, 0, 0, 0, '2147484849', '2016-10-27 04:15:17', '2147484849', '2016-10-27 04:15:17', 0),
(9, 'Civil / Arch', '', '', '', 333, 0, 0, 0, 0, 0, '2147484849', '2016-10-27 04:15:17', '2147484849', '2016-10-27 04:15:17', 0),
(10, 'Instrumentation', '', 'I-', '', 555, 0, 0, 0, 0, 0, '2147484849', '2016-10-27 04:15:17', '2147484849', '2016-10-27 04:15:17', 0),
(11, 'Mechanical1', '', '', '', 1, 0, 0, 0, 0, 0, '11', '2019-11-26 00:46:08', '11', '2019-11-26 00:46:08', 0),
(12, 'Mechanical11', '', '', '', 1, 0, 0, 0, 0, 0, '11', '2019-12-04 00:14:30', '11', '2019-12-04 00:14:30', 0),
(13, 'Mechanical11111', '', '', '', 1, 0, 0, 0, 0, 0, '11', '2019-12-27 07:01:47', '11', '2019-12-27 07:01:47', 0),
(14, 'Mechanical111115', '', '', '', 1, 0, 0, 0, 0, 0, '11', '2019-12-27 07:25:23', '11', '2020-01-26 19:17:05', 0),
(15, 'Mechanical111115	', '', '54543', '', 5555, 0, 0, 0, 0, 0, '11', '2020-01-26 19:17:24', '11', '2020-01-26 19:17:24', 0),
(16, 'test123', '', '123', '', 21234, 0, 0, 0, 0, 0, '11', '2020-03-05 13:42:05', '11', '2020-03-05 13:42:05', 0),
(17, 'sdfdv', '', 'vdg', '', 123456, 0, 0, 0, 0, 0, '11', '2020-03-05 14:53:01', '11', '2020-03-05 14:53:01', 0);

-- --------------------------------------------------------

--
-- Table structure for table `groups`
--

DROP TABLE IF EXISTS `groups`;
CREATE TABLE IF NOT EXISTS `groups` (
  `id` mediumint(8) UNSIGNED NOT NULL AUTO_INCREMENT,
  `name` varchar(20) NOT NULL,
  `description` varchar(100) NOT NULL,
  PRIMARY KEY (`id`)
) ENGINE=InnoDB AUTO_INCREMENT=7 DEFAULT CHARSET=utf8;

--
-- Dumping data for table `groups`
--

INSERT INTO `groups` (`id`, `name`, `description`) VALUES
(1, 'admin', 'Administrator'),
(5, 'rfi', 'RFI Tracking Data'),
(6, 'customer', 'Customer');

-- --------------------------------------------------------

--
-- Table structure for table `hhl_category`
--

DROP TABLE IF EXISTS `hhl_category`;
CREATE TABLE IF NOT EXISTS `hhl_category` (
  `category_id` int(11) NOT NULL AUTO_INCREMENT,
  `category_name` varchar(255) NOT NULL,
  `category_show_status` int(11) NOT NULL DEFAULT 1,
  `category_createOn` datetime NOT NULL,
  `category_createBy` int(11) NOT NULL,
  `category_updateOn` datetime NOT NULL,
  `category_updateBy` int(11) NOT NULL,
  PRIMARY KEY (`category_id`)
) ENGINE=InnoDB AUTO_INCREMENT=4 DEFAULT CHARSET=latin1;

--
-- Dumping data for table `hhl_category`
--

INSERT INTO `hhl_category` (`category_id`, `category_name`, `category_show_status`, `category_createOn`, `category_createBy`, `category_updateOn`, `category_updateBy`) VALUES
(3, 'Category-1', 1, '2020-02-25 12:26:17', 11, '2020-02-25 12:26:28', 11);

-- --------------------------------------------------------

--
-- Table structure for table `hhl_sub_category`
--

DROP TABLE IF EXISTS `hhl_sub_category`;
CREATE TABLE IF NOT EXISTS `hhl_sub_category` (
  `sub_category_id` int(11) NOT NULL AUTO_INCREMENT,
  `category_id` int(11) NOT NULL,
  `sub_category_name` varchar(255) NOT NULL,
  `sub_category_show_status` int(11) NOT NULL DEFAULT 1,
  `sub_category_createOn` datetime NOT NULL,
  `sub_category_createBy` int(11) NOT NULL,
  `sub_category_updateOn` datetime NOT NULL,
  `sub_category_updateBy` int(11) NOT NULL,
  PRIMARY KEY (`sub_category_id`),
  KEY `category_id` (`category_id`),
  KEY `category_id_2` (`category_id`)
) ENGINE=InnoDB AUTO_INCREMENT=4 DEFAULT CHARSET=latin1;

-- --------------------------------------------------------

--
-- Table structure for table `jr_customer`
--

DROP TABLE IF EXISTS `jr_customer`;
CREATE TABLE IF NOT EXISTS `jr_customer` (
  `customer_id` int(11) NOT NULL AUTO_INCREMENT,
  `user_id` int(11) UNSIGNED NOT NULL,
  `customer_employee_id` varchar(255) NOT NULL,
  `customer_employee_name` varchar(255) NOT NULL,
  `customer_employee_middle_name` varchar(255) NOT NULL,
  `customer_employee_last_name` varchar(255) NOT NULL,
  `customer_gender` enum('Male','Female') NOT NULL,
  `customer_dob` date NOT NULL,
  `customer_doj` date NOT NULL,
  `customer_phone_number` varchar(25) NOT NULL,
  `customer_home_phone_number` varchar(15) NOT NULL,
  `customer_mobile_phone_number` varchar(15) NOT NULL,
  `customer_email` varchar(60) NOT NULL,
  `customer_alternative_email` varchar(60) NOT NULL,
  `customer_passport_no` varchar(255) NOT NULL,
  `customer_passport_expiry_date` date NOT NULL,
  `customer_passport_attachment` varchar(255) NOT NULL,
  `customer_nationality` varchar(255) NOT NULL,
  `customer_address` varchar(255) NOT NULL,
  `customer_home_address` varchar(255) NOT NULL,
  `customer_iqama_number` varchar(255) NOT NULL,
  `customer_iqama_expairye_date` date NOT NULL,
  `customer_iqama_attachment` varchar(255) NOT NULL,
  `customer_emplove_cv` varchar(255) NOT NULL,
  `customer_resigned_date` date NOT NULL,
  `customer_resigned_reason` text NOT NULL,
  `customer_resigned_attachment` varchar(255) NOT NULL,
  `customer_department` varchar(255) NOT NULL,
  `customer_CWI_body` text NOT NULL,
  `customer_CWI` varchar(255) NOT NULL,
  `customer_CWI_no` varchar(255) NOT NULL,
  `customer_CWI_issued_date` date NOT NULL,
  `customer_CWI_date` date NOT NULL,
  `customer_cwi_attachment` varchar(255) NOT NULL,
  `customer_photo` varchar(255) NOT NULL,
  `customer_certificate_no` varchar(100) NOT NULL,
  `customer_expiry_date` date NOT NULL,
  `customer_certificate_issued_by` varchar(255) NOT NULL,
  `customer_certificate_attachment` varchar(255) NOT NULL,
  `customer_attachment` varchar(255) NOT NULL,
  `customer_show_status` int(11) NOT NULL DEFAULT 1,
  `customer_createOn` datetime NOT NULL,
  `customer_createBy` int(11) NOT NULL,
  `customer_updateOn` datetime NOT NULL,
  `customer_updateBy` int(11) NOT NULL,
  PRIMARY KEY (`customer_id`),
  KEY `user_id` (`user_id`)
) ENGINE=InnoDB DEFAULT CHARSET=latin1;

-- --------------------------------------------------------

--
-- Table structure for table `jr_designation`
--

DROP TABLE IF EXISTS `jr_designation`;
CREATE TABLE IF NOT EXISTS `jr_designation` (
  `designation_id` int(11) NOT NULL AUTO_INCREMENT,
  `designation_name` varchar(255) NOT NULL,
  `designation_abbr` varchar(250) NOT NULL,
  `designation_show_status` int(11) NOT NULL DEFAULT 1,
  `designation_createOn` datetime NOT NULL,
  `designation_createBy` int(11) NOT NULL,
  `designation_updateOn` datetime NOT NULL,
  `designation_updateBy` int(11) NOT NULL,
  PRIMARY KEY (`designation_id`),
  KEY `designation_id` (`designation_id`)
) ENGINE=InnoDB AUTO_INCREMENT=11 DEFAULT CHARSET=latin1;

--
-- Dumping data for table `jr_designation`
--

INSERT INTO `jr_designation` (`designation_id`, `designation_name`, `designation_abbr`, `designation_show_status`, `designation_createOn`, `designation_createBy`, `designation_updateOn`, `designation_updateBy`) VALUES
(1, 'Inspector', 'Ins', 1, '2019-01-05 11:43:20', 11, '2019-01-05 11:43:45', 11),
(2, 'Auditor', 'AI', 1, '2019-01-05 11:44:16', 11, '2019-01-05 11:44:49', 11),
(3, 'sdad', 'rr', 1, '2019-03-16 18:12:25', 11, '2019-03-16 18:12:25', 11),
(4, 'dfdsdfsdfds', 'dgfgf', 1, '2019-03-16 19:29:57', 11, '2019-03-16 19:29:57', 11),
(5, 'dfxdfdsf', 'dfdsf', 1, '2019-03-16 19:32:27', 11, '2019-03-16 19:32:27', 11),
(6, 'sdsasdasfas', 'fd', 1, '2019-03-16 19:48:55', 11, '2019-03-16 19:48:55', 11),
(7, 'dfdsf', 'dfsdf', 1, '2019-03-16 20:16:45', 11, '2019-03-16 20:16:45', 11),
(8, 'test', 'cvcv', 1, '2019-11-06 23:55:41', 11, '2019-11-06 23:55:41', 11),
(9, 'test1', 'fgdf', 1, '2019-11-06 23:56:12', 11, '2019-11-06 23:56:12', 11),
(10, 'Delivery Boy', 'DEB', 1, '2020-02-23 20:28:22', 11, '2020-02-23 20:28:22', 11);

-- --------------------------------------------------------

--
-- Table structure for table `jr_menu_module`
--

DROP TABLE IF EXISTS `jr_menu_module`;
CREATE TABLE IF NOT EXISTS `jr_menu_module` (
  `menu_id` int(11) NOT NULL AUTO_INCREMENT,
  `menu_name` varchar(255) NOT NULL,
  `menu_area` varchar(255) NOT NULL,
  `menu_link` varchar(255) NOT NULL,
  `menu_path` varchar(155) NOT NULL,
  `menu_active_name` varchar(50) NOT NULL,
  `menu_position` int(11) NOT NULL,
  `menu_parent` int(11) NOT NULL DEFAULT 0,
  `menu_status` int(11) NOT NULL DEFAULT 1,
  `top_menu_position` int(11) NOT NULL,
  `menu_createOn` datetime NOT NULL,
  `menu_createBy` int(11) NOT NULL,
  `menu_updateOn` datetime NOT NULL,
  `menu_updateBy` int(11) NOT NULL,
  PRIMARY KEY (`menu_id`)
) ENGINE=InnoDB AUTO_INCREMENT=188 DEFAULT CHARSET=latin1;

--
-- Dumping data for table `jr_menu_module`
--

INSERT INTO `jr_menu_module` (`menu_id`, `menu_name`, `menu_area`, `menu_link`, `menu_path`, `menu_active_name`, `menu_position`, `menu_parent`, `menu_status`, `top_menu_position`, `menu_createOn`, `menu_createBy`, `menu_updateOn`, `menu_updateBy`) VALUES
(29, 'Staffs', 'HRM', 'staffs.php', 'auth/staffsList', 'auth', 1, 0, 1, 2, '2019-01-05 11:43:20', 11, '2019-01-05 11:43:20', 11),
(30, 'Staffs add and edit', 'HRM', 'staffs.php', 'auth/staffsList', 'auth', 1, 29, 1, 2, '2019-01-05 11:43:20', 11, '2019-10-01 06:22:05', 11),
(34, 'Role Group', 'Admin', 'RoleGroup.php', 'admin/RoleGroup', 'admin', 1, 0, 1, 1, '2019-01-05 11:43:20', 11, '2020-03-07 10:57:24', 11),
(35, 'Admin Role', 'Admin', 'AdminRole.php', 'admin/AdminModule', 'admin', 2, 0, 1, 1, '2019-09-15 20:49:28', 11, '2019-09-15 23:03:20', 5),
(42, 'INITIATE RFI', 'RFI', 'Initiaterfi.php', 'RFI/Initiaterfi', 'RFITracking', 1, 0, 1, 4, '2019-09-15 21:18:38', 11, '2019-12-22 18:26:38', 11),
(52, 'Staffs delete', 'HRM', 'staffs.php', 'auth/staffsList', 'auth', 2, 29, 1, 2, '2019-09-30 09:34:28', 11, '2019-09-30 09:34:28', 11),
(53, 'Staffs Certificate', 'HRM', 'staffs.php', 'auth/staffsList', 'auth', 3, 29, 1, 2, '2019-09-30 18:30:03', 11, '2019-09-30 18:30:03', 11),
(54, 'Staffs Attachement', 'HRM', 'staffs.php', 'auth/staffsList', 'auth', 4, 29, 1, 2, '2019-09-30 18:30:31', 11, '2019-09-30 18:30:31', 11),
(55, 'Staffs all details download pdf', 'HRM', 'staffs.php', 'auth/staffsList', 'auth', 5, 29, 1, 2, '2019-10-01 06:24:45', 11, '2019-10-01 06:24:45', 11),
(56, 'Staffs all details download excel', 'HRM', 'staffs.php', 'auth/staffsList', 'auth', 6, 29, 1, 2, '2019-10-01 06:25:01', 11, '2019-10-01 06:25:01', 11),
(57, 'Clients all details download excel', 'Operation', 'ClientsManage.php', 'operation/ClientsManage', 'operation', 4, 32, 1, 3, '2019-10-01 06:28:33', 11, '2019-10-01 06:30:04', 11),
(58, 'Clients all details download pdf', 'Operation', 'ClientsManage.php', 'operation/ClientsManage', 'operation', 3, 32, 1, 3, '2019-10-01 06:28:48', 11, '2019-10-01 06:29:58', 11),
(59, 'Clients add and edit', 'Operation', 'ClientsManage.php', 'operation/ClientsManage', 'operation', 2, 32, 1, 3, '2019-10-01 06:31:13', 11, '2019-10-01 06:31:13', 11),
(60, 'Clients delete', 'Operation', 'ClientsManage.php', 'operation/ClientsManage', 'operation', 1, 32, 1, 3, '2019-10-01 06:31:27', 11, '2019-10-01 06:31:27', 11),
(61, 'Project delete', 'Operation', 'ProjectManage.php', 'operation/ProjectManage', 'operation', 1, 33, 1, 3, '2019-10-01 06:34:48', 11, '2019-10-01 06:34:48', 11),
(62, 'Project add and edit', 'Operation', 'ProjectManage.php', 'operation/ProjectManage', 'operation', 2, 33, 1, 3, '2019-10-01 06:35:08', 11, '2019-10-01 06:35:08', 11),
(63, 'Project all details download pdf', 'Operation', 'ProjectManage.php', 'operation/ProjectManage', 'operation', 3, 33, 1, 3, '2019-10-01 06:36:07', 11, '2019-10-01 06:36:07', 11),
(64, 'Project all details download excel', 'Operation', 'ProjectManage.php', 'operation/ProjectManage', 'operation', 4, 33, 1, 3, '2019-10-01 06:36:39', 11, '2019-10-01 06:36:39', 11),
(65, 'JobNo all details download excel', 'Operation', 'JobNo.php', 'operation/JobNo', 'operation', 4, 37, 1, 3, '2019-10-01 06:39:07', 11, '2019-10-01 06:39:46', 11),
(66, 'JobNo all details download pdf', 'Operation', 'JobNo.php', 'operation/JobNo', 'operation', 3, 37, 1, 3, '2019-10-01 06:40:10', 11, '2019-10-01 06:40:10', 11),
(67, 'JobNo add and edit', 'Operation', 'JobNo.php', 'operation/JobNo', 'operation', 2, 37, 1, 3, '2019-10-01 06:40:33', 11, '2019-10-01 06:40:53', 11),
(68, 'JobNo delete', 'Operation', 'JobNo.php', 'operation/JobNo', 'operation', 1, 37, 1, 3, '2019-10-01 06:41:11', 11, '2019-10-01 06:41:11', 11),
(69, 'Inspector delete', 'Operation', 'Inspector.php', 'operation/inspector', 'operation', 1, 38, 1, 3, '2019-10-01 06:44:26', 11, '2019-10-01 06:44:26', 11),
(70, 'Inspector add and edit', 'Operation', 'Inspector.php', 'operation/inspector', 'operation', 2, 38, 1, 3, '2019-10-01 06:44:42', 11, '2019-10-01 06:44:42', 11),
(71, 'Inspector all details download pdf', 'Operation', 'Inspector.php', 'operation/inspector', 'operation', 3, 38, 1, 3, '2019-10-01 06:45:19', 11, '2019-10-01 06:45:19', 11),
(72, 'Inspector all details download excel', 'Operation', 'Inspector.php', 'operation/inspector', 'operation', 4, 38, 1, 3, '2019-10-01 06:45:32', 11, '2019-10-01 06:45:32', 11),
(73, 'NDTContractor all details download excel', 'Thirdparty', 'NDTContractor.php', 'operation/NDTContractor', 'thirdparty', 4, 39, 1, 4, '2019-10-01 06:49:43', 11, '2019-10-01 06:49:43', 11),
(74, 'NDTContractor all details download pdf', 'Thirdparty', 'NDTContractor.php', 'operation/NDTContractor', 'thirdparty', 3, 39, 1, 4, '2019-10-01 06:50:05', 11, '2019-10-01 06:50:05', 11),
(75, 'NDTContractor add and edit', 'Thirdparty', 'NDTContractor.php', 'operation/NDTContractor', 'thirdparty', 2, 39, 1, 4, '2019-10-01 06:50:35', 11, '2019-10-01 06:50:35', 11),
(76, 'NDTContractor delete', 'Thirdparty', 'NDTContractor.php', 'operation/NDTContractor', 'thirdparty', 1, 39, 1, 4, '2019-10-01 06:50:54', 11, '2019-10-01 06:50:54', 11),
(77, 'ECContractor delete', 'Thirdparty', 'ECContractor.php', 'operation/ECContractor', 'thirdparty', 1, 40, 1, 4, '2019-10-01 06:52:03', 11, '2019-10-01 06:52:03', 11),
(78, 'ECContractor add and edit', 'Thirdparty', 'ECContractor.php', 'operation/ECContractor', 'thirdparty', 2, 40, 1, 4, '2019-10-01 06:52:21', 11, '2019-10-01 06:52:21', 11),
(79, 'ECContractor all details download pdf', 'Thirdparty', 'ECContractor.php', 'operation/ECContractor', 'thirdparty', 3, 40, 1, 4, '2019-10-01 06:53:03', 11, '2019-10-01 06:53:03', 11),
(80, 'ECContractor all details download excel', 'Thirdparty', 'ECContractor.php', 'operation/ECContractor', 'thirdparty', 4, 40, 1, 4, '2019-10-01 06:53:12', 11, '2019-10-01 06:53:12', 11),
(81, 'MTLContractor all details download excel', 'Thirdparty', 'MTLContractor.php', 'operation/MTLContractor', 'thirdparty', 4, 41, 1, 4, '2019-10-01 06:54:22', 11, '2019-10-01 06:54:22', 11),
(82, 'MTLContractor all details download pdf', 'Thirdparty', 'MTLContractor.php', 'operation/MTLContractor', 'thirdparty', 3, 41, 1, 4, '2019-10-01 06:54:33', 11, '2019-10-01 06:54:33', 11),
(83, 'MTLContractor add and edit', 'Thirdparty', 'MTLContractor.php', 'operation/MTLContractor', 'thirdparty', 2, 41, 1, 4, '2019-10-01 06:54:50', 11, '2019-10-01 06:54:50', 11),
(84, 'MTLContractor delete', 'Masters', 'MTLContractor.php', 'operation/MTLContractor', 'thirdparty', 1, 41, 1, 4, '2019-10-01 06:55:07', 11, '2019-10-01 06:55:07', 11),
(85, 'INITIATE RFI delete', 'RFI', 'Initiaterfi.php', 'RFI/Initiaterfi', 'Initiaterfi', 1, 42, 1, 4, '2019-10-01 06:58:09', 11, '2019-12-22 20:09:50', 11),
(86, 'INITIATE RFI add and edit', 'RFI', 'Initiaterfi.php', 'RFI/Initiaterfi', 'Initiaterfi', 2, 42, 1, 4, '2019-10-01 06:58:33', 11, '2019-12-22 20:09:30', 11),
(87, 'INITIATE RFI all details download pdf', 'RFI', 'Initiaterfi.php', 'RFI/Initiaterfi', 'Initiaterfi', 3, 42, 1, 4, '2019-10-01 06:59:01', 11, '2019-12-22 20:09:11', 11),
(88, 'INITIATE RFI	 all details download excel', 'RFI', 'Initiaterfi.php', 'RFI/Initiaterfi', 'Initiaterfi', 4, 42, 1, 4, '2019-10-01 06:59:13', 11, '2019-12-22 20:10:04', 11),
(102, 'Equipment add and edit', 'QA/QC', 'Equipment.php', 'operation/Equipment', 'masters', 2, 44, 1, 5, '2019-10-01 07:10:56', 11, '2019-10-01 07:10:56', 11),
(103, 'Equipment all details download pdf', 'QA/QC', 'Equipment.php', 'operation/Equipment', 'masters', 3, 44, 1, 5, '2019-10-01 07:11:18', 11, '2019-10-01 07:11:18', 11),
(104, 'Equipment all details download excel', 'QA/QC', 'Equipment.php', 'operation/Equipment', 'masters', 4, 44, 1, 5, '2019-10-01 07:11:33', 11, '2019-10-01 07:11:33', 11),
(105, 'Equipment Sub Grid delete', 'QA/QC', 'Equipment.php', 'operation/Equipment', 'masters', 5, 44, 1, 5, '2019-10-02 00:57:03', 11, '2019-10-02 00:57:03', 11),
(106, 'Equipment Sub Grid add and edit', 'QA/QC', 'Equipment.php', 'operation/Equipment', 'masters', 6, 44, 1, 5, '2019-10-02 00:57:25', 11, '2019-10-02 00:57:25', 11),
(107, 'RoleGroup add and edit', 'Admin', 'RoleGroup.php', 'admin/RoleGroup', 'admin', 1, 34, 1, 1, '2019-10-02 01:11:36', 11, '2019-10-02 01:11:36', 11),
(108, 'RoleGroup delete', 'Admin', 'RoleGroup.php', 'admin/RoleGroup', 'admin', 2, 34, 1, 1, '2019-10-02 01:12:16', 11, '2019-10-02 01:12:16', 11),
(109, 'RoleGroup all details download pdf', 'Admin', 'RoleGroup.php', 'admin/RoleGroup', 'admin', 3, 34, 1, 1, '2019-10-02 01:12:51', 11, '2019-10-02 01:12:51', 11),
(110, 'RoleGroup all details download excel', 'Admin', 'RoleGroup.php', 'admin/RoleGroup', 'admin', 4, 34, 1, 1, '2019-10-02 01:13:08', 11, '2020-02-16 13:31:51', 11),
(111, 'AdminRole add and edit', 'Admin', 'AdminRole.php', 'admin/AdminModule', 'admin', 1, 35, 1, 1, '2019-10-02 01:17:09', 11, '2019-10-02 01:17:09', 11),
(112, 'AdminRole delete', 'Admin', 'AdminRole.php', 'admin/AdminModule', 'admin', 2, 35, 1, 1, '2019-10-02 01:17:40', 11, '2019-10-02 01:17:40', 11),
(113, 'AdminRole all details download pdf', 'Admin', 'AdminRole.php', 'admin/AdminModule', 'admin', 3, 35, 1, 1, '2019-10-02 01:18:13', 11, '2019-10-02 01:18:13', 11),
(114, 'AdminRole all details download excel', 'Admin', 'AdminRole.php', 'admin/AdminModule', 'admin', 3, 35, 1, 1, '2019-10-02 01:18:39', 11, '2019-10-02 01:18:39', 11),
(115, 'Staffs roles edit', 'HRM', 'staffs.php', 'auth/staffsList', 'auth', 7, 29, 1, 2, '2019-10-08 11:25:22', 11, '2019-10-08 11:25:22', 11),
(116, 'Category', 'Masters', 'Category.php', 'masters/Category', 'masters', 1, 0, 1, 2, '2019-10-19 00:23:35', 11, '2020-02-24 22:24:38', 11),
(117, 'SubCategory', 'Masters', 'SubCategory.php', 'masters/SubCategory', 'masters', 2, 0, 1, 2, '2019-10-19 00:24:21', 11, '2020-02-25 16:49:04', 11),
(118, 'Discipline', 'Masters', 'Discipline.php', 'masters/Discipline', 'masters', 3, 0, 1, 2, '2019-10-19 00:24:53', 11, '2019-10-19 00:24:53', 11),
(119, 'Category delete', 'Masters', 'Category.php', 'masters/Category', 'masters', 1, 116, 1, 2, '2019-10-19 00:28:24', 11, '2020-02-24 22:25:43', 11),
(120, 'Category add and edit', 'Masters', 'Category.php', 'masters/Category', 'masters', 2, 116, 1, 2, '2019-10-19 00:28:57', 11, '2020-02-24 22:25:28', 11),
(121, 'Category all details download pdf', 'Masters', 'Category.php', 'masters/Category', 'masters', 3, 116, 1, 2, '2019-10-19 00:29:45', 11, '2020-02-24 22:25:16', 11),
(122, 'Category all details download excel	', 'Masters', 'Category.php', 'masters/Category', 'masters', 4, 116, 1, 2, '2019-10-19 00:30:09', 11, '2020-02-24 22:25:05', 11),
(123, 'Discipline all details download excel	', 'Masters', 'Discipline.php', 'masters/Discipline', 'masters', 4, 118, 1, 2, '2019-10-19 00:31:46', 11, '2019-10-19 00:31:46', 11),
(124, 'Discipline all details download pdf	', 'Masters', 'Discipline.php', 'masters/Discipline', 'masters', 3, 118, 1, 2, '2019-10-19 00:32:23', 11, '2019-10-19 00:32:23', 11),
(125, 'Discipline add and edit	', 'Masters', 'Discipline.php', 'masters/Discipline', 'masters', 2, 118, 1, 2, '2019-10-19 00:32:57', 11, '2019-10-19 00:32:57', 11),
(126, 'Discipline delete	', 'Masters', 'Discipline.php', 'masters/Discipline', 'masters', 1, 118, 1, 2, '2019-10-19 00:33:20', 11, '2019-10-19 00:33:20', 11),
(127, 'SubCategory delete	', 'Masters', 'SubCategory.php', 'masters/SubCategory', 'masters', 1, 117, 1, 2, '2019-10-19 00:35:27', 11, '2020-02-25 16:50:02', 11),
(128, 'SubCategory add and edit	', 'Masters', 'SubCategory.php', 'masters/SubCategory', 'masters', 2, 117, 1, 2, '2019-10-19 00:35:48', 11, '2020-02-25 16:49:54', 11),
(129, 'SubCategory all details download pdf', 'Masters', 'SubCategory.php', 'masters/SubCategory', 'masters', 3, 117, 1, 2, '2019-10-19 00:36:15', 11, '2020-02-25 16:49:43', 11),
(130, 'SubCategory all details download excel	', 'Masters', 'SubCategory.php', 'masters/SubCategory', 'masters', 4, 117, 1, 2, '2019-10-19 00:36:41', 11, '2020-02-25 16:49:32', 11),
(131, 'SATIP', 'Masters', 'Satip.php', 'masters/Satip', 'masters', 4, 0, 1, 2, '2019-10-19 10:09:53', 11, '2019-12-22 16:16:25', 11),
(132, 'Satip all details download excel', 'Masters', 'Satip.php', 'masters/Satip', 'masters', 4, 131, 1, 2, '2019-10-19 10:11:40', 11, '2019-10-19 10:11:40', 11),
(133, 'Satip all details download pdf', 'Masters', 'Satip.php', 'masters/Satip', 'masters', 3, 131, 1, 2, '2019-10-19 10:12:08', 11, '2019-10-19 10:12:08', 11),
(134, 'Satip add and edit	', 'Masters', 'Satip.php', 'masters/Satip', 'masters', 2, 131, 1, 2, '2019-10-19 10:12:31', 11, '2019-10-19 10:12:31', 11),
(135, 'Satip delete', 'Masters', 'Satip.php', 'masters/Satip', 'masters', 1, 131, 1, 2, '2019-10-19 10:12:55', 11, '2019-10-19 10:12:55', 11),
(136, 'RFI No', 'RFI', 'RfiNo.php', 'RFI/RFINo', 'RFINo', 2, 0, 1, 4, '2019-11-03 17:52:40', 11, '2019-12-22 20:49:10', 11),
(137, 'RFI No delete', 'RFI', 'RfiNo.php', 'RFI/RFINo', 'RFINo', 1, 136, 1, 4, '2019-11-03 17:55:31', 11, '2019-12-22 20:53:49', 11),
(138, 'RFI No add and edit', 'RFI', 'RfiNo.php', 'RFI/RFINo', 'RFINo', 2, 136, 1, 4, '2019-11-03 17:56:45', 11, '2019-12-22 20:53:02', 11),
(139, 'RFI No all details download pdf', 'RFI', 'RfiNo.php', 'RFI/RFINo', 'RFINo', 3, 136, 1, 4, '2019-11-03 17:57:24', 11, '2019-12-22 21:54:51', 11),
(140, 'RFI No all details download excel	', 'RFI', 'RfiNo.php', 'RFI/RFINo', 'RFINo', 4, 136, 1, 4, '2019-11-03 17:57:52', 11, '2019-12-22 20:52:15', 11),
(141, 'Satip Serial No', 'Masters', 'SatipSerialNo.php', 'masters/SatipSerialNo', 'masters', 5, 0, 1, 2, '2019-11-05 21:43:35', 11, '2019-11-05 21:43:35', 11),
(142, 'Satip Serial No delete', 'Masters', 'SatipSerialNo.php', 'masters/SatipSerialNo', 'masters', 1, 141, 1, 2, '2019-11-05 21:46:04', 11, '2019-11-05 21:55:44', 11),
(143, 'Satip Serial No add and edit', 'Masters', 'SatipSerialNo.php', 'masters/SatipSerialNo', 'masters', 2, 141, 1, 2, '2019-11-05 21:47:42', 11, '2019-11-05 21:55:40', 11),
(144, 'Satip Serial No all details download pdf', 'Masters', 'SatipSerialNo.php', 'masters/SatipSerialNo', 'masters', 3, 141, 1, 2, '2019-11-05 21:48:07', 11, '2019-11-05 21:55:36', 11),
(145, 'Satip Serial No all details download excel', 'Masters', 'SatipSerialNo.php', 'masters/SatipSerialNo', 'masters', 4, 141, 1, 2, '2019-11-05 21:48:28', 11, '2019-11-05 21:55:31', 11),
(146, 'Satip Project Phase', 'Masters', 'SatipProjectPhase.php', 'masters/SatipProjectPhase', 'masters', 6, 0, 1, 2, '2019-11-05 23:20:07', 11, '2019-11-05 23:20:07', 11),
(147, 'Satip Project Phase delete', 'Masters', 'SatipProjectPhase.php', 'masters/SatipProjectPhase', 'masters', 1, 146, 1, 2, '2019-11-05 23:21:05', 11, '2019-11-05 23:21:05', 11),
(148, 'Satip Project Phase add and edit', 'Masters', 'SatipProjectPhase.php', 'masters/SatipProjectPhase', 'masters', 2, 146, 1, 2, '2019-11-05 23:23:33', 11, '2019-11-05 23:23:33', 11),
(149, 'Satip Project Phase all details download pdf', 'Masters', 'SatipProjectPhase.php', 'masters/SatipProjectPhase', 'masters', 3, 146, 1, 2, '2019-11-05 23:24:11', 11, '2019-11-05 23:24:11', 11),
(150, 'Satip Project Phase all details download excel', 'Masters', 'SatipProjectPhase.php', 'masters/SatipProjectPhase', 'masters', 4, 146, 1, 2, '2019-11-05 23:24:29', 11, '2019-11-05 23:24:29', 11),
(151, 'RFI Request Sheet', 'Downloads', 'RFIRequestSheet.php', 'Downloads/RFIRequestSheet', 'RFIRequestSheet', 1, 0, 1, 5, '2019-11-21 07:33:21', 11, '2019-12-25 15:17:07', 11),
(152, 'RFI Reply Sheet', 'Downloads', 'RFIReplySheet.php', 'Downloads/RFIReplySheet', 'RFIReplySheet', 2, 0, 1, 5, '2019-11-21 07:33:53', 11, '2019-12-25 15:18:21', 11),
(153, 'Eng Index', 'Masters', 'EngIndex.php', 'masters/EngIndex', 'masters', 7, 0, 1, 3, '2019-11-22 07:48:20', 11, '2019-12-05 07:52:02', 11),
(154, 'Eng Index add and edit', 'Masters', 'EngIndex.php', 'masters/EngIndex', 'masters', 2, 153, 1, 3, '2019-11-22 07:53:06', 11, '2019-12-05 07:59:40', 11),
(155, 'Eng Index delete', 'Masters', 'EngIndex.php', 'masters/EngIndex', 'masters', 1, 153, 1, 3, '2019-11-23 12:26:11', 11, '2019-12-05 07:53:11', 11),
(156, 'Eng Index all details download pdf', 'Masters', 'EngIndex.php', 'masters/EngIndex', 'masters', 3, 153, 1, 3, '2019-11-23 12:26:50', 11, '2019-12-05 07:52:57', 11),
(157, 'Eng Index all details download excel	', 'Masters', 'EngIndex.php', 'masters/EngIndex', 'masters', 4, 153, 1, 3, '2019-11-23 12:27:31', 11, '2019-12-05 07:52:35', 11),
(158, 'Eng Index excel	', 'Masters', 'EngIndex.php', 'masters/EngIndex', 'masters', 5, 153, 1, 3, '2019-11-23 12:28:06', 11, '2019-12-05 07:52:19', 11),
(159, 'Satip Import excel', 'Masters', 'Satip.php', 'masters/Satip/importSatipExcel', 'masters', 5, 131, 1, 2, '2019-11-26 01:31:59', 11, '2019-11-26 01:31:59', 11),
(160, 'Rfi Sapid', 'Masters', 'RfiSapid.php', 'masters/RfiSapid', 'masters', 8, 0, 1, 2, '2019-12-05 08:12:11', 11, '2019-12-05 08:12:11', 11),
(161, 'Rfi Sapid delete', 'Masters', 'RfiSapid.php', 'masters/RfiSapid', 'masters', 1, 160, 1, 2, '2019-12-05 08:14:27', 11, '2019-12-05 08:14:27', 11),
(162, 'Rfi Sapid add and edit', 'Masters', 'RfiSapid.php', 'masters/RfiSapid', 'masters', 2, 160, 1, 2, '2019-12-05 08:15:00', 11, '2019-12-05 08:15:00', 11),
(163, 'Rfi Sapid all details download pdf', 'Masters', 'RfiSapid.php', 'masters/RfiSapid', 'masters', 3, 160, 1, 2, '2019-12-05 08:17:57', 11, '2019-12-05 08:17:57', 11),
(164, 'Rfi Sapid all details download excel', 'Masters', 'RfiSapid.php', 'masters/RfiSapid', 'masters', 4, 160, 1, 2, '2019-12-05 08:18:43', 11, '2019-12-05 08:18:43', 11),
(165, 'Rfi Sapmt', 'Masters', 'RfiSapmt.php', 'masters/RfiSapmt', 'masters', 9, 0, 1, 2, '2019-12-05 08:27:57', 11, '2019-12-05 08:27:57', 11),
(166, 'Rfi Sapmt delete', 'Masters', 'RfiSapmt.php', 'masters/RfiSapmt', 'masters', 1, 165, 1, 2, '2019-12-05 08:30:31', 11, '2019-12-05 08:30:31', 11),
(167, 'Rfi Sapmt add and edit', 'Masters', 'RfiSapmt.php', 'masters/RfiSapmt', 'masters', 2, 165, 1, 2, '2019-12-05 08:30:57', 11, '2019-12-05 08:30:57', 11),
(168, 'Rfi Sapmt all details download pdf', 'Masters', 'RfiSapmt.php', 'masters/RfiSapmt', 'masters', 3, 165, 1, 2, '2019-12-05 08:31:19', 11, '2019-12-05 08:31:19', 11),
(169, 'Rfi Sapmt all details download excel', 'Masters', 'RfiSapmt.php', 'masters/RfiSapmt', 'masters', 4, 165, 1, 2, '2019-12-05 08:31:47', 11, '2019-12-05 08:31:47', 11),
(170, 'RFI Request Sheet Excel Export', 'Downloads', 'RFIRequestSheet.php', 'Downloads/RFIRequestSheet/ExportRFIRequestExcel', 'RFIRequestSheet', 1, 151, 1, 5, '2019-12-25 14:22:58', 11, '2019-12-25 15:16:39', 11),
(171, 'RFI Reply Sheet Excel Export', 'Downloads', 'RFIReplySheet.php', 'Downloads/RFIReplySheet/ExportRFIReply', 'RFIReplySheet', 1, 152, 1, 5, '2019-12-25 14:25:17', 11, '2019-12-25 15:18:38', 11),
(172, 'Customer', 'HRM', 'customer.php', 'auth/customerList', 'auth', 2, 0, 1, 2, '2020-02-24 17:41:56', 11, '2020-02-24 17:41:56', 11),
(173, 'Customer roles edit', 'HRM', 'customer.php', 'auth/customerList', 'auth', 1, 172, 1, 2, '2020-02-24 17:43:45', 11, '2020-02-24 17:43:45', 11),
(174, 'Customer all details download excel', 'HRM', 'customer.php', 'auth/customerList', 'auth', 2, 172, 1, 2, '2020-02-24 17:44:43', 11, '2020-02-24 17:44:43', 11),
(175, 'Customer all details download pdf', 'HRM', 'customer.php', 'auth/customerList', 'auth', 3, 172, 1, 2, '2020-02-24 17:44:59', 11, '2020-02-24 17:44:59', 11),
(176, 'Customer add and edit', 'HRM', 'customer.php', 'auth/customerList', 'auth', 4, 172, 1, 2, '2020-02-24 17:45:45', 11, '2020-02-24 17:45:45', 11),
(177, 'Customer delete', 'HRM', 'customer.php', 'auth/customerList', 'auth', 5, 172, 1, 2, '2020-02-24 17:46:02', 11, '2020-02-24 17:46:02', 11),
(180, 'Layer', 'Masters', 'Layer.php', 'masters/Layer', 'masters', 10, 0, 1, 2, '2020-02-27 14:59:26', 11, '2020-02-27 15:00:27', 11),
(181, 'Layer delete', 'Masters', 'Layer.php', 'masters/Layer', 'masters', 1, 180, 1, 2, '2019-10-19 00:28:24', 11, '2020-02-24 22:25:43', 11),
(182, 'Layer add and edit', 'Masters', 'Layer.php', 'masters/Layer', 'masters', 2, 180, 1, 2, '2019-10-19 00:28:57', 11, '2020-02-24 22:25:28', 11),
(183, 'Company Details', 'Admin', 'CompanyDetails.php', 'admin/CompanyDetails', 'admin', 3, 0, 1, 1, '2020-03-07 11:03:13', 11, '2020-03-07 11:03:13', 11),
(184, 'CompanyDetails add and edit', 'Admin', 'CompanyDetails.php', 'admin/CompanyDetails', 'admin', 1, 183, 1, 1, '2020-03-07 11:05:26', 11, '2020-03-07 11:05:26', 11),
(185, 'Employee Details', 'Admin', 'EmployeeDetails.php', 'admin/EmpaloyeeDetails', 'admin', 3, 0, 1, 1, '2020-03-07 11:07:27', 11, '2020-03-07 11:07:27', 11),
(186, 'EmployeeDetails add and edit', 'Admin', 'EmployeeDetails.php', 'admin/EmployeeDetails', 'admin', 1, 185, 1, 1, '2020-03-07 11:08:20', 11, '2020-03-07 11:08:20', 11),
(187, 'EmployeeDetails delete', 'Admin', 'EmployeeDetails.php', 'admin/EmployeeDetails', 'admin', 2, 185, 1, 1, '2020-03-07 11:10:16', 11, '2020-03-07 11:10:16', 11);

-- --------------------------------------------------------

--
-- Table structure for table `jr_staffs`
--

DROP TABLE IF EXISTS `jr_staffs`;
CREATE TABLE IF NOT EXISTS `jr_staffs` (
  `staffs_id` int(11) NOT NULL AUTO_INCREMENT,
  `user_id` int(11) UNSIGNED NOT NULL,
  `staffs_employee_id` varchar(255) NOT NULL,
  `staffs_employee_name` varchar(255) NOT NULL,
  `staffs_employee_middle_name` varchar(255) NOT NULL,
  `staffs_employee_last_name` varchar(255) NOT NULL,
  `staffs_designation` int(11) NOT NULL,
  `staffs_gender` enum('Male','Female') NOT NULL,
  `staffs_dob` date NOT NULL,
  `staffs_doj` date NOT NULL,
  `staffs_phone_number` varchar(25) NOT NULL,
  `staffs_home_phone_number` varchar(15) NOT NULL,
  `staffs_mobile_phone_number` varchar(15) NOT NULL,
  `staffs_email` varchar(60) NOT NULL,
  `staffs_alternative_email` varchar(60) NOT NULL,
  `staffs_passport_no` varchar(255) NOT NULL,
  `staffs_passport_expiry_date` date NOT NULL,
  `staffs_passport_attachment` varchar(255) NOT NULL,
  `staffs_nationality` varchar(255) NOT NULL,
  `staffs_address` varchar(255) NOT NULL,
  `staffs_home_address` varchar(255) NOT NULL,
  `staffs_iqama_number` varchar(255) NOT NULL,
  `staffs_iqama_expairye_date` date NOT NULL,
  `staffs_iqama_attachment` varchar(255) NOT NULL,
  `staffs_emplove_cv` varchar(255) NOT NULL,
  `staffs_resigned_date` date NOT NULL,
  `staffs_resigned_reason` text NOT NULL,
  `staffs_resigned_attachment` varchar(255) NOT NULL,
  `staffs_department` varchar(255) NOT NULL,
  `staffs_CWI_body` text NOT NULL,
  `staffs_CWI` varchar(255) NOT NULL,
  `staffs_CWI_no` varchar(255) NOT NULL,
  `staffs_CWI_issued_date` date NOT NULL,
  `staffs_CWI_date` date NOT NULL,
  `staffs_cwi_attachment` varchar(255) NOT NULL,
  `staffs_photo` varchar(255) NOT NULL,
  `staffs_certificate_no` varchar(100) NOT NULL,
  `staffs_expiry_date` date NOT NULL,
  `staffs_certificate_issued_by` varchar(255) NOT NULL,
  `staffs_certificate_attachment` varchar(255) NOT NULL,
  `staffs_attachment` varchar(255) NOT NULL,
  `staffs_show_status` int(11) NOT NULL DEFAULT 1,
  `staffs_createOn` datetime NOT NULL,
  `staffs_createBy` int(11) NOT NULL,
  `staffs_updateOn` datetime NOT NULL,
  `staffs_updateBy` int(11) NOT NULL,
  PRIMARY KEY (`staffs_id`),
  KEY `staffs_designation` (`staffs_designation`),
  KEY `user_id` (`user_id`)
) ENGINE=InnoDB AUTO_INCREMENT=5 DEFAULT CHARSET=latin1;

--
-- Dumping data for table `jr_staffs`
--

INSERT INTO `jr_staffs` (`staffs_id`, `user_id`, `staffs_employee_id`, `staffs_employee_name`, `staffs_employee_middle_name`, `staffs_employee_last_name`, `staffs_designation`, `staffs_gender`, `staffs_dob`, `staffs_doj`, `staffs_phone_number`, `staffs_home_phone_number`, `staffs_mobile_phone_number`, `staffs_email`, `staffs_alternative_email`, `staffs_passport_no`, `staffs_passport_expiry_date`, `staffs_passport_attachment`, `staffs_nationality`, `staffs_address`, `staffs_home_address`, `staffs_iqama_number`, `staffs_iqama_expairye_date`, `staffs_iqama_attachment`, `staffs_emplove_cv`, `staffs_resigned_date`, `staffs_resigned_reason`, `staffs_resigned_attachment`, `staffs_department`, `staffs_CWI_body`, `staffs_CWI`, `staffs_CWI_no`, `staffs_CWI_issued_date`, `staffs_CWI_date`, `staffs_cwi_attachment`, `staffs_photo`, `staffs_certificate_no`, `staffs_expiry_date`, `staffs_certificate_issued_by`, `staffs_certificate_attachment`, `staffs_attachment`, `staffs_show_status`, `staffs_createOn`, `staffs_createBy`, `staffs_updateOn`, `staffs_updateBy`) VALUES
(1, 32, '54355435', 'Demo', 'user', 'user2', 1, 'Male', '1994-07-03', '2019-09-01', '0442252222', '414552266', '8675490094', 'demouser@gmail.com1', '', 'IW345905', '2020-06-16', '~cdn/passportAttachmentStaffs/envato-logo4.png', 'Indian', 'test', 'test2', 'IQMA54545', '2019-11-21', '~cdn/iqamaAttachmentStaffs/signature4.png', '~cdn/emploveCVvStaffs/jegatheesh_fire_134.pdf', '2019-09-27', 'Resigned Reason', '~cdn/resignedAttachmentStaffs/jegatheesh_fire_123.pdf', '', '1', '', 'CDE454534', '2019-09-02', '2019-10-17', '~cdn/cwiAttachmentStaffs/jegatheesh_fire_12.pdf', '~cdn/photoStaffs/profile-menu-image6.png', 'VCD5454555', '2019-10-24', 'Sha', '~cdn/certificateAttachmentStaffs/jegatheesh_fire_124.pdf', '', 1, '2019-09-22 09:51:11', 11, '2019-10-06 12:27:42', 11),
(2, 33, '54355435', 'demo2', 'user2', 'use2', 1, 'Female', '2019-09-23', '2019-09-09', '65646646', '8455225666', '8675490094', 'demouser2@gmail.com', '', 'ERR33455', '2019-09-23', '~cdn/passportAttachmentStaffs/jegatheesh_fire_13.pdf', 'indian', 'test2', 'test3', '5435IQMS', '2019-09-11', '~cdn/iqamaAttachmentStaffs/rubansign.jpg', '~cdn/emploveCVvStaffs/jegatheesh_fire_12.pdf', '2019-09-12', 'Resigned Reason22', '~cdn/resignedAttachmentStaffs/jegatheesh_fire_13.pdf', '', '1', '3', '5453453', '2019-09-27', '2019-09-28', '~cdn/cwiAttachmentStaffs/jegatheesh_fire_13.pdf', '~cdn/photoStaffs/3.jpg', '5455525', '2019-09-28', 'sa', '~cdn/certificateAttachmentStaffs/jegatheesh_fire_125.pdf', '', 1, '2019-09-22 10:35:29', 11, '2020-02-24 14:49:09', 11),
(3, 11, '54355435', 'Demo11111', 'user', 'user2', 1, 'Male', '1994-07-03', '2019-09-01', '0442252222', '414552266', '8675490094', 'demouser1@gmail.com1', '', 'IW345905', '2020-06-16', '', '', '', '', '', '2019-10-02', '', '', '2019-10-16', '', '', '', '', '', '', '2019-10-30', '2019-10-25', '', '', '', '2019-10-03', '', '', '', 1, '2019-09-22 09:51:11', 11, '2019-09-22 09:51:11', 11),
(4, 35, 'EMP-00510016', 'jaga', '', 'selvam', 10, 'Male', '0000-00-00', '0000-00-00', '', '', '', 'jaga@gmail.com', 'jaga1@gmail.com', '', '0000-00-00', '', '', '', '', '', '0000-00-00', '', '', '0000-00-00', '', '', '', '', '', '', '0000-00-00', '0000-00-00', '', '~cdn/photoStaffs/6.jpg', '', '0000-00-00', '', '', '', 1, '2020-02-24 21:49:49', 11, '2020-02-24 21:49:49', 11);

-- --------------------------------------------------------

--
-- Table structure for table `jr_staffs_attachement`
--

DROP TABLE IF EXISTS `jr_staffs_attachement`;
CREATE TABLE IF NOT EXISTS `jr_staffs_attachement` (
  `attachement_staffs_id` int(11) NOT NULL AUTO_INCREMENT,
  `user_id` int(11) UNSIGNED NOT NULL,
  `staffs_attachement_type_name` varchar(255) NOT NULL,
  `staffs_attachement_file_name` varchar(255) NOT NULL,
  `staffs_attachement_file_size` varchar(255) NOT NULL,
  `staffs_attachement_file_type` varchar(255) NOT NULL,
  `staffs_attachement_show_status` int(11) NOT NULL DEFAULT 1,
  `staffs_attachement_createOn` datetime NOT NULL,
  `staffs_attachement_createBy` int(11) NOT NULL,
  `staffs_attachement_updateOn` datetime NOT NULL,
  `staffs_attachement_updateBy` int(11) NOT NULL,
  PRIMARY KEY (`attachement_staffs_id`),
  KEY `jr_users_ftsk_attachment` (`user_id`)
) ENGINE=InnoDB DEFAULT CHARSET=latin1;

-- --------------------------------------------------------

--
-- Table structure for table `jr_staffs_menu_module`
--

DROP TABLE IF EXISTS `jr_staffs_menu_module`;
CREATE TABLE IF NOT EXISTS `jr_staffs_menu_module` (
  `module_id` int(11) NOT NULL,
  `user_id` int(11) UNSIGNED NOT NULL,
  `page_id` int(11) NOT NULL,
  KEY `user_id` (`user_id`)
) ENGINE=InnoDB DEFAULT CHARSET=latin1;

-- --------------------------------------------------------

--
-- Table structure for table `layer`
--

DROP TABLE IF EXISTS `layer`;
CREATE TABLE IF NOT EXISTS `layer` (
  `layer_id` int(11) NOT NULL AUTO_INCREMENT,
  `name` varchar(50) DEFAULT NULL,
  `created_by` int(11) DEFAULT NULL,
  `created_date` date DEFAULT NULL,
  `updated_by` int(11) DEFAULT NULL,
  `updated_date` date DEFAULT NULL,
  `del_status` int(11) DEFAULT 0,
  PRIMARY KEY (`layer_id`)
) ENGINE=MyISAM AUTO_INCREMENT=3 DEFAULT CHARSET=latin1;

--
-- Dumping data for table `layer`
--

INSERT INTO `layer` (`layer_id`, `name`, `created_by`, `created_date`, `updated_by`, `updated_date`, `del_status`) VALUES
(1, 'Layer Two', 11, '2020-03-05', 11, '2020-03-18', 0),
(2, 'Layer One', 11, '2020-03-05', 11, '2020-03-18', 0);

-- --------------------------------------------------------

--
-- Table structure for table `login_attempts`
--

DROP TABLE IF EXISTS `login_attempts`;
CREATE TABLE IF NOT EXISTS `login_attempts` (
  `id` int(11) UNSIGNED NOT NULL AUTO_INCREMENT,
  `ip_address` varchar(15) NOT NULL,
  `login` varchar(100) NOT NULL,
  `time` int(11) UNSIGNED DEFAULT NULL,
  PRIMARY KEY (`id`)
) ENGINE=InnoDB DEFAULT CHARSET=utf8;

-- --------------------------------------------------------

--
-- Table structure for table `settings`
--

DROP TABLE IF EXISTS `settings`;
CREATE TABLE IF NOT EXISTS `settings` (
  `pre_id` int(11) NOT NULL AUTO_INCREMENT,
  `key` varchar(255) NOT NULL,
  `value` text NOT NULL,
  PRIMARY KEY (`pre_id`)
) ENGINE=InnoDB AUTO_INCREMENT=17 DEFAULT CHARSET=latin1;

--
-- Dumping data for table `settings`
--

INSERT INTO `settings` (`pre_id`, `key`, `value`) VALUES
(1, 'aathigamana_kadai', '2'),
(2, 'is_pizza_store', '2'),
(3, 'invoice_no', '2001'),
(4, 'copyright', 'Contents subject to copyright'),
(5, 'phone', '+04181/999 38 33'),
(6, 'mail', 'frank@mahlich.de'),
(7, 'facebook', ''),
(8, 'twitter', ''),
(9, 'googleplus', ''),
(10, 'instagram', ''),
(11, 'address', 'Frank Mahlich\nBahnhofstr. 37 f'),
(12, 'phone_num_option', '+49 1575 8070365'),
(13, 'number_of_category_list', '5'),
(14, 'selfpickup', '15'),
(15, 'selfpickup_offer_description', 'Angebot'),
(16, 'happy_howers_offer', 'Happy Hour');

-- --------------------------------------------------------

--
-- Table structure for table `users`
--

DROP TABLE IF EXISTS `users`;
CREATE TABLE IF NOT EXISTS `users` (
  `id` int(11) UNSIGNED NOT NULL AUTO_INCREMENT,
  `ip_address` varchar(45) NOT NULL,
  `username` varchar(100) DEFAULT NULL,
  `password` varchar(255) NOT NULL,
  `salt` varchar(255) DEFAULT NULL,
  `email` varchar(100) NOT NULL,
  `activation_code` varchar(40) DEFAULT NULL,
  `forgotten_password_code` varchar(40) DEFAULT NULL,
  `forgotten_password_time` int(11) UNSIGNED DEFAULT NULL,
  `remember_code` varchar(40) DEFAULT NULL,
  `created_on` int(11) UNSIGNED NOT NULL,
  `last_login` int(11) UNSIGNED DEFAULT NULL,
  `active` tinyint(1) UNSIGNED DEFAULT NULL,
  `first_name` varchar(50) DEFAULT NULL,
  `last_name` varchar(50) DEFAULT NULL,
  `company` varchar(100) DEFAULT NULL,
  `phone` varchar(20) DEFAULT NULL,
  `user_photo` varchar(255) NOT NULL,
  `st_storeID` int(11) NOT NULL,
  PRIMARY KEY (`id`)
) ENGINE=InnoDB AUTO_INCREMENT=36 DEFAULT CHARSET=utf8;

--
-- Dumping data for table `users`
--

INSERT INTO `users` (`id`, `ip_address`, `username`, `password`, `salt`, `email`, `activation_code`, `forgotten_password_code`, `forgotten_password_time`, `remember_code`, `created_on`, `last_login`, `active`, `first_name`, `last_name`, `company`, `phone`, `user_photo`, `st_storeID`) VALUES
(1, '127.0.0.1', 'administrator', '$2y$08$dfgsVS6Cr9Od4LkAFrGhGuoHRMK44FKTUgF9JkUyTtoRI1gwrWSnK', '', 'admin@admin.com', '', NULL, NULL, NULL, 1268889823, 1487331971, 1, 'Administrator', '', 'ADMIN', '0', '', 0),
(3, '49.207.185.56', NULL, '$2y$08$RZqbX6KKVePNmiadPt4bI.pRT/L3XKR97uLmJM6pmRzt.DeXkjzY6', NULL, 'alphasmytest@gmail.com', NULL, 'HaHp7PPZHIkmmk4VgA.iHuaf9d206d00a890e41e', 1470727490, NULL, 1470727347, NULL, 1, 'Testing', 'Alpha', NULL, '9047713412', '', 1),
(4, '49.207.185.56', 'info@icgc.de', '$2y$08$Ip2nBN2iXPZRfUCqGIIqe.iZuLpFGnGIM2fFAw9uWeyN3IaDzYSS2', NULL, 'info@icgc.de', NULL, NULL, NULL, '2F9t5vvGc9AO3.CKnw8RlO', 1470746884, 1493704780, 1, 'Pizza Hot', NULL, 'Asia wok', '041819993338', '', 2),
(10, '49.207.181.87', NULL, '$2y$08$D4DTaU45Ycorl5daACDkv.r4VSb6y.HIccnUwl7ZbkDzsASAIUKhu', NULL, 'ganesh@alphasoftz.com', NULL, NULL, NULL, NULL, 1487331880, 1568568954, 1, 'Raja', 'lll', NULL, '', '', 0),
(11, '::1', 'jrads@info.com', '$2y$08$mSxjr21nYdU.41X6ciOs3OhC2yb.WT6E00p9i4unIYGyyX./kin8u', NULL, 'jrads@info.com', NULL, NULL, NULL, NULL, 1546234406, 1584845937, 1, 'Demo11111', 'user22', NULL, '0442252222', '~cdn/photoStaffs/userimg.jpg', 0),
(12, '::1', 'admin', '$2y$08$Yc6Q76Iou14Nmgbyf7y.Wec8ggh1ONh0bKxenXC/usuhcDS198ShW', NULL, 'pizza@info.com', NULL, NULL, NULL, NULL, 1546235613, 1551112345, 1, 'jaga', 'selvam', NULL, '55522555', '', 0),
(32, '::1', 'demouser@gmail.com', '$2y$08$dfgsVS6Cr9Od4LkAFrGhGuoHRMK44FKTUgF9JkUyTtoRI1gwrWSnK', NULL, 'demouser@gmail.com', NULL, NULL, NULL, NULL, 1569126071, 1570349579, 1, 'Demo', 'user2', NULL, '0442252222', '~cdn/photoStaffs/profile-menu-image6.png', 0),
(33, '::1', 'demouser2@gmail.com', '$2y$08$dfgsVS6Cr9Od4LkAFrGhGuoHRMK44FKTUgF9JkUyTtoRI1gwrWSnK', NULL, 'demouser2@gmail.com', NULL, NULL, NULL, NULL, 1569128729, 1570351187, 1, 'demo2', 'use2', NULL, '65646646', '~cdn/photoStaffs/3.jpg', 0),
(34, '::1', 'test212@gmail.com', '$2y$08$ApYsyy8tGOZSLiVBLr.TO.WO5yZCfCnoeDKFLzbGIBLrL51qxE0Fe', NULL, 'test212@gmail.com', NULL, NULL, NULL, NULL, 1577262218, NULL, 1, 'test', 'jjee', NULL, '', '', 0),
(35, '::1', 'jaga@gmail.com', '$2y$08$0dA2AFGaSR3OrRShuJGrBepCoQ2QLEITGyhZ0X1B/BQ3Ed.LetpzS', NULL, 'jaga@gmail.com', NULL, NULL, NULL, NULL, 1582561189, NULL, 1, 'jaga', 'selvam', NULL, '', '~cdn/photoStaffs/6.jpg', 0);

-- --------------------------------------------------------

--
-- Table structure for table `users_groups`
--

DROP TABLE IF EXISTS `users_groups`;
CREATE TABLE IF NOT EXISTS `users_groups` (
  `id` int(11) UNSIGNED NOT NULL AUTO_INCREMENT,
  `user_id` int(11) UNSIGNED NOT NULL,
  `group_id` mediumint(8) UNSIGNED NOT NULL,
  PRIMARY KEY (`id`),
  UNIQUE KEY `uc_users_groups` (`user_id`,`group_id`),
  KEY `fk_users_groups_users1_idx` (`user_id`),
  KEY `fk_users_groups_groups1_idx` (`group_id`)
) ENGINE=InnoDB AUTO_INCREMENT=94 DEFAULT CHARSET=utf8;

--
-- Dumping data for table `users_groups`
--

INSERT INTO `users_groups` (`id`, `user_id`, `group_id`) VALUES
(1, 1, 1),
(85, 11, 5),
(83, 32, 5),
(91, 33, 5),
(87, 34, 5),
(93, 35, 6);

-- --------------------------------------------------------

--
-- Table structure for table `user_admin_group`
--

DROP TABLE IF EXISTS `user_admin_group`;
CREATE TABLE IF NOT EXISTS `user_admin_group` (
  `admin_group_id` int(11) NOT NULL AUTO_INCREMENT,
  `user_id` int(11) NOT NULL,
  `group_id` int(11) NOT NULL,
  PRIMARY KEY (`admin_group_id`)
) ENGINE=InnoDB AUTO_INCREMENT=103 DEFAULT CHARSET=latin1;

--
-- Dumping data for table `user_admin_group`
--

INSERT INTO `user_admin_group` (`admin_group_id`, `user_id`, `group_id`) VALUES
(20, 5, 2),
(21, 31, 2),
(22, 31, 3),
(92, 32, 2),
(93, 32, 3),
(94, 32, 5),
(96, 11, 5),
(97, 34, 5),
(101, 33, 5),
(102, 35, 6);

-- --------------------------------------------------------

--
-- Table structure for table `user_group_module`
--

DROP TABLE IF EXISTS `user_group_module`;
CREATE TABLE IF NOT EXISTS `user_group_module` (
  `group_module_id` int(11) NOT NULL AUTO_INCREMENT,
  `group_id` int(11) NOT NULL,
  `module_id` int(11) NOT NULL,
  PRIMARY KEY (`group_module_id`)
) ENGINE=InnoDB AUTO_INCREMENT=1966 DEFAULT CHARSET=latin1;

--
-- Dumping data for table `user_group_module`
--

INSERT INTO `user_group_module` (`group_module_id`, `group_id`, `module_id`) VALUES
(21, 3, 32),
(172, 2, 34),
(173, 2, 35),
(174, 2, 29),
(175, 2, 107),
(176, 2, 53),
(177, 2, 54),
(178, 2, 55),
(179, 2, 56),
(180, 2, 32),
(181, 2, 31),
(182, 2, 33),
(183, 2, 37),
(184, 2, 38),
(185, 2, 39),
(186, 2, 40),
(187, 2, 41),
(188, 2, 42),
(189, 2, 85),
(190, 2, 86),
(191, 2, 87),
(192, 2, 88),
(193, 2, 89),
(194, 2, 90),
(195, 2, 91),
(197, 2, 93),
(198, 2, 43),
(199, 2, 44),
(200, 2, 45),
(201, 2, 46),
(202, 2, 47),
(203, 2, 48),
(204, 2, 49),
(205, 2, 50),
(292, 3, 32),
(293, 3, 31),
(294, 3, 32),
(295, 3, 31),
(297, 3, 32),
(298, 3, 31),
(299, 3, 33),
(300, 3, 32),
(301, 3, 31),
(302, 3, 33),
(303, 2, 34),
(304, 2, 107),
(305, 2, 108),
(306, 2, 35),
(307, 2, 29),
(308, 2, 53),
(309, 2, 54),
(310, 2, 55),
(311, 2, 56),
(312, 2, 32),
(313, 2, 31),
(314, 2, 33),
(315, 2, 37),
(316, 2, 38),
(317, 2, 39),
(318, 2, 40),
(319, 2, 41),
(320, 2, 42),
(321, 2, 85),
(322, 2, 86),
(323, 2, 87),
(324, 2, 88),
(325, 2, 89),
(326, 2, 90),
(327, 2, 91),
(328, 2, 93),
(329, 2, 43),
(330, 2, 44),
(331, 2, 45),
(332, 2, 46),
(333, 2, 47),
(334, 2, 48),
(335, 2, 49),
(336, 2, 50),
(337, 3, 34),
(338, 3, 32),
(339, 3, 31),
(340, 3, 33),
(1066, 1, 34),
(1067, 1, 107),
(1068, 1, 108),
(1069, 1, 109),
(1070, 1, 110),
(1071, 1, 35),
(1072, 1, 111),
(1073, 1, 112),
(1074, 1, 113),
(1075, 1, 114),
(1076, 1, 29),
(1077, 1, 30),
(1078, 1, 52),
(1079, 1, 53),
(1080, 1, 54),
(1081, 1, 55),
(1082, 1, 56),
(1083, 1, 115),
(1084, 1, 116),
(1085, 1, 119),
(1086, 1, 120),
(1087, 1, 121),
(1088, 1, 122),
(1089, 1, 117),
(1090, 1, 127),
(1091, 1, 128),
(1092, 1, 129),
(1093, 1, 130),
(1094, 1, 118),
(1095, 1, 126),
(1096, 1, 125),
(1097, 1, 124),
(1098, 1, 123),
(1099, 1, 131),
(1100, 1, 135),
(1101, 1, 134),
(1102, 1, 133),
(1103, 1, 132),
(1104, 1, 136),
(1105, 1, 137),
(1106, 1, 138),
(1107, 1, 139),
(1108, 1, 140),
(1109, 1, 151),
(1110, 1, 152),
(1111, 1, 42),
(1112, 1, 85),
(1113, 1, 86),
(1114, 1, 87),
(1115, 1, 88),
(1827, 6, 35),
(1828, 6, 178),
(1829, 6, 179),
(1898, 5, 34),
(1899, 5, 107),
(1900, 5, 108),
(1901, 5, 109),
(1902, 5, 110),
(1903, 5, 35),
(1904, 5, 111),
(1905, 5, 112),
(1906, 5, 113),
(1907, 5, 114),
(1908, 5, 183),
(1909, 5, 184),
(1910, 5, 185),
(1911, 5, 186),
(1912, 5, 187),
(1913, 5, 29),
(1914, 5, 30),
(1915, 5, 52),
(1916, 5, 53),
(1917, 5, 54),
(1918, 5, 55),
(1919, 5, 56),
(1920, 5, 115),
(1921, 5, 172),
(1922, 5, 173),
(1923, 5, 174),
(1924, 5, 175),
(1925, 5, 176),
(1926, 5, 177),
(1927, 5, 116),
(1928, 5, 119),
(1929, 5, 120),
(1930, 5, 121),
(1931, 5, 122),
(1932, 5, 117),
(1933, 5, 127),
(1934, 5, 128),
(1935, 5, 129),
(1936, 5, 130),
(1937, 5, 118),
(1938, 5, 126),
(1939, 5, 125),
(1940, 5, 124),
(1941, 5, 123),
(1942, 5, 131),
(1943, 5, 135),
(1944, 5, 134),
(1945, 5, 133),
(1946, 5, 132),
(1947, 5, 159),
(1948, 5, 153),
(1949, 5, 155),
(1950, 5, 154),
(1951, 5, 180),
(1952, 5, 181),
(1953, 5, 182),
(1954, 5, 42),
(1955, 5, 85),
(1956, 5, 86),
(1957, 5, 87),
(1958, 5, 88),
(1959, 5, 136),
(1960, 5, 137),
(1961, 5, 138),
(1962, 5, 139),
(1963, 5, 140),
(1964, 5, 151),
(1965, 5, 152);

--
-- Constraints for dumped tables
--

--
-- Constraints for table `hhl_sub_category`
--
ALTER TABLE `hhl_sub_category`
  ADD CONSTRAINT `sub_subcategory_ftfsk` FOREIGN KEY (`category_id`) REFERENCES `hhl_category` (`category_id`) ON DELETE CASCADE ON UPDATE NO ACTION;

--
-- Constraints for table `jr_customer`
--
ALTER TABLE `jr_customer`
  ADD CONSTRAINT `customer_userid_ftfsk` FOREIGN KEY (`user_id`) REFERENCES `users` (`id`) ON DELETE CASCADE ON UPDATE NO ACTION;

--
-- Constraints for table `jr_staffs`
--
ALTER TABLE `jr_staffs`
  ADD CONSTRAINT `staffs_designation_ftfsk` FOREIGN KEY (`staffs_designation`) REFERENCES `jr_designation` (`designation_id`) ON DELETE CASCADE ON UPDATE NO ACTION,
  ADD CONSTRAINT `staffs_userid_ftfsk` FOREIGN KEY (`user_id`) REFERENCES `users` (`id`) ON DELETE CASCADE ON UPDATE NO ACTION;

--
-- Constraints for table `jr_staffs_attachement`
--
ALTER TABLE `jr_staffs_attachement`
  ADD CONSTRAINT `jr_users_ftsk_attachment` FOREIGN KEY (`user_id`) REFERENCES `users` (`id`) ON DELETE CASCADE ON UPDATE NO ACTION;

--
-- Constraints for table `jr_staffs_menu_module`
--
ALTER TABLE `jr_staffs_menu_module`
  ADD CONSTRAINT `jr_staffs_menu_module_ftfsk` FOREIGN KEY (`user_id`) REFERENCES `users` (`id`) ON DELETE CASCADE ON UPDATE NO ACTION;
COMMIT;

/*!40101 SET CHARACTER_SET_CLIENT=@OLD_CHARACTER_SET_CLIENT */;
/*!40101 SET CHARACTER_SET_RESULTS=@OLD_CHARACTER_SET_RESULTS */;
/*!40101 SET COLLATION_CONNECTION=@OLD_COLLATION_CONNECTION */;
